carID,price
89856,8558
106581,24708
80886,13147
100174,17229
81376,23185
85391,10418
82175,14474
95250,15112
85071,4831
96210,16958
80317,27325
92731,20528
107704,9473
98302,7224
107055,23186
94621,41987
91709,19231
98193,46262
76189,17672
86871,14675
102917,6794
90923,26916
101603,10931
94196,20975
85174,15806
103370,12377
107877,16470
79567,14446
90091,9188
76169,13789
98708,10958
107347,21806
89583,9357
101591,11569
92160,15534
99676,11880
85354,17674
81900,11803
80345,21876
78509,32470
100872,9560
95087,27950
86027,16289
89135,13775
80557,25995
108092,20792
102672,17046
83022,8019
78398,20232
95889,27962
81117,46740
93730,18841
101380,9208
81772,26998
85304,10837
86107,5778
88696,15726
104350,20175
87331,12510
85206,16272
107445,24100
106539,28389
98712,23743
96875,13290
108464,22350
99890,7756
87771,17044
79442,20749
84170,11136
103045,14916
101544,3942
77350,10361
89225,14524
79565,55014
82849,10583
94360,21451
103040,6432
105101,47271
97077,11777
98674,13028
93447,29311
84951,20201
91953,10679
102101,8268
92604,30609
89010,9473
102729,9463
88024,11004
104367,11782
101230,11264
82524,19933
95279,48031
106098,12502
89749,8701
101277,6589
108016,27473
81259,25299
97434,20554
105289,26136
103379,9813
78317,31459
104166,21333
106660,31635
107490,11928
90684,13486
90032,6793
79481,19429
102524,9352
100778,17028
77810,14631
98979,13557
76558,18903
94550,23650
107246,6182
77429,25604
106105,12419
105213,9504
102747,9884
104958,15726
96036,17263
92310,23238
100837,6287
82858,11244
90119,10590
77304,21115
89011,11291
84623,16701
99665,22511
100592,10035
82623,10327
92035,18955
84305,10448
92903,6981
93398,19766
108067,18001
85062,8342
81727,37510
95637,10665
89690,8087
83240,17548
89711,8316
96945,10167
104924,22255
79633,19914
89582,4782
98080,7403
85992,6828
86712,12876
105767,13045
100590,8973
104574,15926
97246,13053
78141,19186
91590,28715
80767,13787
100344,14646
88987,20327
96479,21169
90598,8930
83880,8187
86802,15191
103078,15585
84736,9576
84196,3442
102062,10058
90110,6224
102907,10914
81776,24818
102431,6365
80442,14126
78656,28799
78537,35440
102511,7728
93612,19482
99284,8002
96315,15279
94305,48867
100636,11045
81816,14067
100352,15749
101476,10662
93392,32111
93995,22183
94261,31087
89117,14800
86506,2559
88456,7534
84134,10805
81088,11475
103960,11127
84925,12968
97306,10023
83752,7799
100696,3719
76472,11210
101128,13333
105932,14174
86416,7067
79616,27763
83395,14493
88734,11586
106676,17732
102442,10291
88761,17735
79708,28106
96808,18637
103755,9543
86273,18090
97635,26367
80797,25158
108000,18649
95126,40806
105187,31314
81613,20670
103906,6628
105729,7946
100637,16661
82861,7742
107823,14883
85274,14178
88926,14922
87871,10673
97970,6769
98044,8012
90277,6635
85647,12574
107447,17974
79418,7767
80383,27421
79894,16691
105875,6977
86032,11644
104423,15987
78437,14075
79480,17730
89973,6374
94007,27968
93952,15607
84548,3157
97885,11593
86571,10153
77839,37318
102201,5640
98731,7955
82395,18543
76816,32392
97956,8176
86012,13153
106393,21436
81832,26865
82787,19428
103974,6510
100725,11165
86552,7079
80174,13585
99189,15505
102543,13408
98518,14026
100334,9150
92673,19066
88008,11862
105207,24952
106462,22855
106106,15736
79705,17737
108193,18092
89668,8224
86435,11564
101281,11319
104753,27471
79004,16853
89732,2972
89201,12686
87282,13161
101589,9452
87352,11622
103388,9580
93619,16996
101941,6575
106533,13501
90018,24713
101265,16126
104255,23041
80093,26975
82433,7715
77254,22579
106400,31115
79847,10311
95735,27884
106733,19953
76318,20785
95966,17001
101690,9649
82845,15991
96266,22561
104175,28954
97347,13766
92730,48867
84738,8982
102596,6110
78356,31167
94062,31019
101662,7007
81715,28711
103046,12162
108133,6806
96302,13185
83859,21682
104815,17232
95903,26940
79683,10169
88888,19541
80529,23796
81898,75553
83435,10152
80448,13268
79241,31637
76056,20616
76342,16707
98238,9536
85878,7988
102846,10140
90215,3409
79635,59752
77561,17742
101151,13173
93594,26743
78703,37155
87596,7668
92572,19589
90757,8140
95881,19761
98008,13115
84805,8936
100888,10148
82504,15935
82177,14937
89472,32722
82301,17092
106483,8787
79808,12900
83412,17061
89386,17401
89889,20663
108249,17497
98252,8859
83525,9688
102595,9854
94255,11403
91259,26043
99539,7153
97379,24140
104452,25162
88479,11148
95424,25672
94732,46959
89025,10311
89497,41129
92405,15088
95346,15631
91337,17746
97739,14887
81087,12771
80661,10198
105537,12539
81073,27535
102770,9813
99299,9719
77528,18467
95278,31294
106536,17299
79421,14372
105026,23771
97887,11485
106163,18711
103242,11001
103098,8084
76195,15690
103418,12436
102091,12303
102341,7323
100315,20509
100377,7569
78857,21622
93748,30369
107891,9500
77063,27424
86916,8853
108347,9988
94475,18513
100383,12062
80618,34249
98926,10050
77228,15415
106915,15216
92594,11400
80745,34424
78361,10576
95725,26237
105171,8091
87007,9737
104121,16003
92877,16364
108335,43976
101357,13546
89325,10022
103144,8003
101413,6178
85182,11229
84097,17694
101970,5561
98315,5072
89048,10855
106141,8889
87105,16710
88472,13331
93361,14334
87040,7889
99831,11559
95677,12811
89770,6501
77371,26766
107143,18213
100271,11767
83905,11254
101531,13982
90617,8059
83895,18706
89453,14019
106012,20566
76381,18703
106986,15978
84143,12602
91665,43695
81350,13466
80422,13402
84794,6148
81156,31397
77082,35141
97356,9298
82730,17174
99244,9835
85538,16066
101585,11264
90288,9527
98799,3027
93547,21064
85142,9701
82012,32397
89654,15885
102304,13487
79288,42915
77400,11386
98597,6125
103156,8310
95446,25003
97036,9084
101401,8415
80817,10055
84078,6613
95390,26507
79883,23071
104059,12475
103041,11348
81651,13162
100432,10797
84933,13988
81600,19554
78379,8228
90816,7676
107414,9380
105633,19850
99508,7298
100874,8133
104208,17726
84774,12336
96518,12896
91543,20083
107146,21105
94426,15800
99059,9092
96640,8129
81277,9337
102409,12157
104800,15688
107498,19080
90942,43020
80202,23515
76794,17009
88973,14094
91958,61061
80562,19557
103486,7787
95237,15502
105569,15767
106560,27131
107977,13615
90076,16441
93050,15930
80609,27519
88557,16339
90894,19093
83669,6818
78849,16835
101275,7535
91858,7028
96243,14503
106227,25373
105300,17123
93065,40627
78002,12185
82500,13522
78204,9373
107851,8570
86217,7297
82662,7403
93324,33196
79680,12779
104920,21647
96735,12280
89992,7650
106961,25567
80078,13798
101429,9728
95551,19216
79937,54167
80680,19284
99448,11971
93909,33022
96888,9738
104584,12761
107289,21659
84126,15848
101282,11133
92474,23195
88871,15743
107177,15902
106026,14695
96937,11605
83543,6645
81094,18597
77503,21721
85351,6092
96000,15790
87374,15648
86394,19241
108364,12668
91441,29817
97039,19707
106685,11631
95631,15700
101883,8428
78238,11239
97508,9215
98441,12298
80066,21489
79095,37514
80007,13280
100219,8643
82511,9843
89270,15730
88713,9641
100353,10774
102841,4478
90117,13678
81549,49363
82350,25373
76546,35548
81013,18890
91240,16258
91542,20737
104518,13155
93537,58363
94372,25317
104419,20214
97636,13905
96288,24316
78717,9942
105610,20816
97754,16904
81458,12193
86931,18451
90713,21676
90909,30719
77251,40260
95081,10267
95560,14595
93288,17390
105036,13220
108490,10089
96935,21764
89373,13690
98010,8635
104699,20628
86692,7917
85024,7754
79086,32294
89939,12804
79098,19167
86141,17995
105462,30076
92870,32356
92163,23210
87481,16206
83276,9825
79356,24513
103602,11632
88460,10274
100934,8083
96659,6316
83204,9274
104621,19669
84110,12212
99265,12320
79574,13814
78186,11073
87005,13478
104043,14707
81574,31843
104091,10751
77759,23874
78181,10897
96169,9841
98267,19540
97837,12574
80133,16735
98571,9948
88628,20419
78622,14736
88678,11003
87278,15793
86963,9536
100350,6951
78771,18788
95935,17919
107590,12835
84458,13839
85656,9157
81611,3897
92638,21994
87478,7900
98407,4327
95581,9632
100645,12012
97184,6652
84473,14646
88951,6841
100836,10357
91338,57912
94112,16553
89882,17466
97097,7708
99151,10169
99607,8905
78931,18187
97805,6582
97477,13117
87819,18742
76361,19029
99201,30505
103410,12332
108436,14744
105558,19269
88025,7798
101944,8124
80786,18727
84001,15314
78304,22435
100501,14820
99693,7473
94557,18506
82152,26020
92039,35136
83177,15227
90726,7848
82879,13663
87378,16652
91699,15084
85500,18396
97050,9616
88754,6185
79069,35054
89329,17572
102605,10435
93090,17057
108403,16002
91391,18604
80964,20699
89444,24931
84092,12400
100617,10587
107962,19888
106640,7183
95123,12624
99114,6136
94461,21167
88654,15385
80421,17125
78113,19563
100558,6990
78873,26285
85480,10360
103902,10455
104816,20792
89039,14196
95169,16134
93971,18806
84450,20007
80824,27929
92545,15831
89226,6435
93873,20432
85871,16144
86343,10328
93634,37844
106942,8910
82535,11115
92259,17501
88794,13394
77385,35390
76996,6811
102708,8402
81359,14561
90486,3425
100200,8137
87970,14299
107512,10375
79078,26710
108477,14232
80312,33449
82208,7993
100695,12716
99506,9528
85773,15492
101887,13351
90129,10932
84730,9345
107601,22923
89592,6305
84844,13290
96938,15987
84981,16424
100698,12911
103306,15455
107175,24585
95411,31462
101169,13853
99407,18600
78248,16103
79031,19180
91040,19091
76464,12093
102813,7974
86811,20914
81191,28941
78202,33290
82471,12506
103920,6903
79904,25028
95670,30220
89931,9811
92605,41836
85695,19373
98750,9734
101284,9972
91932,17662
98623,10341
82499,11083
93193,27547
106110,17872
78500,27438
89447,16097
103373,18216
87872,9526
99425,15065
96552,5886
105787,12150
82567,12479
102894,7447
77641,13618
100827,12186
97712,15919
95197,32451
102993,11768
94855,33176
81534,16206
95133,14224
107468,5484
86402,12911
102666,11815
92984,24726
93891,10113
94312,15955
91959,40264
91802,27053
108175,15596
78293,30717
104991,9177
104302,9821
79807,15025
87167,13674
78620,22274
81174,26188
83125,8825
103123,10447
94065,19718
78480,16303
98280,8732
83415,7948
92297,125622
100221,11377
78829,15135
93418,20583
83424,10989
101749,6415
103456,9275
88503,10552
84931,15017
107552,21472
108037,11382
94539,24292
83697,8785
87455,17955
103044,7872
104852,21673
93437,40316
92885,15239
80922,18075
102886,8283
104586,16964
81164,13132
106074,16572
87617,17521
84513,14385
96743,12953
81209,19712
95463,12238
95457,18838
101606,12289
97485,29619
91916,24355
91629,43112
84215,12854
108190,9881
88314,19919
104526,17195
82467,10784
91827,31318
77885,60530
83459,8257
98375,19579
101233,10988
97186,9849
95520,18689
95216,40633
100878,5136
80031,29692
106134,25427
103526,6578
104018,44933
83920,9987
88245,9722
86248,8192
86315,15668
108157,32497
102814,9034
84371,11757
95270,14765
107670,19385
78745,14098
88772,11113
82335,17493
100049,9384
84953,6736
98948,18191
95952,35650
93638,23465
91164,32356
87627,19640
89209,14633
94140,21636
86567,9500
81451,22563
94658,25741
103969,9087
90158,14823
107712,14006
102518,11324
91367,30304
78764,16949
87411,14220
80790,27128
97848,15341
97985,6226
99323,6905
96854,12186
103917,6555
86223,7700
101812,8869
102098,10127
93414,11559
86794,10002
81508,29255
105781,16555
103758,8826
100877,13479
83075,16431
100303,13094
85269,15799
95693,18445
85891,18385
85991,9673
89378,10907
79718,11144
96415,13804
87510,10684
95579,15562
96453,13353
80182,28342
103363,9617
76430,19510
86302,8052
78876,12368
106740,11429
101855,12000
78987,29491
100155,15625
76069,29082
79889,19515
104035,21287
102533,6921
85374,13549
82210,25019
81145,13173
99738,12807
98201,36333
88630,8406
94084,18686
79771,21714
91057,41231
92492,17002
103600,15845
105315,30520
106151,18896
87426,6507
85249,10428
77379,7316
76190,11609
89820,31003
92650,27138
82906,17321
104766,16399
104673,18739
103734,6403
87652,12927
107399,16086
97222,17897
100614,9409
95807,31318
88084,13980
97997,14798
83321,14779
83002,15056
103995,9585
102305,7094
97774,22287
87737,11147
102191,15488
78470,23365
81787,21151
90975,39544
76598,20589
88308,10320
105997,11510
97095,21293
100555,9366
106628,21929
84638,6595
106752,23785
88072,15683
86734,10988
105842,23756
102037,19102
96623,11118
80943,12740
107882,10168
96069,9489
86796,19419
83234,14472
85044,11347
76183,30035
102124,9239
105963,11702
108127,12187
76435,58804
89809,24337
98129,11956
95632,24922
77264,21746
102849,5447
106860,15058
90177,8501
104336,12643
91068,20108
85416,9577
92720,18671
105257,10624
94524,15834
87069,15612
79026,16906
100533,10477
107396,7423
77220,11561
76863,11208
89441,8141
86301,18279
82808,17158
106681,13056
100673,11270
87115,9905
84819,10126
99889,12455
100435,5178
91329,15264
105897,11450
94788,20618
96403,18760
105780,24251
81290,20649
91689,16152
93660,47870
84018,15481
79166,20872
99850,12644
89900,15126
76628,26204
99136,11014
89388,13424
86441,16443
100362,7888
99493,10227
108082,13904
94759,22653
91954,25654
90378,16924
86126,20053
92990,17427
80507,17545
105394,20998
80679,11476
94014,18730
78092,27622
92725,9540
104609,5899
89940,20343
84337,15633
80392,18025
90992,42623
88342,9698
83193,8127
83080,27519
87197,16489
106043,8929
81316,13754
105197,42998
86103,11133
107819,34278
94911,17685
76597,32449
96614,8461
102197,6044
104617,7317
101445,9048
94521,59920
107290,18040
93099,24843
82179,39953
96268,26011
83202,15716
101568,7514
89145,7819
82718,6291
84595,17022
86633,13544
91925,29095
100357,8575
93684,17709
106465,44036
84631,14873
97796,10622
82836,11372
81314,55889
96868,19140
94329,20484
85728,6547
78259,16736
107084,19838
96134,8969
81583,28411
104264,16423
86202,11052
102867,7757
83461,12084
77589,15607
94394,16341
87588,9698
98769,12709
76735,21395
105592,12234
95260,17018
82699,7850
95827,27420
89294,9408
90853,14006
86522,9977
80958,29147
94038,30670
88512,8200
80219,10126
86063,3187
87724,7942
88835,13208
105687,17006
83567,11405
106584,21970
98492,6049
94494,19890
89061,6307
103125,12243
103883,12290
80430,11116
95544,30201
105136,57071
105560,8989
108397,26907
82236,45010
89477,14919
98106,6620
85996,5767
103439,13976
90831,7689
100746,13375
81518,11968
98610,9855
100644,14022
105486,13995
79765,15473
107609,10123
85407,13308
81527,25298
80955,36795
79400,21781
101238,9579
87024,18304
88662,9108
107983,24325
93662,27148
81557,26910
94520,16850
97010,14540
77628,30098
89561,14250
104218,15980
99839,8785
87279,10798
93760,19433
89551,7632
82714,16972
98166,19761
83812,10510
102617,6823
76869,17083
103735,17001
94201,20928
107893,17191
78651,12641
85246,12516
81194,24840
81133,33514
95611,31746
93004,15331
81826,39308
100157,13037
103768,15214
93350,16909
76901,21899
88742,11231
102866,10887
76438,28543
86105,9587
107506,25214
108520,8978
106613,10700
94164,43173
100964,10387
92769,12150
82221,10287
98686,25735
79762,18859
84645,19319
107656,21719
97538,16883
99552,24576
102157,10802
80935,11067
100578,10996
94686,24972
93268,43629
91842,23334
95609,34676
91576,21880
93139,44080
101030,7918
80172,48444
106262,16487
101562,9275
102273,2029
87102,5260
78491,18540
90631,7620
94672,20737
77261,55542
80434,15747
86840,8826
95011,25136
90870,11014
97999,10458
77016,44887
96931,17205
85215,9102
105268,16486
99519,6523
104056,17929
91117,54510
107099,23312
80475,12277
76216,33881
93207,25800
105166,9599
107209,18759
100109,9308
87232,13588
102624,11366
81948,9035
93625,43033
90334,9322
79878,13159
105653,18828
108014,12790
105491,22207
87064,14079
106773,16206
93489,13231
89490,21014
100771,13311
100803,11894
92144,15313
88632,10856
78778,17817
99308,9450
77161,15277
97501,9515
100933,10762
77489,30472
84309,10892
108040,7983
97159,17804
95779,14892
89650,14445
80999,6431
91887,22742
79753,27854
84669,15058
76401,13863
90299,20641
80820,11725
80744,36944
96151,16420
101368,10106
106886,23922
90590,14435
102988,12026
96155,10434
98069,22495
99349,22967
105341,7077
97054,12103
80210,23743
105334,15698
88495,18828
101578,17080
103240,7530
84979,10841
88799,9867
83073,8982
107288,10725
102097,10542
99042,9925
87242,11824
77310,23797
87982,17998
95506,13514
106574,16851
80962,48664
102168,6565
102528,6848
99307,12722
89354,12896
96717,9816
99267,19624
84588,9516
88920,8638
101122,13042
100916,9751
90206,13770
100314,10158
91528,39028
82508,8034
77095,48565
105943,10331
92610,24235
76706,16431
101753,8689
97020,12839
103582,9492
89559,15934
91293,10566
76698,32077
105365,25070
102755,12924
82363,19426
94314,20114
92463,20665
107566,12394
99251,13126
108140,32650
99394,9897
107849,20501
85021,10847
98878,12566
80258,7720
85751,15438
77932,14317
92120,13375
84462,15619
104744,14468
78174,11840
76239,29932
99098,20788
78068,20240
80129,15643
92276,24870
84297,24022
99082,13770
103218,11883
100512,7508
100481,7249
77761,15561
90764,7638
103431,9837
96133,18020
80377,25772
93811,10794
99125,12805
92377,21246
84221,12485
87280,13187
91188,22037
83645,11790
105967,7933
89389,10156
78866,19204
82761,16068
95049,16986
80729,8328
76702,28125
93554,14901
98932,24550
91264,23499
86993,12500
102784,9996
79105,21836
102943,13339
77065,24690
104740,14363
95500,17433
95345,13447
103581,11195
86417,18099
87299,10523
101375,13232
97640,33148
99560,7390
105849,22268
95701,27370
89124,11625
78589,18738
86742,10309
84620,11894
91165,27316
88463,8963
87571,8055
104773,17231
83370,10635
105599,11033
104275,21633
87908,17423
92637,7468
101747,18581
99271,7457
77493,30843
100122,6038
96424,12446
103113,4849
107985,26933
103634,9555
93302,28204
93877,14318
98121,8559
91191,15669
99106,20399
83151,16095
87913,5102
105517,13267
99452,22821
95017,24358
98803,11322
95625,29472
76846,18584
101791,11795
79911,17837
98545,10366
106811,10850
78007,37155
97259,15244
96999,8325
101969,6577
107018,32445
76246,28972
77303,11001
103674,7030
100794,14194
84367,18960
101652,15691
95111,19250
96965,8185
76396,14035
80269,18274
87328,6576
85984,16032
80193,27672
98525,6538
77460,31604
85424,18957
77271,20240
104786,27829
103727,9667
91819,27343
107028,20876
94966,20461
78126,16258
86200,17418
100317,6696
88403,18496
102036,6487
78858,25363
85122,11688
107516,19428
103432,8876
97354,7996
100218,12881
92759,14845
107648,39037
97107,21146
90871,6486
78611,37480
107537,11850
84840,11270
79802,20374
96763,5158
93033,19348
76969,33378
106154,9987
105965,10041
83644,25792
83889,10657
88026,10170
81652,27522
77312,15790
102749,10277
84444,15460
81496,14337
107471,12427
84265,3266
92346,42599
87248,8604
94931,14426
93712,24797
80162,24437
79351,24638
85734,2256
106372,12799
96106,8705
96702,20720
76823,10587
102214,6131
81128,15051
88320,13223
83531,5717
104506,20936
84074,6454
104709,24825
85626,11137
98427,9293
78699,31990
94756,23741
101283,7940
82397,22528
77954,24206
81630,24022
87025,14800
81189,16578
107048,30024
99510,7128
85462,21637
99442,7225
85541,2561
81635,36532
83983,12155
96161,9337
90359,12896
86597,8685
77633,12398
80552,29854
87749,20311
88246,11120
100434,10339
102049,13046
84649,9877
80783,18149
102021,7843
107760,14308
98095,6443
103474,8842
101486,14772
78334,40684
97026,12425
87049,13665
94207,23782
90080,6054
82025,17299
94478,24660
90501,7427
86699,10104
91557,29516
105343,10348
80034,28244
84220,13475
79498,23615
96294,27217
107974,8421
80316,13783
99928,7406
91851,10703
87827,9296
98130,14379
96139,18414
93176,31275
90903,31947
77200,20868
95858,19818
77764,12679
93978,36793
78852,12533
82121,16168
91653,28447
88882,10715
107327,6715
86583,10311
90101,14257
90893,18424
93813,31501
79215,15987
96480,10606
78841,34712
101519,17888
77704,26696
95308,21068
106617,7423
92279,23322
77974,22005
96897,9242
84841,8399
80966,12803
81646,28541
83773,10231
80357,31330
93576,13370
76332,30168
100522,12083
95723,11889
97599,8941
83267,14786
107086,13623
80173,29819
90902,50390
85442,20467
82924,4253
106669,22420
77358,22901
86661,18729
101073,13092
83897,10723
92465,21258
105110,19067
79370,12517
106568,14481
106121,6122
97194,11195
89289,18893
77301,23326
89051,22510
90207,11970
95193,19363
98653,6797
98934,15728
102897,10188
90845,10089
101868,7772
95210,20631
106341,11881
101091,9714
98060,11357
90026,6850
88157,10816
97383,13678
87451,10240
103381,9534
93512,14016
77414,59652
79553,13248
96377,8471
105001,6889
106183,26116
95745,25220
107011,9135
78953,21248
85187,9186
87941,10763
77483,19573
101372,9037
83730,9278
106166,21172
83753,10646
106514,28313
101583,7630
105137,2535
105295,27308
77657,43134
88515,7463
93729,21329
88280,12576
102832,10281
97873,12665
101671,7856
85210,12825
80735,26999
87811,17789
97684,11279
99915,11537
97502,9455
93678,34199
78821,16497
93898,16150
100832,13960
104921,14843
83890,17401
85696,5425
89485,11992
87460,11085
81080,50039
87235,7711
87587,8276
96329,27836
108174,9576
106700,12419
98539,18219
105234,22611
104708,11505
79081,31784
90270,19244
106057,4241
80928,31401
94218,36498
107429,11107
107776,14419
105303,8013
107166,31737
94379,25309
94832,3863
83043,11705
84114,11617
84283,12558
107679,7268
89280,11162
89840,8960
89927,9608
92218,19249
97100,7815
79443,10394
96551,8886
101305,11847
102576,8999
84060,18011
92280,26012
105210,12267
104496,19372
104267,13159
91491,31127
78595,20240
100913,6281
103028,11717
77788,25001
89629,7725
93781,24581
76551,47969
84917,12110
106009,13681
96109,8486
78933,20016
80386,42647
105590,19317
87670,13902
84443,22506
95776,53411
96400,15410
90834,22076
88360,13670
106848,25817
91981,28226
89126,9685
104879,20519
90449,15517
90667,22864
78986,11077
84945,14767
104356,10996
105159,20184
87755,3048
80978,27172
87272,20048
77291,29255
84904,11027
99446,17899
78688,29729
86155,13696
79551,27965
78281,9026
94551,44881
103232,9598
104767,10742
88566,7699
77896,29040
96885,17369
95778,21169
86874,10182
91080,23546
107737,15004
104851,25286
85070,23800
87362,10768
92302,13463
93294,19159
83422,17943
84862,10323
84415,11286
78737,20859
84686,6442
95112,26460
86518,13108
84839,11706
81172,26982
89932,19989
87300,9819
105568,19109
76252,14397
80951,31374
83509,14332
108493,28688
89976,8236
102525,8244
88102,7621
89605,14726
92381,12210
81987,36326
91951,25670
108167,16658
89798,7653
97312,13145
106458,11001
80611,46371
83390,9119
84346,17690
88061,11766
91266,15618
99611,7636
106366,19135
91936,32440
82520,11298
84865,8948
80141,22202
91890,16662
76251,18498
84247,7614
91298,33143
88015,8678
92776,26537
76709,9370
105728,16021
103796,12626
81171,19216
88413,9948
102155,5324
81200,16954
95674,15338
96157,12620
79020,22401
103587,6200
104190,29586
80486,19071
91177,14335
76909,29797
97278,9124
77170,22288
78840,12695
107987,14852
104444,14795
98408,3816
90629,16981
85268,9024
98419,9782
90747,12932
105907,15090
88335,10538
104161,25784
101427,12720
87176,18670
94012,28604
106937,19134
106573,40088
96877,9785
102568,8283
93510,21069
78820,31954
76763,22256
106884,7042
81041,13822
93827,19652
100321,8081
81450,9740
95107,15368
93670,23781
103551,11994
106715,17243
100863,10932
79259,11006
105336,28901
88906,23843
93039,28111
85639,16581
98378,7888
93639,12666
83518,10858
79592,14232
95678,18888
87400,9673
98813,12038
79157,8256
76223,18710
95406,18820
83724,6385
89739,15832
94933,25409
82605,11012
91566,16304
76873,15354
96884,15410
85901,10818
106449,22410
90672,9712
78513,23377
86464,10762
82921,8946
93886,29118
76303,12736
98243,17378
103497,10864
87786,14858
87780,12942
99339,7278
95351,25036
106965,12300
87540,11677
99854,10676
102357,2406
90737,6454
85392,14133
96882,7427
88268,14691
106075,23410
88674,16166
77623,14301
80394,15494
94942,25482
101237,14900
86351,15201
87055,8798
94851,25205
79816,14449
97214,14378
88900,8046
97464,11256
76403,16249
79786,18876
83858,11432
83658,9369
96456,12400
106217,13444
88111,11285
86581,10732
98218,15785
93801,23866
87206,10582
88569,15390
104348,13666
76478,19361
101509,17042
100915,8550
79676,17920
102673,10012
98151,6494
77583,14744
106602,33164
90134,13046
84228,6305
100131,11744
92807,24743
95025,30656
79779,9168
77216,26892
83476,12138
88942,16016
87565,18019
97055,20925
97212,20404
97321,16187
102240,9631
91253,16891
90284,16002
83582,16193
81255,33973
93903,38653
96241,17425
99117,4173
79874,28852
105193,19430
98186,4586
103313,10694
107714,15605
101081,8397
79663,4578
81108,10971
86643,6452
90931,21767
107518,23784
84511,19500
80689,11567
86547,5861
79670,15196
82281,15642
102274,6408
107948,11953
97149,8865
95980,16415
108047,29838
94763,24585
106148,17576
84164,11577
93448,29685
103837,20516
91861,26235
87914,11083
85944,8892
83795,10720
97374,14428
80569,11638
106331,31320
93177,34020
85257,16392
80094,19172
98473,11764
98021,24224
91714,22208
82569,15801
96451,9541
86310,10772
89702,6984
87577,15593
85221,26717
100454,7121
96748,4630
91472,7313
88350,5682
84386,15093
107993,14059
101496,5646
96805,13441
82084,19049
94643,30301
83871,16194
82327,18768
90332,12742
84949,32560
83111,17913
92067,17594
106714,19765
85531,12016
97311,9946
78102,31275
98348,14833
76715,23083
77091,14677
105854,13120
85983,8063
80823,13406
102612,13040
104209,18308
97643,7840
95340,22487
81183,48682
87928,5716
89448,11469
98522,10153
94213,10681
91583,8111
90280,10601
93287,24070
84510,10025
98179,21079
88162,18223
78449,45085
94548,17418
95056,29062
106725,10068
97968,6831
104923,9888
97276,6886
97080,23566
90691,33889
88033,16746
90160,16571
81661,11640
101260,11089
79520,28630
78213,15854
76187,28847
85752,15832
90729,17239
77637,19754
101847,11137
86787,16766
105758,10382
79389,24451
98312,6562
100222,7730
87873,9387
92965,22448
89168,18947
82368,18628
76505,13022
100946,6065
85815,7572
87705,27743
106931,11097
95571,20076
80308,19813
91824,21485
106743,25881
101866,16170
95817,32618
108505,14951
88722,12979
104371,20236
93879,10437
96038,16580
104690,12286
93199,23706
85967,12868
88714,7768
99467,7352
85701,9097
103450,10279
96943,10346
88526,11777
79326,10576
92314,38286
106373,20015
76953,20248
89741,7591
100458,8890
91895,54659
92356,15862
80632,20857
106959,10299
96251,11586
97996,24280
90021,14896
94899,30342
93093,16529
100175,13827
89968,6919
102132,3940
99121,11690
92662,17009
96612,14168
77399,17087
86443,11954
93198,33649
98001,18362
97764,12257
94983,107849
82703,11370
94794,30473
79793,18783
93376,12274
76374,23569
84045,7879
106780,16973
93213,14881
97870,9312
97748,12563
97255,8643
102668,11961
105898,9381
101786,13395
87690,14393
86329,10619
77696,36987
104321,57069
86782,17532
97134,27717
86684,9440
95509,32922
82314,16990
84124,11823
87597,10613
81357,17150
95055,16826
100244,8963
79271,14914
82043,22207
96348,20597
76594,19366
79552,14008
97181,13435
99147,11089
90786,7251
96203,8990
100288,10890
81529,20845
84229,13696
94332,27662
92714,20747
107716,14799
107685,27587
97836,4290
98284,20904
83128,19022
105500,11547
97781,10710
99341,9464
91793,31250
76224,15689
80840,24255
94587,16657
98667,10557
78973,14170
85175,12815
107489,44523
95790,12554
108044,7974
80652,24036
76007,16029
96039,9825
102618,14659
80863,14445
95695,19675
78815,28161
98063,11580
83732,13121
83190,16805
99504,9541
82372,13805
77977,46757
81688,14372
80154,22273
108106,21695
80724,15164
89190,9153
102321,15729
97375,10985
99379,24493
84767,9880
89470,8521
85592,11209
80381,28626
92149,29442
96044,19695
79041,12275
103108,18208
91118,18425
96434,7876
86875,13628
100326,10531
106416,20944
88074,9487
91579,11877
96819,29670
80373,27839
82681,10015
88450,10621
95040,14928
76720,12078
94576,3601
82502,6884
101100,7836
104522,17472
108039,9964
77894,46454
80888,11607
80366,47735
87653,8164
98083,22486
89042,15846
102520,13265
101620,11627
108340,9972
98465,7583
82307,26034
107499,20889
101440,11537
82392,25480
79371,25328
103916,14960
81192,8663
108185,9220
81811,14811
97993,11363
80214,24573
79896,18203
86793,16168
100548,15013
98986,9088
82411,11625
98467,7561
98645,22120
84530,6496
86479,7126
90655,16280
97319,10749
107749,25555
77199,26933
79255,16561
85072,8282
99421,12056
95187,10428
103262,13384
94589,35680
77608,59703
89729,6354
99171,13681
90914,24378
83250,15132
83275,8192
91269,24062
83003,10330
98988,19201
105748,13680
77688,15956
91090,16989
100544,14075
96608,7764
98784,9254
85655,15551
104236,8895
97437,12512
100150,5763
96911,31495
87126,18269
88544,9496
97889,11386
76768,13170
101722,7565
96407,12057
80640,17345
88000,13489
103451,14741
80542,42347
82212,12821
102407,8796
79895,11719
95909,19560
79646,29464
77051,31464
79375,36601
92023,30548
87608,8999
77731,11290
94671,24333
107804,15622
106359,20621
102758,6327
76944,34468
92103,16322
81188,14426
84157,14256
77509,26383
87332,6363
101597,10421
84021,11182
79820,24619
102505,11538
82887,18762
98676,11736
89288,19768
89410,12545
76489,14003
85587,13180
93752,13854
104857,15816
91582,35626
100760,10045
95388,26340
105606,19538
93352,25365
102452,11696
88997,20411
107478,18246
82604,12641
87188,15895
97769,8762
77941,26919
91489,12168
84501,16278
97428,17067
107961,15459
106520,7761
82860,17372
93232,24306
106592,7024
81719,9208
81658,16029
92676,22705
102253,9065
105237,13121
78527,20834
97452,7637
106530,18912
84118,12597
84314,11275
92313,24800
91271,28644
86067,7797
100751,10343
99647,30877
79872,63259
89703,21613
82985,9940
86719,7140
78249,31539
94826,36272
80867,34378
88405,14373
92596,18553
90699,8404
97504,20312
88236,16474
90859,7630
84327,16426
86926,8939
98478,8990
82435,14445
105477,13659
91685,14518
77406,15729
79806,23502
95728,14190
79181,29907
89777,13579
104090,10626
106849,19922
80612,20396
78114,15586
93850,31446
91913,10488
104359,20590
103818,1851
78505,7600
78147,5295
98618,21233
80947,17325
104926,8883
87266,25950
100085,10957
99550,9823
100618,14273
88609,8635
95379,25267
97130,20468
98078,30527
81543,17102
94442,14727
88513,8286
104084,17494
77862,16725
83231,12742
80020,29785
88533,42054
89260,16431
82264,12974
84569,9594
94361,39839
76511,20578
79088,16701
85645,18388
80492,21358
82092,12455
80792,11968
79022,16534
92175,17381
87149,15449
94676,26172
82453,13713
88623,16057
93157,25391
91767,20001
82525,12935
83387,7319
104711,13000
82040,22103
90973,23117
85628,16701
96701,11798
95441,15943
104513,12439
91247,29149
88940,3279
77571,22714
104299,18938
92609,22462
85134,10594
81305,28967
77683,26265
89313,5654
85999,11025
100266,13572
97102,15229
101321,5820
108299,10617
85057,12741
84995,13866
84612,8381
94300,18176
93656,119781
89647,10897
84389,7610
90197,8111
80844,7590
105331,20551
98831,7425
89697,18156
103351,10283
99969,6890
99325,12083
89198,17186
78239,16482
82481,8942
83655,14686
83006,11140
81067,49863
82451,14497
107390,25242
101406,13087
91715,27352
99989,10290
93206,29436
85902,15048
85195,16478
78130,26744
76552,26136
89420,13328
89566,13519
94682,39871
87373,17472
83481,11226
84348,11182
88809,10017
107886,12372
84976,16773
106340,17354
87849,16242
78363,8004
86657,16077
89773,19815
94449,33706
90861,15667
91749,28379
87090,12286
80200,22172
79369,23316
101679,7691
88080,11325
103400,6705
100960,15742
106116,10524
76678,33592
86832,4723
80278,13099
92718,15410
80121,23947
84360,7861
98000,11271
86852,9974
84665,7135
104032,19635
88348,6977
85919,13660
102408,5996
91678,14227
86965,13597
99748,2038
79192,15368
100469,12029
102772,11086
89526,8511
96191,8711
99222,12720
77086,34232
84447,7221
99981,9436
106052,21118
79612,29824
106792,16406
99124,7935
79678,30106
101632,7793
77692,16456
84345,7226
95000,26078
83015,9031
99423,21492
107480,18958
93765,18514
105419,9264
94052,14035
97432,12815
79133,25031
93225,23238
82956,11088
101231,10848
78727,19337
92150,28197
103869,8042
98266,11408
85017,8888
76853,31382
93027,15473
88493,9700
104829,27932
87800,17223
94723,19291
77219,11976
94891,11799
81656,18860
97239,26614
83620,10271
93312,19914
83441,8701
83959,8727
83653,14018
103364,11587
81279,9955
94483,20285
78683,13801
80423,26178
104442,11598
102026,9359
105992,13859
108007,10375
81476,13309
82770,7286
97979,11986
103866,6798
83147,20660
102902,8016
105918,25578
100265,12725
86165,12121
107697,26581
94497,33538
83540,7730
76617,24530
88133,13375
92181,25958
90065,4407
94177,16240
86942,11461
82629,5509
92087,21505
94508,14650
81678,12993
88106,14287
82869,17451
81744,23135
89208,4156
93035,22188
94656,27425
105571,12535
86332,11288
76711,20505
87423,10614
97343,25195
89591,23135
83291,2425
76146,16671
86683,10816
100726,10836
102328,10321
100991,12850
98049,12522
104948,17712
103129,8052
87892,16104
90770,25104
97113,14373
102422,11510
82462,13183
99700,15480
103799,6066
96959,13593
97715,8354
90880,11450
106632,12483
102656,8964
106686,9948
97346,7815
88283,8271
102248,12632
89091,12206
100474,10692
103428,7474
82698,7366
107510,8577
99122,8695
93152,11602
78084,18038
103130,9851
95826,43063
94977,24814
90104,9242
89105,2109
95397,25655
77476,14247
80208,10481
96744,11694
81310,24585
88688,8203
100514,7670
79490,20808
89236,11849
106677,13890
90882,15516
105048,6681
92458,18763
91682,13956
104659,19950
99559,9596
82608,7628
98793,8349
101083,8968
86469,10851
106304,9793
100515,8783
97006,11453
87531,3187
88873,35659
91700,15108
90471,17098
88077,20833
95546,41801
77965,14245
91548,21741
101360,14924
89845,13088
95934,24825
103745,11049
85862,17312
98424,8840
81736,29585
93391,24641
76523,21558
83573,18894
103118,3639
84399,27336
84864,10571
104282,8846
95389,22113
108097,12143
94999,12825
99345,14779
92946,43009
104048,13114
76817,25623
90448,19165
107837,10072
91182,17272
102654,6521
95298,17187
93659,21081
87866,18391
99990,14302
102469,7136
107351,16074
82490,8959
80756,16267
82365,26321
92332,16092
77456,30637
81007,26692
82391,18452
84647,20371
76296,19115
100192,8338
84547,13035
88877,18679
84254,11284
87836,8941
85970,9460
94834,14857
107159,13604
106800,10128
101989,7505
95604,25405
103637,15455
104301,11528
83799,12538
107855,13293
101506,10641
86644,11904
81902,74099
90490,6788
76314,18735
95360,31412
96272,8161
103911,8587
106553,8762
106063,15778
84179,13618
106912,14213
103819,4501
94009,32097
98285,20672
81101,13547
76806,20993
79127,13124
107416,13245
93786,29644
101542,13094
101640,9604
98800,16705
91451,35889
104033,14663
105550,20347
88203,17033
77481,17280
83704,14029
94474,21066
101924,16349
93203,33105
104628,14884
93308,34776
81984,20704
93228,25267
94247,22077
85162,10665
104670,25764
80875,47641
80850,27002
79475,25917
87229,11457
79162,16954
107652,7592
89835,19588
77430,27020
97568,14447
78947,46283
106692,9627
97127,4861
80876,22679
100152,8449
88949,18348
95804,36012
106833,8893
89283,12881
78115,40519
86941,16169
104794,17280
103892,17113
90746,14347
92996,17639
88679,18208
101007,6923
97824,9031
85138,9934
87869,12339
84266,10394
88682,7987
84543,11249
88967,17043
78831,16728
80227,20334
88995,10764
95761,18957
82060,17875
78253,20179
81193,25577
97309,8176
93654,18848
91399,26685
107195,38559
82137,13535
108006,13716
78534,56750
75979,34037
78847,7438
94746,10988
76591,15437
97366,13256
88756,10720
105074,17875
107641,24585
103717,16350
92559,35764
85453,3712
91736,28551
100632,12018
93314,20599
82593,12697
105791,20014
104431,21041
77967,20679
91373,20533
86095,8948
90950,22692
105410,23771
86516,7604
79221,46366
86603,15337
84058,19589
101017,9325
103065,9676
102817,12599
106443,20852
96455,18126
103514,9809
88407,15853
104658,20806
83823,15042
106801,17173
100859,9496
97156,7055
99816,13416
87726,11115
88783,11987
107654,17938
102420,6281
104147,32157
76019,11236
86158,11039
82852,7147
100871,14649
92537,13828
92028,13434
78319,11000
77111,21856
81426,15078
108336,8785
106048,23651
108482,15110
91336,20414
101242,13416
108309,18940
106397,5792
82413,9830
79355,38854
92826,33479
102020,8863
93857,35758
88875,8538
81926,19533
79236,18200
101106,17309
99069,7461
90017,7216
101706,9042
89701,8306
96760,33389
103901,14001
96780,26572
78905,17096
101894,8907
94657,14871
93703,13384
98690,8971
90597,14628
80138,20790
97044,9654
84258,14495
98543,15287
99833,13053
99848,13971
89178,8243
105598,17029
95971,25968
94875,32440
96048,9957
82606,18433
104545,9488
85571,4287
103757,16263
80192,16557
100422,7274
88065,17043
83544,13990
76851,33130
90464,6422
106501,9508
85011,21732
102308,9664
82241,71997
100655,8424
86477,10860
90830,1713
83274,19233
83251,9630
82122,23506
105600,18727
87514,10907
82184,30887
84829,9904
90704,23892
86306,11241
105655,26770
98964,7012
87189,19852
80116,12849
78366,28308
103668,6061
95799,23245
97496,13085
107112,13367
79698,26311
78946,33185
82843,8347
108537,18537
93675,32063
93629,19817
103134,10866
76458,15026
79219,18103
93401,21251
87666,10332
97697,14096
77945,10546
76173,31997
94835,22346
86700,6863
105682,29319
88546,19785
100486,7228
98187,12055
81395,14672
104408,13079
79922,17501
102955,11134
85515,11757
100490,14126
91070,42306
81321,26889
90925,19934
91291,29682
83986,15698
91729,15490
95830,22608
103720,10152
97023,15152
84892,7361
86618,15072
93094,25687
102487,7874
76952,32801
90121,9096
89687,34884
82663,13576
80253,19723
96004,14224
102267,7572
77777,24143
85135,15726
103806,10535
88031,13345
84252,9317
80246,25361
83445,12021
107528,9617
95161,43340
105132,33543
107504,11716
96720,20602
86060,9096
76370,15107
102092,11496
93523,16289
87963,8338
94183,22620
77548,29393
91116,30559
100013,12535
105525,22143
104210,17917
91137,18738
101960,13293
80662,32042
84914,13944
107857,16713
94916,24958
102858,11214
88182,10057
85339,10323
98692,19871
98460,8961
101787,6119
105924,14149
81440,21767
107043,15034
98747,10427
76065,17296
103452,10801
87162,12242
85972,5408
95159,29016
81106,25870
106324,21256
86957,8157
76900,13377
99319,14592
105884,22588
82889,8064
82253,70788
80818,9029
97074,17107
103269,17440
78298,16613
87216,13523
104853,7089
96298,19847
86803,6552
91326,11581
90948,16962
102795,10542
77163,18170
93519,37199
94980,10997
106455,23814
88860,8933
76536,31423
106556,22665
103002,18216
104193,9327
98247,9765
82529,9154
90499,7326
89400,14084
94595,19665
85870,19059
88424,18356
82715,14333
76324,20522
102259,3984
99192,21482
81437,14033
97208,13509
76420,17293
107557,5943
104202,21816
83400,21298
99664,19798
87781,11711
105706,32433
86320,10190
81907,32829
84881,7671
78575,13460
101857,10542
104378,15957
80281,19480
88208,21854
85864,7300
86973,12568
101072,3567
102664,6444
107949,10724
88832,7536
87046,2382
98930,7947
98721,19177
103249,10273
88230,2598
103604,6474
90645,7377
94246,13889
93604,19039
99287,11606
106684,17771
89506,18010
98726,12895
77060,18587
107323,17150
100559,7518
94511,29747
81367,21559
107185,14079
87243,6222
93241,16426
90899,21980
92791,29723
97429,9181
81883,31632
82428,9695
85224,11241
90818,32840
107186,16350
104489,10796
77026,17782
103119,7798
79360,39325
97763,6938
81434,21398
102270,9170
86171,25846
102255,6967
91018,25538
93219,15996
107667,18767
89301,15958
106869,9420
101867,10210
92922,18015
80057,29141
93951,22603
89450,9572
99681,14333
85661,16393
76072,30223
81693,27078
77375,12053
77649,29148
105904,19717
81679,22076
105555,31188
78762,15700
78590,17222
92784,17011
88497,6363
108413,17131
88994,16198
103426,4773
104394,22141
88703,10646
97376,7140
97470,15151
88681,16611
76599,18530
104274,9900
89590,5943
79749,43301
107386,11718
94829,24883
105123,12825
97602,21612
93900,28271
85986,9578
78014,29644
90073,18943
91815,19859
88067,12965
79079,33376
97590,12832
84491,10200
81997,14515
90875,25905
88805,17577
84708,14578
108010,5450
96549,10616
79023,9095
80493,23960
98860,12070
99938,9588
91154,28360
102202,10268
76479,17694
102548,15271
107979,10153
80905,31995
82630,12231
81130,16845
105382,12970
101905,15280
103353,5725
88275,16624
88052,17314
85537,20843
82742,5105
105960,20440
95151,38498
102555,10853
87742,8271
107219,22624
106170,10150
103341,6133
98947,18075
90933,17597
107651,6354
107937,10829
92742,30745
91138,17068
100134,8176
83718,13535
86977,11621
102165,9752
91372,19088
95812,23436
98911,48709
86966,6138
107280,11682
89020,10682
85167,15849
100394,7792
93450,15499
86838,9782
107563,19562
99692,20244
103946,8262
89586,8175
90733,9221
91071,20099
89142,9412
79359,16996
94435,19756
86980,9053
92661,36424
84734,15761
92829,19291
78925,31594
88863,8896
100507,12864
97469,17928
106358,12853
94446,18278
100068,6650
80005,21077
106548,8807
85323,14106
92629,63122
78057,14394
99591,12543
85307,17881
92660,28908
89525,7746
90953,28518
103312,8914
107912,22159
93292,19066
81638,38866
105433,16511
94804,32783
85666,16063
87338,10678
98818,23993
91960,26498
95612,23761
93399,16383
86492,11186
106169,11582
106699,14851
102175,26014
83555,10702
80941,20620
91366,17215
98045,18753
86988,19670
89139,14598
106277,13481
76317,13887
101300,11390
93086,12299
76936,21327
80711,20981
106659,12165
78296,9675
97527,4572
104494,31958
77982,31756
86456,10773
85161,18382
100583,10233
93063,16011
85331,17091
101731,13661
97389,30725
79902,18257
89643,8245
93175,16950
98389,6325
91334,14321
98514,11939
95382,17626
77018,12702
76437,17565
98250,14080
77104,22114
103059,8225
83308,15083
95106,17966
88684,20226
100870,14896
103498,14689
105342,28311
81398,16615
91833,28297
95311,20303
77369,31838
86011,7893
84952,10941
94056,18820
104796,12180
101571,12220
77188,15868
94304,15993
106008,14075
79849,17001
106099,26729
105086,10632
85658,8154
102040,11301
84343,10587
104882,6080
88582,13013
90328,20375
90536,11148
90805,12580
106058,29872
78871,26839
95489,26934
76637,16562
87818,6013
84478,20053
108394,19153
91676,34490
104964,2651
78506,37885
92557,25128
90715,16378
101721,6495
80715,22808
81705,21691
94219,36961
85893,16473
80550,14868
86662,10732
85271,21055
107075,22021
100992,13294
97396,6492
103943,7779
78916,16219
94516,21131
105411,9082
78377,22659
103977,13630
106716,15192
88465,16798
77421,14640
88866,11582
97787,20332
85063,9742
92555,15352
83695,9764
81797,13931
104241,34026
94730,17607
105191,13892
84112,8903
90379,12034
88992,9406
77423,23124
85126,8766
78691,34124
80320,31350
96309,8982
92577,14920
78891,16656
86056,16130
82129,13481
102436,10125
101469,6031
95885,30581
92879,23964
81484,5315
95550,39377
102726,9772
95252,21232
90695,11252
95863,23462
108338,21800
105327,25553
91616,15885
83077,7840
105582,17306
84382,9475
99666,16296
84818,18064
78498,45147
78378,48136
82799,5751
81429,2497
107572,17163
91279,27436
100475,6779
86325,11073
76825,29859
107657,9363
82346,8405
86687,7222
103471,10461
78209,20544
95328,12478
100363,10544
87672,9198
98994,9592
83549,10222
96370,13381
87842,14319
86297,13130
96716,18682
97492,20361
92786,10982
78254,15390
79291,21864
96050,18408
82240,23001
107938,11000
85258,11142
92512,22361
79919,29205
101410,5435
88700,17836
91847,63137
101835,7888
99878,13033
96318,9224
96245,16411
96194,20840
97973,8734
76985,23245
100002,13011
91364,20770
106980,7435
76285,17944
101396,16059
83368,8899
92820,14697
92264,19519
84052,7884
83928,10209
105324,20070
98502,5517
94457,13297
79073,21272
92738,17609
91008,29083
76447,31537
81627,18575
97016,11098
83182,8921
95791,34498
87449,23280
90013,24846
107223,17313
96785,18359
81473,22473
85403,16563
106473,11215
81568,19630
76748,15305
77020,18837
93210,31206
103955,8159
86509,15654
78291,20754
88895,10146
98026,9881
108410,24325
88039,8247
91193,103923
88087,1770
88708,16397
98485,9491
89847,14624
81318,51040
103971,11574
85649,8540
96137,12345
81112,22177
87825,18615
103890,13346
92845,59395
95649,26144
79000,10063
91668,9957
94544,30749
107024,19363
79725,11878
107343,20587
107612,17084
76647,9347
100922,6994
88583,10369
90425,16857
86258,9090
81973,15566
85370,16311
107854,9594
78195,12330
82124,32278
79050,16270
78880,30234
88596,16959
89033,13290
78792,9262
98664,21358
78544,11119
89184,10617
83109,8045
101759,14922
87164,17407
104156,9275
107607,26698
99705,7879
79398,16078
98401,8284
91911,24790
88175,8530
77275,21271
88946,12761
98293,8773
95991,18707
82196,13461
78514,38241
102853,13825
93984,20402
104689,29042
98534,10442
98744,13694
100456,7479
83468,9093
104432,23060
86752,19364
89762,7040
82788,19566
105604,12313
105490,11635
79447,16452
107405,19161
102782,11434
82786,9622
100557,14950
77711,20183
104935,7280
90750,12805
94396,28332
99628,15430
87360,9050
103238,10400
84883,7481
91450,25291
96221,7817
82400,24478
91940,9733
101320,10075
88653,7462
79446,30686
92672,33998
85552,16517
89858,12774
96610,10799
90447,6868
90357,14544
83266,12054
106259,33849
84489,11901
87875,11862
78430,31023
77249,18039
84094,15483
102218,13677
97151,18975
102064,8082
97655,15823
97387,8146
97118,14526
101804,11494
81888,20748
77455,24682
99638,13738
76845,13492
85493,7015
99781,3548
79322,29598
96766,21563
80513,51919
83907,18452
93217,18815
77426,11704
105044,9417
86573,9828
95251,30068
86098,5922
93674,26025
104392,9859
82340,27877
85899,21953
85579,5521
86725,12159
104810,34305
94570,16503
89607,8182
108478,17419
91464,25546
77613,21221
83067,6259
104585,23829
94473,20906
98756,10035
81199,21272
83741,15945
84972,11972
87486,14178
92290,23721
97049,6700
81960,27633
85765,15870
81319,21348
84335,9601
98897,8024
83649,11507
89567,2444
101958,10377
108211,18513
88326,13027
106424,16345
90848,10217
104944,24235
81300,31435
76804,140797
93569,17115
76839,18726
92611,31518
76006,22829
86953,10103
107767,17316
87949,12813
95782,26157
94414,27631
98483,23943
95988,13965
98640,9401
102899,4445
79367,55544
88430,17159
79428,20711
76247,30829
90955,23444
100711,5856
83720,18437
93618,23332
94754,22770
78740,29882
106522,22964
90165,8233
99615,6156
88112,10366
90759,23901
91835,12650
91563,31467
92736,33590
96939,20860
100301,8727
80143,18151
108141,10263
99743,6436
98627,18671
86233,11828
104568,17031
96489,8681
79018,16894
92173,25305
81198,13240
102450,11221
105038,20752
93284,20202
85848,14581
89587,11022
91457,9629
88804,8501
97228,11547
105841,28711
107331,16706
81008,13130
81853,23741
103283,10763
79036,20410
90376,15867
97271,6434
82967,11307
83663,7283
81640,19953
99076,23459
107790,17449
96460,8609
88286,16359
86545,10849
97634,13038
94452,16160
94409,20554
104877,10210
102952,10841
91502,15891
105695,7678
78608,13399
77384,36514
82188,21194
81054,16013
92709,21249
98260,9877
78996,17754
103868,6546
81809,30307
84251,10890
103762,7192
101479,10854
90533,9809
84636,8235
103208,5979
90274,9107
87517,16476
79671,32287
81486,29900
89338,23558
76912,12818
89675,9413
101294,8188
98316,9001
82457,16010
78558,16591
107933,11292
87555,18084
80873,14943
94717,22709
78922,19530
87376,10885
79203,21648
83801,12962
80314,19660
96011,9450
106585,23145
94122,23816
101723,14524
95561,18733
82751,15783
107424,24032
108316,23099
79229,8089
104835,3686
106289,11011
89876,11125
96917,11002
85982,20890
105023,16975
76749,30063
76453,24424
98954,8724
101783,11007
96734,6393
76884,17612
84277,12769
104756,10382
89268,19409
78955,21182
99279,4292
77361,26997
97823,18930
84313,10526
80520,19741
105472,27245
77671,9980
93098,30061
86559,16945
86582,12430
79414,11593
97179,13700
94617,20195
85780,5307
90904,32621
103178,8359
105752,17715
82636,1403
81069,17040
76784,3536
105061,45255
100732,8346
106562,9634
102833,8055
79029,16970
91944,25585
99849,7151
85213,19167
92653,18321
90824,8685
102752,13527
106732,19381
77076,12401
101825,16575
78920,30462
107404,17068
80053,8981
108062,9873
88256,16513
93809,29318
97342,11803
101308,6131
94366,22357
88228,9991
91471,22924
92294,14712
92018,23891
77448,37237
91091,13354
90892,10059
93754,31683
103644,10225
101170,3702
87238,15328
103651,20433
108015,18257
96704,8648
87938,11517
82456,11773
94735,33419
79831,18936
99435,17460
77407,20105
105163,14098
90450,21968
101144,7155
85101,10909
102152,10182
96445,26687
93062,47672
100172,9022
91519,22462
77563,120588
106245,14847
78606,32044
94171,16633
82263,10460
104528,6845
90918,28677
85512,10891
88317,10884
77807,10943
96992,10502
93802,22736
108022,22686
97029,13177
92027,47254
88331,10677
81387,13323
78465,9048
104119,12232
86438,7823
78315,13102
102212,14017
83625,14958
99983,6070
93838,17845
86485,15464
99164,15739
100640,15343
91693,25596
90195,7405
85076,9541
83090,8350
84161,10492
85985,18140
84759,10459
105838,6790
94748,19679
108188,14375
94465,16467
81856,12881
102715,11510
106448,17966
103923,4903
79482,30496
86062,10168
95217,20137
95712,45877
98498,7752
79175,12975
82244,16842
91792,24778
81626,12417
83185,16587
83134,12224
97667,10951
90780,15614
79383,30230
78440,33482
93657,18428
98771,22196
103569,14333
84696,22970
104235,24492
89916,14269
108238,10426
97737,19704
95184,38085
77985,25798
100680,14298
105919,32735
102177,10744
99133,7018
85097,8605
102464,7191
83036,7077
82142,22992
92118,9226
79734,13310
107861,18319
98253,9438
103183,8208
98112,10928
82339,22035
84875,16807
99774,23737
101808,5627
88731,11211
84055,6452
87777,8583
93362,14703
96195,8563
87650,9162
105329,7354
84167,11373
79667,18061
85111,16139
79561,18108
81753,28510
99584,12389
107389,6162
77634,61228
97353,10666
88362,7911
78923,29852
78687,31610
79611,12415
97264,6724
104372,7520
88340,8139
81409,13243
102716,10048
100489,8069
86616,9620
96450,9765
103898,12206
78965,13510
77910,17168
85534,10259
81814,19983
88537,14596
97930,6947
98346,10045
96397,19337
106812,34983
88599,14928
102760,10341
94884,25448
77319,32903
77255,9567
79483,15960
93869,17095
78283,30792
79491,13352
79679,15983
104817,9353
81355,34895
102513,17448
102311,7890
94639,30667
92057,26904
108057,9748
78415,28020
91755,17664
94507,15567
77368,24526
88838,13763
86482,11797
103032,10391
101482,10962
95744,20260
76424,3720
98537,16625
100039,10059
76025,20778
82426,6758
88387,10584
100785,7783
84030,10486
107046,13037
80159,9864
81743,31754
85348,10714
79901,27027
108373,19855
79436,13439
83626,12143
84211,11427
107879,8905
107245,13556
102868,10635
98034,14364
101634,10531
78902,20321
104908,24947
108265,10010
89613,15838
100852,6423
101045,12644
98194,11119
87876,10012
88436,7342
103563,12815
92679,11581
97639,12070
101310,8975
107398,24840
98740,6990
103081,4247
93701,40222
88341,9757
91276,18309
78877,14506
100579,2107
76474,21571
100963,10736
98672,5538
94737,18837
106382,8544
90771,24739
82118,20021
104839,28201
88881,6231
91400,33323
89615,4475
95916,35151
99952,9316
95605,19506
108251,12214
88507,10636
97142,22651
97129,14804
106320,5674
104569,5699
86018,17024
98054,8839
85925,18419
82859,10193
107329,23447
90943,30297
83393,8092
108091,10830
81571,17016
102704,8994
89511,8050
86361,17379
86449,10054
91048,30660
88932,10783
97096,12404
92493,27053
106005,29558
92101,20784
85618,11842
92275,8862
104354,7608
100165,7415
102137,11748
92251,12429
102299,14578
93358,25428
91807,49431
108402,12465
77155,23956
79195,25633
96974,9054
105848,9594
105425,9936
103620,12970
79238,31169
82292,19950
84451,3291
93942,28210
104577,8983
105690,25149
93421,11376
94411,20171
103746,5958
104927,11041
105798,10999
88601,8459
87898,8907
87580,12053
106294,27256
83194,11362
76073,17884
98161,8462
99152,8429
78180,12102
102662,7716
98915,12492
103302,12486
107764,10703
79227,23430
96799,12617
106081,17289
107508,22977
97995,13443
97586,20100
87104,28030
92790,42115
101900,13007
107104,13447
93384,24820
100649,5327
94525,25366
103004,11801
81477,57664
94774,14709
86403,16959
95958,9982
85977,19778
106000,25544
80189,36985
105330,19641
98119,12550
108242,15977
86122,8721
90847,15799
78649,18861
78043,31338
83454,16987
98842,9990
80378,27233
100525,8527
101979,9288
93192,30166
96062,12656
96319,10602
81121,49976
96527,15465
76762,55142
89658,8970
97136,10501
91941,23172
107113,9692
86846,9274
102674,12541
85905,19477
78034,11376
96919,6978
81474,24447
92121,13421
108308,23180
105113,14713
77939,35122
76253,22829
86272,9805
103786,10763
77663,24391
90143,12467
83487,15777
99629,7553
78016,45626
97062,15760
87499,19174
104580,5403
92086,20410
81704,26086
85458,17883
94697,24564
95730,25131
95533,28246
76852,12004
83813,16880
91465,24957
98380,10891
86923,17598
81159,33113
99462,10008
86553,9500
96547,9919
77542,11461
91704,27580
103567,14252
98508,10388
94989,11280
96305,13302
103772,14109
89923,10658
84616,16287
99970,8822
100286,7390
95785,22248
77239,9030
103828,8676
86204,19671
96855,11062
90132,9183
83949,5301
97042,9517
81439,4041
78200,26830
96583,16661
77935,16947
91759,16183
104912,17909
95613,14904
105447,9565
89828,10562
97297,25575
107599,16827
103109,6901
76094,14104
104324,15941
82877,16177
88953,14325
106644,16909
100086,6293
103949,11142
87447,15956
103384,11043
108506,17911
82045,15663
86346,14398
92643,33513
106532,9663
100209,15585
78371,19175
79815,17278
99946,7535
85965,9782
79558,24342
108318,16280
100907,6539
85301,8266
86214,3941
76307,14773
89487,9680
90272,18936
92470,19752
89056,16497
108376,12924
90393,18268
90202,8052
95164,16821
80501,19794
80614,27607
86354,9454
103851,7789
91517,2557
80179,33180
97710,14104
94083,27726
83733,7617
105032,17454
91064,25095
94799,26757
105548,19468
94248,46647
91984,26339
105390,11398
84137,6728
84643,8953
94173,28476
89789,14551
99329,7913
107125,11100
81011,11487
92062,56577
76630,25184
89022,8955
91463,29116
101563,17536
104307,28157
95572,19134
91019,15065
76966,19170
76916,30855
82319,23638
93863,20903
96798,30542
87072,17718
92771,18670
105915,8743
106830,12830
88798,19803
81750,11217
90415,10840
91110,26191
82187,25367
102386,12959
103517,7010
86270,29210
83526,13173
83728,14976
76878,11419
99712,14250
92556,8872
89879,4816
85276,7128
85272,12894
82645,10851
81445,13670
97841,14788
97088,16762
87735,10048
100748,17690
94315,33794
105218,23541
79295,21771
85482,11039
105112,11197
98458,12601
98177,8787
92392,20498
106885,9066
94239,26813
98355,5920
81111,21716
101464,11717
92070,24417
98707,23887
91095,18368
84486,12782
82898,16020
108233,9763
80001,28927
83538,14240
88563,7240
98871,10000
80645,62240
82054,18355
86397,10443
97865,14544
81700,30701
100417,8971
91017,20323
95218,22575
105519,10492
98097,9765
89232,9540
104997,14265
94952,51710
87017,13274
94876,32356
87741,15528
82776,10437
106221,20951
100602,12036
105337,12411
94476,21828
82899,11442
79145,34834
90481,16973
92396,32623
94605,23923
101668,8552
79742,9794
84465,10620
86828,11127
84944,14616
93680,32618
85778,7049
82841,10955
96597,30782
106852,9990
88003,15186
90461,9543
91184,11291
88055,16389
99180,10733
87766,15999
86691,13927
107751,37332
94882,30893
78637,26879
100601,10542
106271,7102
94355,26951
103261,9911
84449,4643
79799,22336
78481,12287
76569,29882
90516,21074
91054,30220
97435,7998
91203,17175
86130,3878
93768,28984
95494,28166
94319,37134
83638,15371
82289,37121
107990,15509
76261,13868
103466,14059
91403,21294
106025,14745
79465,26030
102871,17040
108446,12395
107305,21211
80190,27477
81649,8195
104611,13142
79821,22344
106756,9708
94209,30853
81524,20672
102947,11034
87868,11464
95933,19913
86850,8895
108381,16236
88771,6133
83105,11650
93264,42541
93240,25288
94060,30523
95003,10111
105812,20960
76675,28075
91421,16379
102047,10643
76316,18880
108385,39119
80043,21073
80122,11572
76885,11170
100765,12869
90748,6872
90799,14685
98792,12279
90085,6709
96967,12947
77008,26675
100132,13484
90720,15905
105966,13082
75981,15285
83312,14295
106478,15668
107800,14006
103769,10957
91814,19498
92683,24664
93319,25531
90670,16625
105982,18469
96565,12251
89299,21917
87406,9684
93260,46950
101201,16492
85414,16061
87273,9124
77653,17843
94848,24568
81983,10438
98927,8494
105078,16186
102825,7825
91211,17219
83862,9692
76624,13590
96502,7525
93149,31260
105761,17149
81327,10336
76688,12976
99302,7890
89052,35782
106892,20914
97157,14631
87715,13972
104669,18222
108522,20359
104725,26361
86473,11614
107402,24865
99376,21899
105473,10322
101761,16197
100229,5018
104122,5636
103433,10584
95259,24789
76691,11731
81526,21454
90817,15496
106577,25463
105900,14612
86342,15962
100902,12477
84715,8914
90605,13652
80255,10332
84484,7133
82894,6847
86148,9184
100981,5940
104559,32977
96603,8860
79461,13301
83864,7147
99364,12333
98182,2586
85145,19910
102591,11071
91416,28665
89032,15563
98530,8781
98214,11039
87931,8900
90835,20674
82398,28221
104749,7990
90735,13207
105444,18623
90324,13014
102500,13788
106702,6987
90727,7713
97427,18213
99844,9080
94541,49676
84483,16688
100773,9773
97910,8077
97461,14322
104846,7994
83951,15424
90276,11294
85508,14079
90153,10085
89830,21666
89708,17552
98504,22491
80397,28097
76172,41585
85446,11460
96732,11570
90781,7953
86208,7800
87814,10999
90938,30630
91231,24609
80979,18236
85098,16263
82160,49750
82809,20517
86468,17703
104758,6241
79772,31492
94343,22152
91304,27977
88751,12522
108437,40422
94059,30980
101856,8055
76319,17515
77918,30328
81976,39823
108377,20762
95984,31155
102208,10835
84420,18383
103716,12730
106428,11219
94602,16170
101119,6832
77387,15204
107227,13949
86164,12030
85096,14342
108198,6761
86401,9766
86386,9859
82726,13680
91977,35718
87805,21183
92810,57779
92387,30009
76117,13624
103862,12343
86962,16272
77023,53467
102863,11665
85375,9075
84363,16524
77485,17685
99266,10057
100253,10574
79037,16123
92228,31250
84144,15515
96577,9705
81837,13086
77791,20367
80717,15090
88865,12287
103611,13731
96150,25560
98071,23787
90964,16438
108523,27437
89431,11834
107595,22632
94778,24758
91385,18422
99288,20581
82885,15213
100437,11138
88938,17430
98801,15355
107023,7377
88675,20552
90159,13924
85804,11390
80088,31460
94929,28753
100421,10835
90603,9616
101899,10978
83201,16046
96023,9181
102019,10542
106863,21045
108263,25744
100605,8053
100998,7797
105544,21455
104343,9011
89692,6627
106309,9230
86065,7137
86436,9971
103991,7899
92712,33647
89709,14300
95415,23048
84959,19216
89069,15567
85580,16294
100728,11004
80638,35858
105713,7143
98494,9531
94819,28761
83800,7582
91085,17199
102276,10319
96111,13769
90891,24713
80010,10227
99501,8906
105431,15314
82161,10841
97426,7508
100242,16059
102470,11986
94769,31925
83472,11589
81138,30665
82719,16369
97305,12484
77744,11639
83536,12716
85355,9616
84273,11295
100061,10539
78109,29637
86119,16287
100274,8590
90390,15801
93338,36936
97460,9709
87833,11778
107064,20045
80942,9999
87473,11413
105869,13153
91776,26964
85853,16210
94909,23087
82407,15556
97633,11551
80176,22711
88572,6402
97971,53144
88633,17712
76234,20045
98579,8128
90034,15428
80857,24937
85633,10455
97760,17499
88831,9730
101303,6239
104373,11944
83512,8492
102692,11991
87092,7436
104305,20608
95344,21627
76629,27283
83699,11548
99290,9272
93528,31080
107251,8512
103980,13341
94469,28396
96448,12342
93511,21903
101249,16877
90543,16052
94928,19856
102623,14805
79505,14403
90175,17967
77417,15797
80974,25294
78874,14334
103376,5915
106490,25942
103267,6088
92434,28341
94016,49265
107217,20882
100783,6273
104306,10074
107691,44564
79101,23523
79607,14858
96910,14014
104648,16298
97752,6949
91917,19276
78307,31539
77462,11152
92958,93685
92148,45901
93317,26551
77824,21665
81043,17267
77339,13810
95942,21045
106865,17718
100781,14294
82907,8265
98541,26962
99032,6855
94935,20256
88567,14678
103765,10270
82436,11188
87940,10582
83542,18876
80229,31899
99988,7808
83379,12939
100404,13363
76340,20196
104105,8937
107460,20482
83058,9833
87987,10434
105926,6195
92263,21632
76100,16293
98059,9583
97622,19048
100124,12492
85132,15619
90849,9101
89461,8383
104144,30900
76429,36601
95660,34246
93649,20645
86295,17827
91313,46366
77778,39731
76003,13569
96131,11022
80441,14552
107065,24581
87237,9219
79135,34777
79471,13995
88444,9963
80954,12149
87030,16498
82803,13829
92307,17273
103846,11353
81505,50597
96454,10249
92723,22912
85406,9148
94692,21614
96459,9869
97045,4225
88125,16238
107173,20408
86708,11810
104799,9682
99726,8702
83300,9358
87117,10613
100398,10281
82731,15924
106322,28296
83937,11529
76509,29042
85158,11124
90411,17387
79751,19069
103864,8786
85183,9695
83429,9730
104401,7364
102908,11485
82107,18735
83546,16952
101326,6997
83489,15707
95464,11884
95312,18523
76958,12887
87284,7546
93565,28113
91521,27659
103751,12078
102806,9058
83404,16138
78539,19910
106376,7461
84742,19650
80991,13434
99185,7396
81160,25589
101309,8088
96620,23248
85514,8953
104504,11105
90442,12853
78824,17931
93907,9579
92574,39051
87966,9706
84013,7938
76192,14922
101039,10523
93377,26078
89911,10122
82649,8932
92244,35990
79456,21809
84577,9108
101829,11932
82454,10603
90738,8447
78614,41629
105723,12696
92281,6133
83361,6099
87484,11625
94268,29906
102791,7791
80098,42727
91058,15346
94029,29386
88543,10790
81670,21882
101579,10398
78436,17034
106875,11991
87655,15202
91929,25824
91251,21947
89471,12771
97578,8210
82672,12716
78444,21684
100808,11922
88869,11329
85357,9960
89167,13184
106862,25353
91281,47383
87788,16961
95287,17250
85680,8970
94781,20684
84268,13354
91867,32328
77714,22779
103499,11330
83996,8126
84187,12587
94237,22592
86917,15525
99891,12493
100901,9242
78556,32400
98139,21580
83447,18315
80732,21916
81168,14569
101789,4762
96183,14595
104888,21999
79944,64954
84752,9340
99274,4227
101601,10845
100509,14804
83579,19693
78657,15985
97894,7660
98305,13860
81298,13564
98132,8134
83681,12554
103875,10542
96447,21356
105060,19902
79150,50363
105628,22637
84027,11179
98984,25429
103343,9488
87304,9947
92483,32293
78555,17475
78697,44218
102830,12115
105192,18678
88749,11179
97670,20696
89034,7546
101691,11606
79307,21243
92856,14568
85540,6856
86841,11781
78144,21457
106175,9062
101199,10542
106284,13589
107920,4175
85677,19356
80672,27416
87751,12532
81660,23510
104608,16503
90356,12466
96037,18624
85376,8325
94596,14846
88457,10885
92475,13468
81195,16268
92529,41110
96471,13960
107840,10122
84210,10477
103192,13922
101468,13584
105529,28871
97367,10533
86100,6350
106778,14343
81881,23539
89597,12352
95589,27112
78552,46249
105240,18324
83448,11924
83290,9532
93867,41480
104187,21395
90760,16746
89599,7249
94415,13652
105080,6854
100371,12875
80360,39950
101046,7063
76264,16471
93041,24793
104160,11736
78058,49800
93770,12604
101223,7085
101983,7496
98730,13482
89800,9411
88196,12518
97641,6087
103870,10163
84704,6062
77526,20773
77738,21527
90078,2955
94292,25339
78838,18937
81836,28129
80276,26013
108312,18650
107467,22156
79713,21832
93468,34309
97220,15909
98297,9284
91141,45667
105107,19197
89334,12679
80077,27464
85326,15874
88677,16406
86517,12264
78770,28509
82840,18389
84256,11274
92318,26236
92119,20635
94970,29526
76714,15811
89170,11902
90548,14538
92194,31317
78522,24838
83527,17502
104239,8831
98128,26310
80712,18453
80259,15698
78469,31647
101923,5018
103655,9149
101481,9819
86550,16052
90289,11521
86255,12772
80411,16095
97263,11273
91086,7360
80675,12787
77800,25121
76613,31187
87002,16665
104952,12111
94790,38085
89888,8925
106268,32498
76926,13170
90503,11092
89083,20690
92741,10837
102911,16130
84601,6976
84846,9909
87884,13895
88305,14020
85335,11212
89396,16815
101992,9061
90693,16541
83262,12239
81620,17177
88435,14360
80013,38168
79539,27380
85226,15527
93522,34885
77175,48302
104947,10387
100869,10240
91575,39719
105880,32517
106564,20344
100585,5569
107332,10224
77295,28805
90575,6982
102261,6934
108080,14379
80364,19365
92476,9654
104078,17281
79184,17578
107575,10644
79281,16880
88560,15471
84166,16676
78054,12921
97324,4196
85558,14233
95710,20276
98600,4774
89622,15999
81838,25912
90646,15905
88110,6328
104085,12933
98242,13670
106226,10213
87500,8488
104807,16105
100160,9668
105379,7389
96754,22641
84863,12053
100130,11377
93462,29370
91640,10697
95922,38815
81137,31008
78194,10546
87308,11973
106775,9537
86629,11714
87659,17953
76404,20629
87258,15226
100560,11783
78660,13855
76485,18749
99545,20081
103074,10920
77874,18964
97514,12210
103308,6798
94753,30617
80045,23520
107089,30988
101236,7442
103264,15455
94387,15525
91926,16144
99972,13044
98651,7008
94873,27501
80722,6234
95907,52112
87746,15362
90574,11259
85387,13079
84204,9767
80453,17467
95244,34643
79952,13930
105770,11128
100419,14938
84200,9667
88059,10089
85615,6275
90795,6973
97219,9523
81380,12417
78928,17523
85613,19480
90529,13818
89825,12458
107431,9925
97707,6469
76203,19524
107808,18375
106497,9702
101925,6592
95434,20043
103718,13718
103544,7086
78735,21378
101803,7198
106491,20987
85594,10263
99930,14523
100927,7290
76097,19053
89406,18380
103773,7487
107843,10409
83507,17381
89693,8120
101441,11729
91438,10015
82189,22764
94224,29809
105046,12901
105441,11882
97014,5205
89955,9418
85532,15885
99916,13093
103336,11459
102567,13962
77309,12527
95074,27788
105279,19200
77443,40098
100797,15455
97954,5813
104854,9964
77615,12418
99982,11792
91956,17174
79467,25741
80293,12612
78335,13502
96252,20561
94301,25852
97832,14532
103557,12716
86997,9872
78106,11050
107176,12199
102079,11858
87624,17531
108178,10662
82226,12096
85709,14887
78061,41595
98092,8846
77846,17248
91751,20489
89344,17775
78458,27770
90444,14017
100411,6968
76272,20163
83891,12188
87391,26434
83460,9099
98018,6902
99334,12786
97352,12731
85704,16619
80151,13093
83044,11048
98476,8101
82495,22520
100766,8128
87429,10363
80457,15646
97923,13033
84002,7953
100461,17020
101414,14074
86834,14600
79455,29425
89913,8330
88592,7517
90339,13994
94894,32495
76725,25108
95859,25517
92694,13942
85619,11256
107634,12748
101014,7430
91174,27810
79521,16455
97334,9183
80761,11419
81867,13804
96925,14132
89478,7585
104606,20272
77120,49154
94436,18215
96562,9354
100076,13902
100900,9660
87706,10944
84868,8103
77447,9901
99633,14408
107182,44233
103805,6966
79968,22090
106861,21401
81356,27603
90962,30368
102794,10101
102702,14336
101649,9325
92766,8975
95750,9142
102296,15729
106629,13216
98746,11699
95417,27276
91178,18163
103915,7632
94148,25918
92159,22967
89562,12856
84575,6162
98654,7639
96212,21428
102653,7901
88269,14252
79684,29042
83922,13483
91288,32490
97422,12766
85223,5914
101422,13908
80295,16325
88778,20078
102400,3746
106858,16801
91510,27854
79257,25928
106694,33923
86646,19548
100380,13294
79631,27451
83337,18179
92866,13916
93764,20175
100701,13145
85085,10164
102731,4137
107928,21605
95668,23156
86229,11996
102872,10497
95063,27005
86474,28912
80950,48433
84432,7623
78964,8606
86914,16583
97272,22315
99757,11636
92235,19843
87764,10100
81233,5199
91506,33144
77920,12928
104487,28294
102823,14129
96590,11225
101069,9320
82549,10425
77585,21798
98854,49431
82501,12969
101386,9795
86959,8822
105135,20741
100304,13490
76999,23485
93936,15269
96755,6346
102115,9598
81953,9632
80238,49150
84324,9825
105850,13585
86327,8382
87989,5631
93530,40534
99610,11129
102129,10428
100985,11543
76008,51738
77703,21754
94691,15888
103293,13686
84439,14487
77444,17158
85455,10465
93989,55749
85336,10800
100517,15339
108179,27280
77395,11821
98462,11041
84943,10945
78028,30341
81596,22670
95852,39128
88816,17542
94448,27831
86470,11800
102503,10105
105474,8597
88119,10616
96141,12201
85763,8260
105011,7592
99747,8222
108392,17689
90949,13986
105446,15569
95792,33613
94956,21269
102277,5266
77366,30089
91112,19538
76355,21784
79142,21937
103859,4931
82352,16046
86826,19012
86754,9650
104363,9228
93154,29422
90930,21165
107269,17910
104109,6072
100487,18593
106527,17026
96225,20490
89925,8501
76775,28607
83082,17123
105115,31052
103481,8675
105642,20823
92703,18251
90864,8595
96072,7736
98628,11227
102378,11477
85185,10092
93707,37768
98795,14193
97577,7107
79804,21063
95541,13111
78568,50973
79608,23677
103860,9366
98449,14229
91377,26423
103436,6059
102582,12331
78381,8969
90999,17757
89764,15923
99515,10083
89133,6317
81859,36806
108005,10175
103733,10270
105155,16911
100185,6682
102347,13234
107943,11751
104445,9210
90149,22794
106593,16028
94733,19768
91481,28160
100201,8021
94149,19457
101639,3028
81577,29642
80120,31297
85995,9859
85199,10136
85909,20608
78676,22008
91948,33573
88041,15637
92848,25977
87598,10283
83613,12646
85054,10813
96903,17043
78725,10277
94869,33055
89121,6980
79858,64937
89079,15999
77639,39074
84498,16434
90431,15901
80553,10029
90257,7480
91607,28760
82794,14694
79243,33210
93687,20728
91774,30363
104622,6967
94152,6841
107441,19011
96359,12279
105873,19332
82415,11942
106807,5598
82732,3923
105350,17388
107206,12549
82693,10800
101998,9859
107032,25057
88200,13418
105801,12819
86649,10884
104334,16908
101972,7305
99530,7210
96201,13404
105972,9944
100425,9497
106763,25975
90434,5983
88690,5241
88747,10937
92158,14937
104298,17721
91527,19867
91731,19872
89575,6772
107525,15724
80805,19847
87001,17317
76256,30353
106726,13822
100912,15086
78223,21263
78232,45363
79424,20311
83551,13904
98945,5698
101673,6913
108525,12807
92543,47821
92373,18429
96994,1546
80957,26160
104185,12640
107318,22758
89348,7909
108046,22831
107385,20414
104247,23743
79675,18869
95374,20735
108422,10877
76584,41349
94645,16497
87779,11442
76043,18523
101605,12699
83501,17961
95444,23825
92724,40312
101099,15272
105469,7621
78289,31224
90064,12543
93527,14301
102951,12140
95138,19243
90436,21165
86900,11454
107779,18381
98096,7029
89305,16195
81735,14093
91537,17505
79302,13047
106769,15318
105306,12429
106670,14828
80113,31814
87168,19018
90710,6460
90995,14319
96388,13457
88029,16408
92389,15948
102649,12774
97530,8398
88501,15801
80998,22035
89624,7954
83063,8564
90128,13246
104897,7084
85490,28408
99453,21505
107743,11920
105662,14322
89186,17462
93355,25751
100497,12333
104389,14992
104476,12251
94822,15026
102639,8886
86493,9216
95602,29914
86924,8207
81852,10330
102319,14366
107863,11846
82938,13607
89666,7551
92812,28803
97393,7698
92386,30230
77152,9362
107259,20717
90094,8422
103704,14994
107194,22343
86326,8970
84993,11799
83853,5210
98484,24480
91880,22638
89715,6493
101393,9178
87375,11171
81722,14175
91249,18038
103603,14996
96576,7495
77094,13320
97706,17475
76932,11859
86648,18196
95671,19297
87831,15326
82577,11461
87475,11944
99557,9641
82882,2748
97798,8856
99009,32374
98120,10307
86637,8959
91310,16413
101677,14257
105146,10738
99727,12780
84169,7034
91121,18584
87151,11991
107732,21871
77136,29008
77148,4254
104946,12825
88249,9226
105127,18690
89504,20644
81927,33864
86452,16984
78250,16933
85921,28173
81378,12865
106286,17455
82085,16439
100957,11919
98903,10884
93994,29106
95727,44179
102483,15483
85566,24455
97406,5942
76120,4028
101642,9617
86245,7984
82830,17251
85386,11412
102072,13204
81015,15728
76016,28234
103157,18982
85980,15506
107548,20775
83411,17793
99745,8734
103338,8746
100366,10399
107718,26695
91888,21064
106559,15680
102293,16170
88007,17599
100545,13414
81498,19152
81632,59205
102626,7208
91621,19146
88591,5771
87743,2030
79289,36060
79813,31499
93561,40984
99218,8328
83575,20718
86909,9927
81952,7377
82101,35013
79912,12393
106129,12786
103614,10644
108271,10081
88813,9895
105533,30734
97693,15829
106423,7948
88858,12747
79568,19347
78667,44539
106744,19294
79183,22066
92329,18450
93551,80623
84807,6680
106251,20676
86816,10762
85547,8541
101577,10691
103281,7948
101919,9983
97281,9441
85353,21290
99143,6997
89606,15726
108144,17056
94628,21730
78418,29897
90238,18946
97412,10812
95368,21687
80945,26808
101657,13569
92454,33879
79075,11853
81257,15551
99019,8999
91946,9353
100356,7468
88464,7513
82081,15168
97199,12153
99762,8959
101497,6960
83716,13351
99067,19961
107895,18705
84198,3369
106770,21168
87767,15770
102945,10494
95956,21929
81644,21931
86278,6597
79399,11390
80474,14362
94588,29163
108471,13841
93417,14617
104702,21165
84151,5495
76589,13139
104490,8467
86365,9353
90620,5889
81071,48125
92311,25668
103019,6578
100231,11487
83298,18274
97958,19729
95436,24793
85413,17484
104619,14362
84835,6717
86314,14030
91780,36202
88338,13383
98012,9872
91161,23040
108156,6210
80607,18504
105607,19092
106586,10122
93442,10781
101779,11201
86324,10954
101056,7615
89524,8957
96619,6339
102914,2230
105085,24517
88414,16909
94174,14558
77296,13617
93567,17354
90823,11303
83440,8915
91053,18715
87349,16447
93853,14417
88334,4616
97251,15884
108429,24884
90331,10432
86234,10745
102632,7554
82553,7825
105227,18936
76476,10573
99277,9137
107214,17126
101622,9605
91446,17912
102009,9481
87852,8316
93868,19139
106100,21776
84477,16198
90371,6221
101643,5117
92270,31149
91036,30432
93120,12249
96986,11812
88712,12701
107673,10426
94689,47305
91664,33765
101139,6813
100211,11031
84843,15158
99077,10853
86601,10261
82207,26484
83457,9242
78306,35710
102397,13441
103423,15604
105818,6831
97146,15099
95680,17915
102459,7318
107092,15524
92734,41908
95647,24966
77576,13139
101530,13038
87264,7512
88978,11208
86197,8181
107810,22866
81681,15785
105951,10436
103476,12676
100268,2784
92647,21981
80498,17714
90634,25318
86670,16369
108110,4764
83881,13354
77006,15209
83528,16060
86178,7138
105430,7951
84321,18778
90491,12719
86339,15823
92286,27094
101926,19638
106776,16784
82619,15027
79817,18061
79626,15475
87043,15240
106571,16499
87059,16486
97729,12804
100298,11789
98256,12886
97907,7175
95953,18911
91657,57828
101343,15355
82111,64230
108388,13897
88818,15958
77029,29557
104074,18304
86201,8264
81545,14882
87713,16684
92371,22416
77156,9785
76880,23232
88282,12810
96654,31874
97866,26797
90293,4466
91292,21035
77320,16492
90383,7869
100241,10815
107973,9699
79074,31268
92862,19894
96379,13299
100683,10993
76236,28631
99113,13310
100305,11162
86570,8394
93251,13232
95890,19260
104632,24727
84213,21713
107818,24139
101521,11820
83053,15587
92890,18749
107449,13035
84022,9527
90915,18570
80324,49514
81352,21232
94642,17127
76123,29496
79202,27490
104174,24960
91030,23936
107033,15930
102759,3668
102192,11326
101885,8430
97716,15670
81631,14196
81759,27597
98702,9341
105784,22208
81817,21218
86529,13037
97857,9658
82820,18940
79072,23919
92301,25423
80309,13126
102835,6380
93599,17527
90253,7616
92875,23661
83698,11387
104398,50774
96860,24652
105925,29659
97861,10572
80226,20862
92699,21573
85949,7922
92215,28489
84214,12921
106157,13604
87047,16669
102413,11855
97955,12036
81441,32322
101029,13428
91634,20331
84859,7453
93328,23414
97318,7903
108048,15060
97815,7276
101921,7139
96260,6745
93491,16735
95257,15115
83326,32107
82475,17889
107393,10682
94132,23268
103233,14277
88140,11744
88395,8885
95094,81592
95939,20754
108234,21131
78788,26851
93021,21973
98301,26436
104221,9891
92384,23266
76288,24273
99805,13192
90900,9823
77888,31988
100126,8234
82197,39052
90987,13423
105383,20877
100476,8600
104238,8703
89211,12683
97794,4873
105692,28946
98699,13051
104212,18191
107544,12050
107748,12150
103427,7434
84063,7363
98384,7866
91209,12280
101379,8313
78090,66034
88321,17482
78786,19276
90751,8246
85706,18082
100853,10920
106131,18809
89397,13076
76263,3197
108441,34923
88221,12550
92526,23900
81169,24734
99853,10575
105516,9579
85227,10693
101567,7589
84331,16018
78187,28224
94441,15824
100067,6009
84660,16532
98951,25705
93815,7594
76848,17653
83378,15530
79966,7016
98219,12208
89076,11825
86619,15698
106225,14278
76793,33089
88351,10685
107927,26245
93374,22364
84067,15139
100355,14437
82099,36939
96457,12509
103061,18216
89169,15945
97340,6621
82912,20466
82266,13163
78561,52967
100839,5188
85302,2760
99375,11520
99881,7118
88083,6943
86412,7157
84852,9444
89087,16192
77702,54239
94308,24620
100896,8028
88225,10997
89796,4292
101985,5564
77360,25296
92220,32356
83866,16651
103140,5151
78348,15069
95353,24166
81413,13984
77106,21816
103700,17283
88524,11575
87461,12970
78565,34394
82507,13123
95578,1987
91998,17983
98342,16814
96413,12780
78273,29956
105735,14999
83640,17790
100599,11580
108024,30741
85550,19747
82875,8158
93272,8804
87870,10235
83279,12079
105742,16811
96152,28396
97215,20776
76322,58456
104938,23591
81197,13911
94638,15130
78474,31550
78282,14183
83765,13688
81798,19010
84877,15243
107924,12207
107870,10723
86640,2832
90317,12452
90787,14004
102045,7542
95893,28084
104067,12004
83702,8555
88581,18919
76140,20221
87782,15962
96924,29663
81993,29903
92440,24671
97803,7028
90468,6919
77617,29233
108325,13951
78387,22966
93953,104281
87120,9391
103344,9568
86899,12103
79585,24623
86908,9642
101362,16170
89150,16244
92083,16838
81913,18172
86370,7640
78733,19547
92552,24295
89154,18069
97775,10805
94930,58696
79476,13250
76220,10558
98869,12541
97474,16094
99008,7825
107702,25602
102495,13614
76423,21508
76460,10781
83918,11003
90937,25404
98893,8979
95015,57910
94231,19909
107866,18977
91935,16807
94141,25169
84712,11242
85125,15703
102606,15856
82305,17966
83086,8188
87329,9945
100213,9399
93661,26321
95973,25977
103243,6995
77036,12680
82262,8014
103648,9302
91920,24066
85960,10720
92632,33564
97381,11574
100466,9606
77087,14481
89734,14925
83766,11512
91812,65512
93927,51998
93439,13004
98318,10461
86863,10804
95233,18354
78974,15262
89793,5902
92799,24220
91635,22212
78414,14429
90596,12915
80519,31703
89515,8281
86481,12549
92047,14914
77635,17941
98546,8013
93556,13922
76764,32703
104600,16728
107170,24435
104809,9637
104957,40703
100565,14007
82733,10566
90487,5774
104778,4106
106916,30392
85771,9323
99896,10028
94796,16544
105856,16684
85845,12671
102590,9446
95913,43402
104395,14879
96422,13657
101279,11189
98041,5994
90702,9302
104988,13571
99996,16351
103713,9154
79170,36034
80452,11616
105657,25672
94986,21776
106339,11521
98568,7426
88304,7198
87628,10347
92003,22680
97111,9859
98892,14240
97778,10623
95960,29231
80575,15900
94709,21525
103647,9336
87784,9570
77344,30838
104068,13430
94747,23969
82797,14836
77079,15799
99217,11042
84624,9554
79999,41889
107791,10924
86274,7576
92407,14767
98109,24401
104428,24078
76693,18778
96321,8231
107222,10624
80693,15271
87795,11029
83814,10293
85548,10086
103252,9564
104453,18215
80578,29185
103826,6118
103199,6695
97338,8459
107287,11476
77059,34801
93965,17101
89513,8420
83064,8226
103490,13057
99116,6948
99690,11510
96405,10023
96969,8822
84317,18551
86480,17042
78305,49931
96458,16946
96847,12804
87888,10018
92753,42771
84191,7412
84830,9776
100910,7146
94969,49576
89103,7837
93092,19160
106511,19576
100549,18186
90741,14801
78118,18640
94087,11987
87584,16352
107254,12641
105985,20370
88323,14168
105221,11948
101901,13988
90944,31465
98634,8688
94057,18138
77391,10661
77284,40701
95838,39093
105720,12683
97257,24151
96339,6965
81848,31781
79581,23855
97762,9265
101710,7452
104892,9102
98689,11901
102340,9787
103335,14339
80348,19491
101717,5489
84797,16130
80101,20836
83224,13684
93736,12933
78612,15566
80009,12056
90246,13182
83348,12717
102263,15822
84153,16881
90556,16032
83726,11209
86153,5760
99219,12370
79008,21600
76574,17463
93345,9604
89271,18978
84424,16434
104788,20464
96178,12612
90344,11769
105532,26949
83994,10872
91151,25807
77889,32668
76382,18520
97738,6495
86371,16497
79800,47447
79323,23836
88652,10284
94397,21393
80125,11345
103621,8679
103073,8990
104977,21116
101232,10423
92921,9792
96524,19050
108206,7142
98011,8853
82282,55705
92162,11311
91162,23254
98222,6392
106388,24943
76194,12252
93165,15446
77080,20695
88188,10481
95987,10839
82919,19645
106334,9411
92868,30805
83314,14545
83498,18134
99081,9259
101875,11002
76353,37779
97969,24765
86292,22142
76622,27496
103480,18866
85818,12489
83971,11012
97382,15726
101439,8016
96661,12964
77795,13102
105731,21886
91696,14231
93939,20146
97415,11707
103354,10148
98909,21419
78125,20752
106866,9154
98910,7447
106208,22573
89885,6904
76580,12635
95892,15379
91957,18594
99645,11985
79562,49002
82838,6919
101076,7951
81361,24211
108419,15484
93085,16331
104426,19332
88313,11921
104866,17704
101788,10274
103172,10988
98374,23779
107111,22764
93480,16972
94099,46064
100358,11636
82106,31750
92783,30752
95978,14851
79394,13229
81521,22471
88260,7451
98649,9572
81422,16303
86500,10901
92997,12327
107940,8474
80225,48759
94805,25964
88709,12975
106470,10428
78835,17052
90721,10727
105429,39642
107998,26548
89287,10888
77311,13400
87200,17577
95348,13879
83148,9641
100616,12239
81487,52949
85031,11671
86761,9320
108219,25037
106290,12934
81428,9290
94572,29632
99173,11455
85760,10190
89013,25334
85726,12599
98647,8679
76300,41568
76204,15053
99199,23637
81833,13818
79245,21819
83196,11162
85013,9255
99200,10045
96238,19158
96548,32094
104251,20317
91169,28355
91530,19432
103143,6849
106804,10983
108066,20837
76048,47677
75977,15229
96347,10962
90190,16130
77081,28100
83861,5341
100546,6374
78182,29441
89589,11092
85606,7616
78359,20649
97559,14594
76721,15618
88097,22510
87435,5452
80798,13634
90537,6301
100528,7904
106401,20518
81910,14387
92691,26111
100615,9994
77234,50043
78332,25375
77572,4656
90150,7220
105917,9993
76449,27335
93412,17136
86269,15991
87995,8585
100075,7110
80021,48330
90343,13767
106349,10260
87255,10553
85507,17262
76232,12496
106308,14720
92289,18728
104499,31145
81788,8203
100405,12596
106380,13013
81018,17432
83259,12597
94489,31902
92430,24890
82401,12702
79510,50577
84456,18825
98445,12597
88466,15989
94340,17367
104411,17894
85378,11587
93363,28068
108217,25374
84003,9923
78674,13753
83754,9506
107659,36132
104134,10419
80428,12896
107034,11299
105024,21340
105501,12998
100183,13239
96262,14482
102419,12063
76520,17875
87564,8638
95034,15453
102071,17831
92236,28897
108245,12898
90472,6218
91733,19092
86418,13856
91544,15890
108294,5930
103067,15826
87683,13283
99427,7359
78592,15056
79477,28835
100575,6848
103629,21075
86341,16977
87901,7564
100467,11664
77769,14152
90466,9734
105120,29952
94434,28816
90333,9357
100483,6584
91083,20778
86536,11483
108361,14039
102652,14384
84120,12948
99541,9872
80658,12579
96028,22130
82478,8422
99296,15635
92923,19877
84564,14338
83515,11003
80070,30305
104027,18511
79391,20871
108108,7934
99156,8307
94668,22389
107534,11597
88509,10274
78713,32249
95033,27151
105878,12775
84590,11502
104297,18092
93140,22349
95943,42182
87298,18563
105774,9994
98658,6904
87070,18652
99465,13195
105845,7667
85369,21415
83600,7097
93030,33623
82159,23476
88527,11226
94866,12345
81680,25941
85293,13139
83020,10870
92112,9705
97809,8978
83970,7556
86745,16029
100652,10588
78837,25840
96354,8854
90084,10588
84838,16727
90416,19041
82908,6877
81469,20134
97939,16350
84109,4562
94042,40236
78843,19849
94386,34754
79961,41477
98556,12444
78323,15523
98349,12051
104599,12083
92804,15165
81485,20500
86984,12424
84902,10337
87230,17014
101698,9365
81187,30129
91728,26178
90136,19882
96483,9733
103424,14613
85712,16486
85509,7720
79976,20239
93406,21673
84108,11089
82598,10379
88086,9910
78975,58802
78989,15713
93597,15239
76707,22129
99370,21678
90372,11263
97227,16814
93053,23957
99724,9831
101261,9825
85273,7444
105019,20702
107234,13167
80816,39080
101175,7414
105866,39502
96858,8531
96226,8323
97454,15348
94540,26398
99937,13446
96637,11250
82607,9282
107708,24314
104404,21049
80758,15714
99346,13122
100310,15522
91670,28551
91353,28399
96061,11383
88206,16487
101814,8541
82298,9790
94958,20408
80444,29709
93957,34225
100830,7421
82523,10610
96073,9025
87933,15548
100553,10510
86623,10983
87445,9636
87890,11933
103149,15455
102862,11217
77553,22039
104728,16434
77884,34869
85105,21098
76064,48621
86071,9517
97148,22071
76161,18590
82950,6303
87334,7609
104120,6138
104591,5510
106665,14397
103766,8259
104087,9498
95947,38683
87165,6269
76294,22123
108455,20279
85399,9244
84698,10426
80713,11305
85799,7380
100254,11122
80264,9543
94211,10556
98839,21376
99631,20978
81506,32186
76167,15173
91308,48211
78803,18574
92010,15224
99424,7051
82042,15091
89760,8423
78489,29960
102712,10780
90935,28908
102912,11336
99041,7829
79903,41109
96670,8867
76729,34500
91107,25968
87286,12239
102303,9313
106623,22095
86955,14240
90173,19785
99829,6127
106155,13932
95426,53537
82218,28891
97534,7376
104186,15571
94450,22429
77720,33431
83278,12095
90401,16879
95842,19867
77025,14072
88288,11398
83552,19024
91467,30339
78417,25607
81312,26983
106656,13555
93396,21605
89063,10469
94830,17662
98183,5259
101338,11874
86784,10322
99315,9079
100058,6183
89181,10896
92271,26673
97562,12736
79601,13900
95361,14817
82021,16975
80766,14188
107591,19964
97689,8452
77322,16625
83942,9673
80703,37084
84304,8639
92976,22278
104652,7020
81684,27385
90189,10779
92960,37900
91335,18737
105310,14934
97940,10223
79726,19335
97677,13944
76868,28117
82008,56687
96078,18653
87835,17087
79247,16348
77781,12201
83214,13151
108215,26356
93824,29512
80787,12697
91615,40424
80389,33579
103596,13308
105821,19488
82476,9200
95265,17513
98399,22996
76238,26122
99100,6034
104714,9486
90919,12573
83623,27879
104865,11458
82002,15532
78910,22025
95502,42151
103857,8789
97624,12245
85720,11364
96531,10575
83085,13878
107580,19158
100283,11344
82635,10762
83319,6224
82752,20573
89036,18460
83309,12764
91103,24363
78064,67016
93250,41502
104512,15554
79857,8754
105526,19304
95901,33176
88558,9566
106352,20516
77802,16456
87315,9030
78742,27548
102737,9715
102515,8553
89811,7295
83376,17384
81478,26432
90640,15013
77782,11360
95954,17072
102593,11082
103795,9606
90806,8952
89657,17793
86003,13392
95380,19310
105152,23503
89783,8866
94941,11368
97059,12591
94104,34188
108398,11497
84930,8784
107156,19478
95687,17567
97033,8709
103036,7390
85849,11255
103638,9822
76938,28439
86884,5185
88711,11753
105179,24916
103858,11575
105362,32610
77038,16754
98935,17918
83763,10980
106254,20955
96326,21028
91225,33820
90336,21454
99070,8447
88213,15566
80925,49506
99202,13329
98190,6652
93632,13398
103377,7584
106788,20863
104266,19602
97957,9067
79055,26296
99963,11621
104883,13663
77565,19907
104641,9339
92456,23192
90989,31028
96336,8013
75990,12986
81685,29212
93610,27613
92156,23841
98823,15160
92141,35733
87756,9235
87211,11827
93983,30190
87098,5890
88453,17274
78408,15484
82661,9071
105658,9568
82377,11860
86738,12262
90498,7889
96128,18985
81136,23312
96840,10057
104970,20259
102228,10031
77466,17600
77981,10491
94406,61257
107110,12123
106442,20659
90593,13101
85731,8747
91243,23237
88327,16361
101596,12031
91216,26102
82093,42171
106882,19614
89713,12669
93144,4737
88299,17753
78242,20542
93200,25209
97874,14223
93836,38464
77774,34299
94322,24420
98230,11559
96006,9993
85959,15380
88398,16972
99305,6115
86936,15173
107147,13752
89432,17730
104475,16654
93164,16088
77276,17237
107454,17846
89979,22915
105360,6366
88586,10217
84105,14861
104625,13091
78707,21996
98962,5134
105679,7467
107418,12752
93072,59031
78519,17401
98281,20389
99872,7514
99188,4530
102719,14941
107129,11428
86785,16283
80533,17612
78168,18917
96300,32169
85605,10848
77676,15475
86360,9706
95177,41082
77263,7983
83488,18022
106949,20412
86400,11749
103763,11014
98495,11236
94363,7265
101940,9080
81366,18472
99546,12309
80651,15211
101196,12068
102050,9602
99804,8202
87153,8294
81225,13416
76181,23449
98469,18685
93979,12837
87480,19043
76369,15335
88375,14159
79983,13734
87393,14186
88732,10321
85383,7412
101126,6390
95928,18422
103011,3365
80083,37801
96118,10955
85674,14715
82917,17011
91143,14321
101645,10861
92817,15627
97402,9580
83885,22957
101758,12388
98594,10045
102018,834
77568,17260
92202,21983
83954,13597
92567,11344
99006,30744
90732,13992
81955,15300
82585,11730
106285,11361
93620,19861
90725,15896
92088,13721
107174,5978
90304,14231
104127,17343
98880,8802
83303,6100
94770,31499
89074,18576
107549,20836
99624,20495
105181,8545
88189,8135
76455,22206
101020,9312
76745,15150
89568,16646
83478,10281
85747,16001
106272,28537
82872,16942
107532,9505
90049,9196
81364,12301
98040,8768
102958,14566
79260,29205
92243,37793
88478,17338
86621,19490
104072,21898
90813,13501
107620,19257
85958,8887
91758,26539
92388,37529
95940,15819
95423,26696
78205,13005
92781,25903
76964,17921
91309,20308
87312,14169
99960,7491
105615,18523
81777,13504
90088,7810
101916,8384
102032,11977
78757,30465
85089,10981
107536,12246
79554,10961
100053,12668
102087,17079
79180,40222
78292,9374
87547,19548
96714,11554
101388,11496
98889,7374
90037,10855
95831,25898
101678,10293
77780,25623
104014,17328
105304,6812
77837,19005
88541,6969
89143,17937
90294,18492
94097,20818
99108,14753
107044,11770
108467,21917
88739,22554
102441,13407
86183,9799
106346,12530
84130,15213
107757,9549
84412,11166
96522,30692
79372,20378
106945,17612
88312,7682
97814,15402
94724,51026
79892,16779
94500,19765
102161,16170
85073,11304
103316,11167
81537,13706
79187,30114
93646,26719
84942,11590
105305,31521
102440,7867
99694,15609
97189,9945
89680,14272
104471,10626
98066,5287
104541,10419
90039,6976
99640,14449
85034,14383
105699,9180
103097,8750
79154,25645
79730,21362
93954,19375
106821,15068
108129,10183
81433,20748
106810,9488
89340,8256
92137,30671
89457,6309
91797,23025
92334,20761
99141,19080
104901,16529
98189,8776
95071,21305
85149,16135
83164,13862
79589,3248
96533,23251
79514,20657
97024,17562
84010,7755
77716,35038
99999,8421
91937,30358
83222,17625
83874,12966
85379,8334
80923,30880
87263,17596
77648,14352
90784,23113
76092,27677
85877,10408
108297,9911
81020,31934
80092,25669
94008,19460
101425,7086
81218,22976
102599,14887
79959,22438
88223,16573
97792,17592
98438,7368
107986,36188
83947,7942
105867,19921
107403,19264
88885,14010
98450,9774
83554,6677
92398,27125
97238,4883
79115,50410
92394,14874
86813,11839
106364,9319
93974,24178
96921,7610
76493,15645
76358,13979
89895,8744
91354,22643
105589,20185
96412,26429
98970,10535
103020,9533
87261,18662
76112,29536
96166,12215
90696,14342
94089,26453
78422,16527
106298,12010
105489,17986
108304,27091
102353,7145
76411,18245
84847,12900
91646,12417
76141,17288
90730,6350
100429,11487
85989,10698
105539,11631
79951,36232
96676,6724
100762,5318
92509,28211
79582,26187
108529,20274
86542,12077
80669,21246
99953,12820
93023,16486
102223,15217
102167,7108
84525,8221
76654,31527
96998,13187
94337,17840
105106,9503
77494,38386
91245,24956
98303,22766
96838,25173
82064,17124
101129,8431
78108,12600
95497,18434
81175,12162
89631,33258
93976,19793
86199,19916
106842,4381
78263,13261
89187,16436
104396,21476
87198,21981
78994,13409
82655,9664
76432,18164
95404,21101
83767,12655
87719,10193
105980,10150
99851,20273
80432,8732
80344,29793
83694,21798
96247,19934
86395,20855
103276,8797
80262,13468
88698,3915
101575,10101
101293,3333
76732,17006
108287,21445
100140,10304
85239,11227
85252,13442
77174,10430
86250,18447
101740,10773
108134,8898
82406,32723
88667,12529
96978,8557
78635,15108
96572,9144
87841,11436
77951,20234
77253,10646
99102,10533
105959,6321
91687,26881
83483,6577
80361,46240
94647,12173
100857,8256
82465,12515
100672,9614
88369,15589
89345,11946
89610,7138
108452,52001
77913,54669
94990,33852
78501,12656
78393,12779
101975,7564
93585,39825
80079,22227
92292,34750
88595,12176
107865,19484
106687,16629
101741,14668
93999,20507
107722,15158
80167,26364
81844,5212
77048,18523
107873,21847
84939,10466
106486,19330
84683,9425
83721,25213
95371,16416
77370,25341
81285,19361
92306,15417
107739,23862
89483,8607
78832,20654
95190,26805
100747,6910
106957,13188
101143,8458
92745,31823
96890,3838
76809,10883
101202,9923
98845,18341
106599,9491
102195,7690
92630,24595
94558,20431
93959,24085
77993,32104
105814,21744
90144,14185
102474,10402
93582,41664
95183,19181
102451,6967
90109,3518
78889,18742
94338,22468
88104,16462
99955,8436
91274,19193
82254,30727
94279,19091
84677,13150
86814,21880
107316,17733
108497,21401
97403,14036
104859,10544
76106,28595
77307,31113
105083,15369
101644,7595
75980,25482
80678,28319
96987,7097
84261,13781
103391,9420
84290,9435
103179,7638
92887,20310
88486,11683
95325,19540
108122,5865
85364,15106
80688,34240
84356,20054
82717,17360
95166,24235
81154,11512
105294,25598
101409,19265
90808,15600
91000,29965
107931,31001
80058,18682
90511,17701
92525,30859
90057,11161
80266,13126
84467,14140
90576,20260
82575,15881
91601,39903
80196,20047
83418,14998
97121,16937
102024,12503
85225,14455
107001,28021
82592,15636
96681,12337
87462,9953
96787,12334
98868,5912
86472,20189
91250,18425
84328,11411
101840,7687
78225,21071
81026,9670
82325,9511
106596,12874
99810,17201
88054,17397
80041,30203
102577,10959
95870,20305
76937,19815
108359,17175
102482,11742
105228,21868
94110,50856
91022,44109
84243,7852
88868,19525
86994,15310
103924,10376
102415,13129
89954,13258
98212,6480
101117,10164
103865,10454
81944,15174
87371,15821
103778,6783
84310,18496
78146,24303
83910,15381
96498,34364
103937,1981
97439,14911
85156,9607
93197,18285
98573,7689
96816,12792
94610,17550
102536,4886
81021,13972
105037,20922
82891,16903
83601,14766
93413,15567
84517,10593
98296,9638
83442,12893
83641,11526
106454,26191
88540,6598
101350,18121
86741,20014
79411,48722
81400,17358
92460,14746
76076,27955
85593,11997
99476,9464
99991,15440
80184,20138
91365,38981
87967,10077
97960,7387
106216,9929
94470,38947
105054,22718
76801,22644
84376,13027
95818,28356
101354,7928
81184,13133
95386,28393
94813,18919
100188,11127
97816,15994
101948,7007
108229,21211
77604,23594
103052,16157
83998,8901
103163,9747
78407,22430
106267,13707
84808,17960
102176,5198
103807,11894
102936,9577
77803,19876
91153,18983
96806,26745
107797,18396
92654,9283
82110,37174
92570,20705
84350,12362
82022,35278
101036,12271
93012,17505
104053,10655
79339,19651
79767,8275
97252,14211
95098,27097
99791,23221
95121,22199
100598,8430
88806,17358
93433,15759
85064,20344
103820,5842
86190,19032
96438,18067
106282,9765
93667,18173
93191,16144
103899,9762
93568,38232
104546,24720
80852,25676
91782,14548
100867,16325
96727,8130
88787,15473
80175,15924
106215,23140
82884,10173
99701,8749
96972,9103
102844,15764
85912,7440
105580,14073
92949,16692
95794,26030
81410,16403
103413,7905
94880,24179
87634,7889
94036,23094
82130,14629
97256,12695
103817,10863
104456,8819
78003,14693
104097,14247
98797,7284
107315,17093
106755,29331
81147,19949
105271,5745
89017,7669
90194,20108
106608,7029
106146,27230
105471,12805
104538,9027
78198,34260
104720,13888
94900,26021
94045,33409
100816,12630
85400,8535
96876,24523
93515,24002
94077,24949
87247,23871
105067,20881
95538,48285
79301,13560
89679,18267
90677,23151
100348,16117
82373,23649
104030,15088
91200,27156
108132,9986
96587,11579
92498,18419
103409,10623
91232,22288
80016,19775
98705,9690
94058,51514
107248,17907
85165,6170
87202,14698
84291,11324
96682,26170
76451,34535
91004,20480
87541,12757
84735,8698
86029,13121
87675,10997
79434,29463
104691,23559
95401,12923
103975,10403
106441,12191
105335,22584
86453,5984
84490,22604
96908,12629
87472,10946
99908,3973
84898,10037
87539,11189
100666,14458
82231,17114
92648,22883
84694,9224
81594,8620
82685,9573
76620,36323
76943,18694
80231,23257
94782,10523
83815,15843
101713,11171
86358,11235
98701,19300
106421,11135
97920,8604
108072,17281
91315,22034
98550,11967
99263,6647
95373,16486
80445,10381
76982,16368
85544,10730
101977,12084
80279,21578
102808,7281
107325,14291
79988,18700
83473,6363
80074,25135
87094,12699
80523,15942
84129,14331
100159,10237
94256,26091
79199,25024
106674,18544
76299,15240
82217,35169
87294,16255
87361,7757
105782,11496
99109,12309
97733,24130
80963,23294
105129,15745
103322,10864
90068,14662
93845,18717
104956,23148
103473,7064
78167,21026
80718,35948
85621,16034
88490,9846
105456,12657
98490,9786
86488,9521
107303,20239
106463,10352
100403,9401
86991,20331
95381,40294
85219,9701
104635,20370
99004,12303
80747,26815
97854,31045
102646,7941
93364,34901
101209,5985
89140,16797
96244,12283
93727,15159
82138,26430
97759,18443
86015,15902
81090,24820
106085,7850
101600,13648
94831,22013
96566,12196
82361,28102
80479,23238
82068,10623
104750,10488
93539,16486
98127,9922
96971,14548
94105,20941
95326,18181
107438,14657
100536,8893
92659,18119
94809,30993
84186,7917
85631,8799
86381,16795
78721,21996
91773,19183
90453,14819
107225,15946
89949,11698
104531,12331
76979,17921
104743,7791
87731,9283
79915,8175
105072,29567
99332,9421
88800,5842
89522,6785
105361,9750
96528,13617
101546,6215
78680,21335
87029,13167
80591,53927
79887,23537
76107,31159
78272,14816
88116,12160
99644,11827
87595,19621
79324,17553
76408,48110
79173,14702
95084,10890
95455,23724
83809,12877
107320,15237
78828,26071
76284,16142
105622,11182
99344,7931
79395,16540
86906,11601
107576,10652
99418,11026
89050,14259
83758,9258
76289,31876
95798,28537
76119,21830
87583,19975
93110,18057
92911,20811
99758,7797
91697,30162
85260,17004
108475,19503
84184,10780
95737,18459
105286,13854
105354,11979
101587,12904
99526,12217
82328,15021
91052,16253
81332,47433
84562,18783
86175,19152
94828,27023
76792,35769
80436,18431
88143,10329
102644,15849
79459,25467
82225,14422
83772,12919
82109,22005
102803,10480
91947,51410
88498,4472
104204,18219
103303,17241
95989,21168
90917,29853
104994,14718
91408,20028
79084,23659
94840,9937
103127,14176
93504,16018
88642,11652
95535,29920
82775,12354
96490,10474
77545,47180
104939,7388
97679,12433
95462,15021
82601,7394
91541,25128
82997,18642
86757,5724
86498,15962
78468,15054
98262,22138
108488,23823
84813,10553
84965,8738
78478,29754
98819,17072
101543,14137
82061,24796
101359,11777
107203,11765
98811,29111
102982,10613
89603,21649
95083,57524
102426,10803
88264,11775
87119,12537
86554,16120
103454,16157
99382,20834
84255,9365
101580,8652
82690,24088
103650,11519
92587,79471
92831,13244
104410,19736
89264,12405
82865,16574
76984,22332
94265,23721
76786,9930
86379,11402
89735,12300
97066,12849
77007,21741
89137,13682
78243,15077
76669,27623
89281,18823
105621,23276
84020,11250
90142,20661
79677,23938
101025,13427
101821,10772
77424,15048
80188,20722
94655,27755
85282,7813
78763,10812
85774,16362
79278,10215
84460,15602
81489,26843
90788,20323
90191,10855
106772,31810
108112,20461
84380,12380
93636,62215
103749,8841
93435,13336
81394,11585
82146,33910
98362,2929
88250,10364
107041,17473
103478,18315
89273,9601
93583,35332
92107,25147
79557,7771
77861,10904
84591,20844
102756,5506
91798,24068
100309,16157
94987,22941
89991,14312
81523,23219
82815,14645
84366,8898
105609,7209
89695,6455
86242,16240
82477,5835
83774,8488
103676,9127
85371,17450
77386,38285
93572,10407
77535,23568
97174,11392
78330,34777
94032,13218
97537,14364
93975,13994
80657,26701
85971,13499
77536,13688
81757,15404
81232,27828
88606,9793
107709,9400
79596,21143
85671,17400
93617,25977
104211,16788
98843,9805
76153,47590
105258,7859
94812,27141
82892,16960
87816,15036
90058,6844
95471,9839
90419,12311
88777,13761
101559,8246
86808,15999
93637,19616
81562,14574
76442,32883
79967,28685
88683,18996
78139,8899
86530,11318
77000,28092
101915,11160
90706,11628
77396,19170
83475,18661
104217,14975
101461,7927
82676,7123
104438,13470
94757,23572
84916,15373
85934,20213
93051,18546
85136,8394
86448,10502
102828,10139
101564,9327
85740,22443
107725,19011
77165,21551
107859,13762
83065,8181
83470,25962
82147,23410
103691,6135
84024,14166
99630,9612
105243,18212
103804,8659
80130,10246
97317,8620
78532,35990
98989,7120
87716,9302
103640,5351
100541,17062
101428,6045
100899,4718
91739,27588
94502,41166
93919,25235
79707,50138
91516,36822
93156,26745
93340,27825
86892,9542
80420,17435
91660,53785
104006,14152
79833,39217
101663,7591
102471,15061
105380,8644
107076,21828
97009,22242
78577,32923
100281,8263
81075,51728
105712,28323
90807,14745
84240,14739
96951,19200
77270,17745
81760,13142
92040,39510
89339,16864
95256,24404
84788,19718
83686,11882
98633,8535
76608,20834
98918,19054
100264,10191
93998,19338
90051,7747
100506,13112
95747,12977
91393,12723
101051,12841
107844,15613
105479,18211
102468,11872
106785,16101
91577,16894
80832,10108
88616,2903
78897,22041
83228,14518
90389,7742
90154,12619
107664,21282
84602,6824
103155,7456
94290,21971
84292,9994
82455,28154
84453,8073
89161,16949
104207,14795
85660,9925
80032,28999
75996,19908
83712,12524
89784,10130
101364,3880
79099,20528
101423,10237
89977,6881
87688,9346
87401,15852
90723,13623
85875,9824
106387,26842
76002,11539
99436,9718
107239,13321
80251,26889
85127,29706
90351,8968
95526,24307
79335,31104
104754,11143
91081,29640
82005,14543
89414,25465
102366,9470
107017,9301
88810,9852
86694,7307
79641,8132
104863,23071
100526,17046
80318,21862
100931,13651
102375,10768
78617,21505
103552,10663
108268,15678
77842,16578
88774,8303
82323,14051
94125,25443
98661,9358
100997,14500
76933,5511
76957,36736
84347,10147
102000,7170
84626,13926
82214,46523
105909,29256
107442,9178
102342,7977
104461,20366
80095,49491
83558,15539
104376,19634
105494,12299
81702,37026
108056,13692
84131,18614
94242,24307
102987,7221
99643,17586
78954,31434
85511,17557
85380,10238
77232,27316
86585,9712
99729,13339
94946,25885
97768,18601
83855,19682
92397,11656
90311,10135
99324,8065
81167,14894
80030,35163
103679,8919
80164,11582
103198,6612
87658,10478
102090,8615
92710,12932
88551,10599
91001,22759
100653,10456
106050,14604
92084,14635
77402,19800
101296,8846
107242,16077
95646,18315
99126,7830
90982,20996
94896,27895
93011,16214
84607,17811
83352,7063
86097,17838
99312,7333
77584,28990
97372,13186
107179,18023
105835,15149
92924,25659
90798,7618
77487,20240
87523,9394
104328,29350
91404,15903
105702,19588
86051,10931
98136,12280
91149,18802
84015,11372
78227,23845
91810,41897
92345,23307
102647,17800
106549,11044
97007,20555
86887,16768
103983,14914
89554,13413
88066,11499
98778,19375
91459,32441
79659,27852
83978,6769
88036,17317
80483,13359
101770,2144
98220,22181
84427,11003
94491,15541
83782,12691
101945,9313
96613,13215
80126,45068
83381,16624
100263,9846
94953,21155
84413,14281
94816,44871
78578,23070
89766,15861
78560,33068
106444,17129
100883,2622
102769,8970
106426,33751
92404,38731
84800,8148
90714,11713
96274,17651
88259,8543
90683,13573
78878,13080
78675,11397
102189,19133
97959,18072
78324,21100
100397,10767
89808,12238
102920,9261
77724,11669
97183,16666
102360,7102
81748,19461
100225,6491
101411,11799
93887,25466
94437,15013
102317,7876
100939,10534
102016,7105
88651,9574
99340,5188
107078,25427
100937,11015
86922,11090
77864,28655
105180,14195
85599,8248
94556,46133
88368,20949
81005,56952
79083,31239
95200,27666
94374,23550
94160,22367
104549,15332
85933,16421
104848,20614
104424,29224
78183,16065
99280,22322
97928,7185
93122,15208
107991,5226
92468,28711
97451,8807
94463,15889
77629,17937
86008,12423
106210,29542
106181,14412
87485,11214
107645,10255
100084,12412
88201,10747
86236,16654
97090,15278
83909,14524
77686,29991
85505,20210
92046,26267
76681,13325
102648,8194
104998,44553
86349,10352
77229,16550
93379,20473
84973,4082
80681,28976
97876,10878
89330,10788
106836,22076
96449,10588
88765,17583
85710,7562
104002,27338
99224,7403
96767,24264
91035,32335
91531,10541
95857,23166
81338,21085
97921,13160
94040,31694
88240,12434
104643,12278
84702,8347
79809,14192
82171,16145
102481,10763
99514,9699
76656,55016
86176,14037
85784,11382
91529,24739
96184,8344
94982,25977
89887,22497
91306,15908
94801,17263
84873,13732
105262,18478
78755,18503
105378,20099
107314,25803
88401,16822
104523,10785
95968,15555
106940,16891
85854,12755
100090,16170
94299,24624
95815,45757
83336,13850
93357,10136
83671,11655
95352,17369
81447,12974
82530,10233
84072,6941
79590,37870
81072,17867
100894,12266
94501,25639
98410,17234
77356,32872
89008,7508
79270,70313
102768,8435
104671,15965
91482,28257
93496,25538
89699,6877
93711,19573
92768,23798
102118,9812
99410,6803
101552,7994
105876,8913
106386,25912
94563,19893
95860,16440
83636,11085
98837,6209
78724,9779
92579,26012
82223,27996
84289,9457
77579,30269
83896,7179
87389,7227
88139,8594
106790,32390
82260,26535
101627,9470
81876,21020
91029,19504
84583,3515
108158,10308
108203,15405
98582,8048
107003,40665
107777,27308
90308,7673
76799,16277
101387,13901
79964,22491
91606,25755
103952,13797
88622,8032
94559,48821
76143,18023
94903,21687
104486,24219
87551,7249
78063,47812
102556,6248
100052,10542
107074,29896
92069,25356
107850,29324
104540,13793
96846,22867
92391,26148
84659,18586
84117,16848
79120,13100
91389,12727
84349,8646
90954,44413
92695,14435
107811,22350
81971,19517
83450,8071
75976,25474
102965,10026
90287,22209
77605,45597
91214,28393
108303,15200
94860,43316
79366,19525
106091,12836
76439,35550
87417,33505
93478,14147
107216,20497
103764,15603
86879,13584
103625,14327
76402,10107
80311,19315
80391,36952
100880,13314
83171,5818
88078,7920
84318,17576
93526,22179
94190,15921
97052,11871
86101,9490
87543,20808
85029,10450
83740,15786
100089,5974
98227,17312
98248,7873
107138,31669
86854,10548
102785,6559
87839,13032
93906,21068
84661,17465
87432,10782
85654,18479
90678,12304
95299,18964
95236,28746
107608,31448
87004,19203
100566,10605
80665,11937
88010,7407
102663,12270
85485,11036
101269,10064
104674,24505
89263,16905
95420,20132
102691,6382
86663,7920
106138,16189
91571,22920
93819,14308
78571,19399
94985,11370
93301,17432
106718,12159
86771,16708
87704,7955
79666,16589
107584,17382
84895,11137
108408,9962
98171,17940
83310,10413
86673,16015
82853,14661
105650,12856
98670,13678
85066,5114
83794,6376
80583,11496
88130,14666
98999,8874
101330,7087
94984,18945
97990,7864
86985,18677
105865,22351
108519,24760
85264,15374
99920,14032
79757,24622
102991,12214
82734,15210
93798,25527
78739,18118
94102,26279
107720,14092
104818,24594
105035,5741
78882,13273
106768,9386
104488,17700
83401,20688
96513,12159
103742,7587
85746,15659
89503,7585
86162,10199
90081,11261
87809,17687
105903,13080
91476,22668
77323,24096
79344,41399
86967,12323
87631,13137
91478,21885
87477,17328
97456,25570
91210,29090
88841,22951
86262,14426
98038,21722
108461,17904
95645,21086
91233,19388
81480,26799
82671,17317
105275,10937
77852,16101
90565,21615
89172,10916
102384,9524
88944,8790
80531,19535
101795,7965
90744,5941
78179,30206
94388,25720
92546,18773
84282,14094
87078,17544
93190,36789
92014,13843
104501,24818
79523,22006
81096,20686
78193,32664
94720,38463
97242,10728
103784,12068
100186,8804
91494,13069
98765,4200
97370,20321
76295,28513
105840,20310
100641,7696
97160,29831
96440,22698
84853,5660
105223,10208
105879,10166
80347,30321
84534,9889
85045,10704
99348,24958
105487,19177
101906,6778
84905,12151
105810,12191
76346,10438
104163,9661
91997,22095
94182,18583
98583,13158
78048,21348
91650,16144
99045,25086
90167,12658
81936,6372
97322,8453
79506,16111
101689,10300
99677,5823
104364,7780
104493,20792
85811,11669
76088,18872
107014,9853
85517,12973
100065,11793
100700,9105
100178,9471
86072,18747
89071,8069
76027,12024
84394,11026
97989,17664
77527,11201
89342,10273
94118,21281
94468,32788
76061,20678
85744,9726
105185,8440
79043,18858
103948,10793
98325,6927
77056,17674
85262,11055
94885,28148
92436,72699
105339,9913
85288,7654
92944,21136
83145,14971
87905,10610
89188,11753
90245,14821
80370,17268
92165,38865
91638,17622
103657,11924
81016,19594
103792,17224
94815,15049
78957,10258
83141,9096
107365,12246
95563,26817
76918,33592
87215,13501
108328,11494
108027,19390
79325,37237
89545,13680
103967,8415
77530,35548
95330,36525
78671,2299
102103,9368
80024,12630
89481,9449
89138,11073
98762,6727
86166,17620
91396,15740
94749,43771
95788,17283
99730,12104
102801,13834
87208,12162
83098,10824
96015,26427
107970,23896
77471,32981
85822,7535
100518,9409
97282,19338
107193,8189
104825,9083
82687,30163
83026,12413
77470,14872
79254,13140
108020,5343
99103,6384
78665,32141
86932,13023
79269,17110
92024,53198
95652,30029
96170,9972
83586,15365
100804,9274
100758,13492
107628,18702
108337,11024
83175,16468
90838,6355
102741,14914
81263,13651
97071,7289
95004,22306
107019,16801
95503,17109
86249,13142
106921,29083
89972,19903
77660,27172
77328,28572
98264,11339
86800,16354
76661,19883
81734,41789
84741,11705
89926,32054
79502,12640
96963,11823
97855,27863
86877,19848
96814,22361
94648,36103
103104,7090
77999,23189
77500,25475
108189,11772
107124,17121
105320,15837
84589,11937
100502,3896
84272,19050
90146,6136
89016,10830
92360,18790
97341,14520
99635,10659
93758,21436
104345,20693
104346,12012
103219,19142
94240,14788
100510,16243
97788,9552
87877,18969
83993,8267
95268,33044
90857,11988
89897,17737
103642,8576
79712,24654
84733,6483
103510,10145
82151,15461
89275,6303
97022,22284
89964,6793
103169,10542
98586,11466
78199,8492
78507,20998
88856,14413
79309,19240
85685,10909
76527,14071
81636,15281
86638,12972
106517,17505
102023,13582
91620,48669
101886,6908
84887,13052
84751,8955
92613,24992
91825,24530
101895,12580
90560,18107
105545,8983
78700,19431
82886,19418
105649,10613
77577,17092
98003,21539
80537,28618
87387,14310
97626,6286
92948,27582
104000,10641
78385,21102
103301,9881
100102,6933
91401,15359
105726,10041
108002,13668
96055,8104
86533,21582
84966,13966
82750,9192
84780,17588
99760,9576
96353,26568
90252,19088
92114,22265
85641,11319
78846,31390
97479,26899
100657,5324
92553,20444
87684,8073
76579,22711
104441,7550
102915,11839
98255,10584
84716,11055
85426,11202
76829,17854
77899,36878
93875,17381
94170,34791
96206,18954
82777,15006
99399,8364
76017,22674
78785,15502
104195,7486
100767,10664
93500,16701
103248,6790
101828,7812
93209,24576
96665,6098
94208,21184
81789,45752
92578,16843
84750,13282
107543,13359
83294,16061
82408,9315
104836,26453
87366,9616
100488,8016
87296,16990
99820,7251
103856,6253
80536,21823
95407,21710
78024,21777
88166,18002
79046,14482
100829,7511
99250,9456
107164,8021
83857,8256
90031,24290
97531,29640
78237,17209
77205,19481
84796,17555
79769,18375
79899,11923
81570,27913
96209,8288
108012,12445
83784,11428
95293,30021
107894,9444
90118,8163
81548,14691
91246,13305
106066,29654
76349,55501
84792,11011
94792,19558
98772,9770
81023,29025
92760,15235
81049,29816
103697,7222
82248,29557
85475,28173
80927,27128
93520,21442
103034,8236
88006,15798
80697,16712
89565,17812
106983,15752
76042,21558
95214,20546
77712,17804
102226,7671
106128,30714
94347,42116
84176,11560
92633,35758
89147,11117
76200,18429
91972,25916
95624,15753
88237,12886
90626,17990
79402,28560
92751,17272
93494,27695
77785,30926
108502,10438
76356,11180
90256,8035
76286,19422
98835,24028
78799,26998
99864,13271
89317,20876
81235,35112
82980,8736
79032,13424
94549,17108
86872,10395
101730,14385
82684,11419
99516,11044
80017,7496
99863,12741
92792,32722
100593,10661
86135,6629
78870,10678
107586,22972
83757,13302
92765,21815
84890,9503
108290,13312
82893,28419
89660,8615
105543,12287
106368,12133
81799,35306
102757,5603
87520,7927
85172,7886
76593,16496
99431,9107
104403,16762
102932,9730
81998,13312
81391,9637
108151,12948
100164,15455
77950,37879
100416,10512
108237,12872
93464,19472
83899,11428
107184,16261
78001,33303
98816,6838
98737,22385
105432,20716
99160,3145
99195,2031
90337,8279
85546,16959
107128,20164
93327,32381
81501,28578
78485,15860
98491,21765
91265,23660
97185,14598
95708,18687
92269,22024
90122,13391
84219,10013
95920,18471
82679,12997
105174,14507
90879,11700
77507,41948
88757,12982
101256,8228
83426,17975
76075,33107
76871,18041
77695,36644
103555,10578
94893,21818
95836,16570
92061,12338
79710,10619
93899,13837
83299,10394
95620,31695
104279,19388
83705,17259
95472,32468
106260,16217
76886,15565
97248,11794
80660,15122
101333,11347
89360,7386
85450,8168
88836,16085
77416,26770
79577,23779
98503,7590
76778,13705
93681,14916
98418,6536
98615,9946
91857,30230
85059,11343
84064,14395
83511,10694
87961,11974
89756,8347
106904,11985
78218,24934
91503,23532
77126,10120
97801,8561
87474,11113
77057,23222
79478,24379
90041,19177
83374,11344
102094,11180
103780,20887
105079,7794
80462,23903
101705,12899
105756,24950
88993,10018
89593,7812
86338,17521
77853,27112
92077,29245
102494,8531
92534,37228
78971,27687
84687,18646
88376,10749
105707,14085
80939,23109
82258,20214
104917,8208
95086,18175
79275,15343
104721,9567
107939,20951
106703,9330
107820,9138
79947,19687
89961,11146
106451,10058
98821,11750
77748,32881
104802,23686
81481,45917
93544,17134
89611,13864
79850,30357
81466,24060
90668,7014
89743,15485
106672,23928
76030,16640
97231,6214
93484,30430
81393,11731
94369,13481
93507,32636
100752,7628
95565,26055
98749,14396
99634,11504
86127,7426
101842,15118
108481,10728
82863,12312
90043,10025
76857,33773
83241,11771
103197,7509
95458,13685
76515,9362
84987,13086
80199,18490
77835,22487
80809,12908
77245,24615
104828,14309
107338,8154
78811,34702
76708,35754
88559,10261
99380,8414
89411,7515
94532,24179
88046,6083
99155,10882
80986,14650
96122,25832
78618,19595
98205,3563
98995,26222
102432,9537
78709,11778
93586,22363
98147,8699
95468,38249
95425,16223
89106,10466
85764,9694
87674,10927
106365,36207
106263,7449
97423,14376
86855,15556
101637,8565
100129,7370
89346,11317
80037,7442
87439,7853
76329,55049
101234,16059
93715,29054
96728,20905
88023,15631
100289,13990
93685,11090
97301,13146
100588,10749
78240,16765
91194,32681
78088,20758
103811,10227
79852,20548
77718,18849
99968,6764
82937,13858
106774,18476
85107,9673
77329,24639
106498,13670
80946,20288
89630,22614
105995,26309
79926,47550
93982,13984
95152,41343
102460,13829
86797,18262
98696,13913
87491,20875
93185,19899
90910,18559
102510,6013
99707,12832
106468,9591
97505,14642
85240,17128
89795,24943
78677,16240
94311,20832
79406,32148
85528,22788
95656,15964
102783,12458
76191,27228
96193,12644
108352,20929
94226,25553
94472,21789
78628,8452
96861,17416
89698,14592
89021,17072
98919,11846
107511,28297
104317,13072
105587,14801
89244,14086
108221,42400
104558,20714
99691,11733
81153,21963
83019,12911
84699,7942
92354,46373
77258,33676
81991,14062
99191,15085
80072,19128
97195,26070
83104,16123
104712,10584
100443,12501
93443,29524
85543,11821
82977,17314
92597,28968
89182,16918
89737,9683
103093,13775
103417,5575
78550,14309
93081,33248
80992,12723
83725,11799
90755,13742
89727,24709
82723,13903
85046,7505
105507,20841
102497,7729
86897,9692
81522,13810
106201,21983
87615,10828
84646,10581
104296,26230
84433,5920
101470,12843
76641,21212
88265,8952
101728,11830
83541,9487
93807,33574
83873,10627
76785,48167
83629,10473
87576,18191
93395,16564
95537,18468
89598,6876
78074,34148
102980,9210
104929,17210
97395,13333
106751,22079
101628,14912
103613,12489
103641,11329
95834,19160
101797,2368
80042,23665
81608,20762
86535,14599
98235,22685
94784,16315
79342,12802
97906,18345
84622,13269
85948,19130
88274,12054
92480,19655
86378,17181
107558,11664
88531,13859
103681,13175
103559,7438
102821,12054
77372,30181
108078,10427
96014,9225
91072,18589
78981,15188
85860,4687
91538,19382
100904,15084
83903,13841
89075,10403
87210,5155
95405,16728
101957,13043
91384,24142
91816,22444
93271,19405
106951,18115
77457,16123
99216,10359
106683,7622
79593,14293
92575,16105
106332,21565
99751,13693
97844,20140
90776,7541
107788,30915
97552,9085
85396,8827
90072,7689
104380,9882
108171,14989
82534,16081
77917,23634
76212,18742
77975,18123
96718,26715
101250,7531
102875,20463
97385,9755
93943,21428
76389,16195
104653,19997
85000,11397
100844,6469
94384,43159
91625,18345
92124,25218
100983,11888
97669,22911
76674,19827
104012,19503
100742,12130
97937,8635
99509,24887
99834,8708
104037,14860
96369,15322
86125,9785
102999,5057
85473,10903
90508,8168
105281,30450
90368,10257
84029,10344
88603,11029
102423,6430
105253,21542
76230,17599
100316,10658
102553,10198
76308,43447
101348,10817
105689,26343
78347,28461
88127,18745
97320,12255
98421,13942
87422,11933
90886,5410
82580,7735
106420,8955
80218,12858
77197,8802
81116,14349
103847,10226
76611,24940
80677,14187
91546,13771
83706,11660
83288,10205
83664,10103
81103,29660
104136,19463
79754,26212
80794,28210
90027,6191
99186,11457
79957,11203
83420,14303
106971,10720
88929,12311
79354,17562
104624,20081
103631,2630
106329,13232
94466,26984
79495,12532
92262,15708
103626,10978
102620,9816
103026,11631
95440,25801
90675,8132
92169,20324
85598,8596
93980,14835
89884,7761
100361,10193
95314,20469
102984,12867
97290,30642
88702,8107
79250,22431
101218,10754
85994,16514
91181,16182
105974,10349
92222,27103
91691,29229
103472,7963
90116,10351
94185,17464
95705,26562
92442,8887
83759,11274
106311,27289
108531,16271
88487,7898
88956,11111
80477,24422
95422,12195
77410,12097
91873,24866
95274,22446
90023,7138
77204,15615
76504,20798
105902,5007
81820,14406
89405,9673
92206,15639
79328,18307
94971,18383
91185,47633
103332,11903
105983,16888
81775,21011
81946,23933
97846,25010
103884,10546
105182,8371
76148,25479
99255,18292
87785,11003
78903,12771
94578,22601
107853,12793
76717,30277
99052,9245
82390,34072
83676,8568
87748,19925
95443,27280
94430,16117
83886,16954
78492,13198
97540,12567
103167,17009
82621,11542
88729,21957
97779,8716
87179,8358
83693,11011
83068,13697
87978,10938
77547,12574
104135,10202
91838,21151
81044,17073
82100,31091
79196,11970
103420,8952
84430,12364
95116,26806
88758,9651
102600,14640
97943,22724
82923,17576
84173,16493
91455,24433
104107,13482
84031,7501
103307,4898
103516,11445
94534,13006
89498,17617
78100,7986
86728,10447
89787,21288
99604,6778
87920,12721
95679,28868
106342,11007
105013,9031
94526,25129
79217,14436
105206,19121
80930,14382
101748,9563
108486,12566
93949,30828
99658,23999
97561,18782
101617,8261
81330,48740
101771,7145
97270,6367
101595,13892
98215,10857
84007,12964
92680,20916
78992,16511
107596,21765
77206,13673
82743,11105
83701,15428
99165,10860
94432,20473
86548,13797
76397,20630
100070,6372
103513,8231
80091,20225
76782,21256
100886,10677
103951,7734
87351,16678
85974,17480
79314,21820
102475,12904
101614,7194
99033,9497
97666,12498
99253,9533
91658,21043
82007,18573
76687,54337
83921,12391
92186,25466
85865,13688
78521,10339
77902,15419
101697,13453
98102,10004
88037,10874
87226,5023
107492,9899
100723,8269
78581,14068
104777,9112
95606,15167
101145,7471
98544,10748
96417,22739
102714,10542
85830,11575
80541,26704
88142,13886
95553,30315
107711,15422
82572,9851
77820,55835
94456,16681
90433,5584
78161,27825
98322,34781
101884,9982
98723,9256
100828,9896
100612,13028
78754,15798
95053,52906
87293,11159
83679,15879
102810,7203
103021,14831
90497,15631
106798,12570
96234,13574
97962,7868
81585,10676
101255,8110
95824,18335
97053,13824
106657,20222
107453,18351
77979,14080
93717,18715
100424,8994
105579,25578
85608,18718
107878,24510
83229,15332
95478,28092
104405,21494
86681,7137
81901,16639
77806,13477
102650,10332
80845,23161
77445,17369
79206,31402
105219,18355
82665,3938
79532,28441
98125,6407
77147,18753
84836,9742
105376,17714
77343,30059
108114,15983
94994,11900
88610,6155
99609,7305
107243,20822
98829,13955
85362,16040
87409,11238
95322,24354
86185,10722
81792,31626
84113,10936
86139,16812
84719,15830
85120,14806
101693,4910
77413,19922
77179,18989
91580,54584
84116,11741
93025,46442
105224,8367
102854,11568
76237,22610
105595,21321
80155,34181
92056,27507
103229,16261
98783,12188
106357,9541
92305,30042
96312,9211
86890,8164
93354,14329
86898,11746
76058,18788
90555,8643
107136,11032
107052,29746
76384,50251
101670,13983
102438,10666
81063,17988
88254,11218
87041,9932
84909,8250
79053,19138
88187,9750
85814,11786
106396,18907
90460,15339
79261,17677
105167,11437
84047,17710
96771,12769
91074,47201
92357,25477
99588,8874
78138,31208
94328,17526
92019,12894
77557,25212
83024,16335
94888,14129
94193,28012
97909,19104
79111,42038
97936,13630
95276,38765
107815,17718
92806,20329
91317,19789
89507,21304
97462,17722
93693,17786
81331,27045
77260,50159
105287,13787
86064,5127
94906,28957
94965,18347
105863,8082
96962,11971
82573,16514
83271,9417
94624,9574
105014,22530
99965,10542
98009,12010
108442,10129
78211,32895
87609,3996
95639,15111
83389,12934
84086,16491
105956,10626
108384,5389
99053,8121
85503,10144
100879,5679
102238,17020
107311,19122
90740,8412
96463,27834
96521,27317
100020,8289
86048,16261
90310,15871
95810,12364
106809,6807
90420,14788
77189,22763
103940,11004
99054,20279
86669,16164
108226,8645
107731,15775
102410,6749
107012,10136
85117,6358
89298,8448
80880,18050
86954,12783
100029,15671
98943,11229
81089,30671
89148,11698
98024,9307
84621,15975
98748,21439
106824,18929
106049,21828
108266,16902
98763,4889
100238,10023
107279,10956
78188,49331
90443,14535
95384,1731
98928,21784
83992,8418
94914,18345
92340,13413
77677,13206
90840,16114
106434,34908
83736,17502
90022,13090
87633,2465
101312,14687
92614,25887
79410,10907
83220,10186
96064,10995
96470,9979
77247,9507
102732,19018
92569,21611
103467,12767
102976,8181
87220,19323
82183,15417
88173,11608
94227,22869
83048,16305
85320,16185
90217,15651
97112,14257
78246,10175
82000,22138
79672,11851
93499,20677
103355,7557
93334,29469
77302,15035
87100,15357
92568,39932
102148,7690
81098,22194
77544,33140
92644,31089
95996,26245
79138,14305
97082,28382
85843,8235
103831,11203
78047,27551
99184,12254
83023,7731
100629,6759
106087,16884
87161,14116
97572,10108
86106,18655
90163,13383
95623,41857
104349,14346
84422,8903
107061,10807
78175,35894
87468,12466
87136,13067
84238,9506
85432,11175
85363,19397
105017,9957
80633,29962
82273,28907
76668,23951
100970,13138
104985,10666
76457,17980
102241,7756
90884,8616
79706,21513
92608,20058
86284,11027
103990,10788
106152,17873
97553,19003
106477,8846
78423,24352
82766,17435
77477,51040
97680,12370
96346,14129
104141,17640
80807,24187
100442,11142
107029,17392
90213,6434
88434,19787
96441,9717
80102,14963
105520,29913
78279,31090
95023,8359
76739,20189
76776,31818
89754,22625
92585,15899
83197,8975
99947,13732
108399,13507
99140,8220
91454,10755
104130,6089
108320,13383
93440,31075
105567,14555
89460,7854
79662,27076
88491,17456
77034,17484
90404,18936
76014,12219
104971,9912
92516,13402
86856,8467
90648,18161
97201,10793
79186,20582
98204,9236
82568,30387
97595,6992
101703,9734
84202,9620
97310,7077
105498,14257
78896,36032
106029,17312
90047,13851
83277,19592
103503,12590
104327,19852
78026,33287
80909,21898
85733,8664
103986,13998
103236,15455
94181,24287
78518,23074
88239,8489
94503,49285
76074,15102
94424,20330
97663,18263
82357,21382
92631,26792
95482,48577
90697,15607
78798,19805
103348,13965
83659,11654
91108,14691
77916,16137
106086,18565
81928,22310
108406,9534
89731,15380
106178,14089
107719,22645
90633,16997
100003,2691
98978,16264
88009,16531
96631,13886
93628,20206
87288,10263
82057,27465
82925,15425
100038,9504
78420,15496
96271,8085
97966,14791
96110,8841
80393,14399
78706,17977
107484,19062
103084,10694
99792,6937
93476,34961
88975,10320
83981,14344
79492,16430
76802,31385
83781,6194
95719,28777
106177,26709
80626,30893
76158,13188
91434,18347
80463,25117
86263,10029
107666,23912
94262,21600
103501,14556
89996,15525
87306,9161
82265,15819
106825,16284
98851,18543
80547,26899
100440,11015
103194,10421
90394,33857
86111,6401
88528,20588
86857,10261
78099,8942
92331,18433
96016,18622
91750,27959
92459,22489
107321,23167
87091,9722
97925,3336
81737,15670
99093,9196
99531,11087
84423,10661
76406,23383
107350,19959
76326,47988
84338,24160
76577,24019
95385,13823
90391,17134
107624,25733
99241,6372
80248,21227
85295,16273
96343,9414
80926,12263
94027,21715
79544,18392
84425,10418
105264,12528
82643,7696
93474,14186
107072,8868
83519,3746
85962,17068
96932,27958
100759,10595
107022,6985
77012,36631
100651,8633
89430,20166
88981,16090
95740,23108
101954,15109
103408,6224
81304,10568
108421,22250
93532,21020
101576,13807
79931,19672
108176,10862
84455,17814
106797,31312
76513,18699
89674,16169
77722,22485
84754,18147
106492,10482
99242,7908
107569,11656
94320,18176
82637,10588
96550,16608
105480,19083
100624,8804
89114,11885
100866,6997
81896,15832
102689,18819
97911,11640
97099,6660
92071,19550
95849,44199
102903,10564
103725,15154
101176,11865
103887,10437
80921,28138
92266,21128
106467,8031
92139,23285
106826,28151
88193,13827
106211,15559
88612,15991
89179,16287
80004,25965
98225,9044
99856,21214
87150,23386
94786,28292
98471,19300
103319,13747
89393,7634
85789,15819
97761,19085
101800,11042
91588,29485
76096,10320
77378,20898
105010,17407
93587,29663
90171,8041
90438,7697
91148,17142
91323,30021
98577,9158
77741,15628
87789,15330
94742,30640
78295,8454
104797,6537
77425,11225
96208,18375
100731,10464
93163,34266
85915,8291
89993,10845
99626,24562
78228,21652
78779,11449
78654,17463
82947,19865
99479,5906
90585,15730
79933,23038
79287,22151
92899,27391
93755,27545
92117,31059
102417,10501
106587,28478
108201,42018
88442,6779
82673,10340
104223,11187
86036,6399
93425,24818
96693,10639
82050,36885
99460,7109
81829,33655
83925,13115
94041,31876
82035,15700
107368,8658
105591,28312
107782,9503
96340,13853
97566,8125
91719,14421
79210,16237
89898,9231
106642,12725
93485,19096
98774,11916
90967,20014
89550,18104
99247,8261
99897,6739
91394,23002
88135,5577
84111,17472
91479,27076
82622,7506
104106,28743
77050,30923
105631,10547
86427,6677
93552,45587
81830,35439
82034,19389
105857,20052
91623,19643
87886,16835
78123,2605
101951,8540
97543,10310
79462,47780
90234,2619
81860,21518
87045,5554
107162,13087
90414,15353
78353,27798
90940,20446
104123,26670
88330,9967
84769,8123
108396,19962
89556,8857
91348,12328
107687,17512
90777,14202
104801,21892
82951,12160
106440,18730
83562,9072
95283,20632
84042,9179
97883,10816
101997,8115
82566,10229
87497,11582
79697,12795
85723,18869
103511,12903
101075,11963
108424,11007
102011,13895
90054,12656
105933,16124
83807,15201
77338,29982
96060,7414
103133,10387
76548,17717
79177,22888
88937,13814
105216,9325
80415,12081
89404,5494
99503,12232
102640,16170
108003,30866
78038,12246
96267,21882
106361,27264
90046,5599
81034,21094
77832,21722
76482,11649
103687,7888
104148,15573
96008,8893
77464,29661
83612,16564
88727,16772
92881,19458
78787,35854
92593,16220
93216,13268
108447,8709
91746,29852
78670,17096
93142,27604
103515,11599
101254,12468
103532,11470
95650,22565
100251,15119
82597,10014
83045,8154
95764,23534
83685,9547
108088,18059
99800,8829
104273,10428
86860,6851
103756,7760
90038,8403
81692,10869
76875,11926
82474,9507
84165,11143
92416,18796
76486,14905
83332,16744
86362,6806
99000,13652
79474,10199
81625,18101
84416,11090
107026,45074
78888,26920
91402,13063
104996,14940
108161,22250
95547,18232
81861,12679
77574,35445
88480,9417
78311,29849
79130,26840
86087,19208
96083,9338
102730,4911
93459,29276
103121,6618
106519,12042
90685,9455
95357,14230
104263,1918
92978,24845
85290,11680
90632,7409
105283,14947
77070,18514
97304,18805
97350,23500
88499,8248
88773,16784
97413,11040
97795,13949
102571,4553
100395,9408
83692,18590
88058,9118
88108,19747
89818,6148
84732,12212
79794,14669
103320,6112
91794,14965
83061,14019
88593,13933
100252,8162
87177,6602
108018,8893
102667,15049
77541,11993
78985,33934
96495,12939
91698,18444
80282,19356
92825,26400
92684,25919
93840,36975
85266,5846
96656,10684
87600,11271
106994,7711
101405,13224
86756,3430
91439,12904
85088,9325
93892,16062
108240,18880
91934,25576
79263,21247
99012,13903
99507,19696
104775,13166
76783,19457
98630,6105
105799,11546
79687,17850
102242,10359
104987,14852
76197,16010
79819,37948
105059,16243
103748,7731
104789,20991
107740,19816
94310,18992
95974,24152
78991,28207
85346,12889
104905,20675
84858,8278
95021,23821
79234,47329
93929,30106
93964,21578
102327,18371
93930,40633
94220,38082
97355,16192
101356,14681
80132,48235
96537,9225
95767,10139
102780,11659
98549,5112
91031,29361
91922,18886
92327,19856
101273,7987
83564,9398
93121,15767
91848,22166
99112,12155
79484,21838
83792,12080
88337,19484
98896,5837
82576,19135
85186,10906
103570,7423
94806,30144
107394,8475
106891,8540
77508,34253
78851,45962
81113,24430
85437,12142
82280,11370
85886,17305
79625,25582
95239,39200
82313,52267
90789,19590
92484,18345
88349,6685
87936,2455
96057,10033
102286,9820
97187,7742
85499,8544
104015,14172
99732,11447
87915,12865
81687,11802
86009,21055
97444,8826
102004,15208
104458,7644
98519,7023
82785,16018
103479,19509
100675,12868
102764,8434
84770,13385
106124,7090
103447,7963
101681,13993
97714,16415
101446,14876
108526,16153
92403,17478
76218,55370
81456,9867
81297,29195
90637,16004
90327,7949
95775,15601
89328,9064
76281,10897
105285,23155
97967,15551
103677,7100
89371,15960
93864,9243
103191,6986
84138,15977
88931,26464
83174,10884
96700,17278
90557,7240
106224,17561
76032,15423
93904,11532
83233,9688
97166,13684
107008,11985
98411,7914
76898,14910
77335,21913
103661,13292
89251,19452
107278,10678
76306,22125
95821,32381
93738,28399
102085,15174
87697,15750
95925,17878
86432,15827
77843,9189
91784,20239
101658,16818
77139,28690
82509,9630
92105,27039
89714,11793
104701,16551
96529,13188
86466,13098
91745,14034
89336,11930
77392,6643
107821,24528
96431,8138
96177,9028
103091,6908
91003,19868
95781,19988
96216,13180
78178,51247
108259,19618
81909,8230
87054,13006
95949,17547
84912,15806
106750,10065
105535,8331
104790,10012
82394,39644
85536,10347
88663,10318
95114,22014
87720,10168
105355,6280
82633,9573
77178,17947
82650,10340
88354,18131
91594,11518
106838,29973
92201,27564
86903,17241
91790,30607
89435,20557
106192,9599
100291,7861
80263,17905
105259,6936
90581,12613
82168,14098
78900,20890
92927,20145
86035,12992
82812,6001
90960,15417
80564,32409
88136,13262
81598,11186
84515,19015
76559,20640
85602,12939
87221,19285
103271,3000
94627,3509
79016,15905
89875,16209
89037,16471
100203,6158
86521,7305
100287,6947
100028,9067
99993,13007
89572,16522
89439,18183
105686,9656
92939,15986
94055,30405
80380,23781
99967,5033
95543,15929
97455,12014
77160,13303
105212,19950
100236,9445
107291,10402
104571,8952
107474,13211
93115,40906
92068,21458
101225,12127
87087,11971
98133,13445
108494,23056
93501,25444
99785,9587
99377,10680
104791,21387
95521,24714
98752,23941
100191,6590
86298,10904
85617,9392
101651,14323
93014,16145
89934,8394
85334,15591
97879,15624
79690,21818
108126,19911
77117,44444
99027,17011
102822,12136
80603,14579
98014,6441
77131,47124
93449,21660
96996,17690
86682,6429
88766,2736
89860,5126
103646,7319
97690,18356
101168,8424
106415,7603
83711,22053
87996,12827
79855,15968
105266,13414
92717,40857
88833,13994
100290,3053
79845,12390
102781,17144
80780,28327
95643,17967
90478,5638
78919,44181
87599,18373
83576,12750
97582,23746
98560,2155
94839,15722
79584,30916
95009,42310
86194,9728
81291,15235
108264,7770
91618,26377
103987,2437
98687,8138
89683,9855
80178,14080
85041,8887
85795,8122
92667,26261
88648,9582
81003,21960
89530,9712
89343,18791
84383,11061
95447,21617
103195,12097
87916,9565
79701,8204
78939,33998
90700,7705
92770,23926
108076,30803
76716,21256
94223,16053
97551,21454
92126,31206
92616,28708
101680,10511
91237,34514
105108,11703
96867,7505
89088,13460
92402,21942
94049,19939
86720,9432
100554,18758
102551,13401
88297,10172
85365,9451
82994,8670
79914,13149
108258,18861
76068,16160
82252,10668
85769,17237
90927,40927
106917,14390
97051,7674
89757,7500
90517,8645
100679,6400
102698,12715
76935,15108
94802,29194
106017,28070
105400,10363
107120,13906
102046,10290
90067,12258
82781,13298
95277,48303
95689,22997
105027,19891
85236,16287
97380,16722
100285,20189
98812,12468
96265,24262
101336,9785
107335,18271
96385,13519
78322,34468
91805,40906
106808,13917
91272,25485
97409,9639
84801,13551
84783,15001
78594,23949
84618,11901
95162,16436
87803,14564
92565,14533
107155,21306
93075,25374
102973,9321
89247,7603
79555,26493
90326,19989
107169,17297
79268,18935
99954,10517
80374,25925
101695,4827
91260,62983
78376,20946
105554,11121
106897,18309
88890,21289
85043,9084
90014,16179
99924,9678
102210,12564
102041,11393
78082,53839
106653,8946
85042,6984
90502,15501
87396,17947
92489,20580
76383,14153
82522,10631
89906,17343
103260,8087
78162,11397
102594,8377
103841,7556
78789,18924
106717,9747
88775,6365
88109,13852
87997,16842
88027,16771
93890,13347
94101,22433
102675,6387
101475,11056
80558,10003
87171,7798
88266,10279
101850,15198
99649,16437
105512,13291
102290,11359
80390,19747
90266,6612
84938,9838
93151,47319
95267,32981
92188,23043
80014,22097
103390,12614
77627,25469
104741,7653
107297,9658
93101,24405
94142,18254
93814,24846
92300,31386
89616,9469
102876,10831
106731,20930
97653,13647
86484,9387
97041,10813
88263,18267
79035,17784
85171,21388
99949,10378
97528,8268
89333,7233
108420,31852
103545,12330
87578,10805
89794,9470
78220,21882
86074,10561
82330,17318
77108,12688
90682,19249
105643,38622
104819,32017
98722,4389
82464,12246
80687,27438
101340,5660
86763,17042
103549,7120
85520,11625
95658,37848
98745,19298
102751,7158
86044,17780
87791,7242
85907,10298
82976,17537
87738,17555
96035,10420
88577,15050
87932,9948
100197,15034
87983,19668
83455,15376
100627,8675
108491,7369
103896,2960
100166,16086
84224,18642
82279,14160
102695,9860
91730,13422
91520,16872
93441,22124
104061,13725
85328,15942
78431,12372
89987,10483
89785,8419
87524,9640
105313,20283
97204,27499
81190,23652
106185,24842
90483,11450
85436,12234
89422,13232
94943,22142
84834,9991
104864,12306
104593,18662
97614,8492
105794,10427
87647,17877
79445,24111
86179,9913
80653,29489
86987,9209
94399,13849
85016,7604
97822,9868
78119,18176
100744,7077
105979,10466
99994,8075
100774,12580
92935,19271
98288,12567
76583,11533
83919,11542
81696,41819
82491,16630
105912,7823
81324,20590
76616,28257
77437,26522
87372,10854
92668,25934
89936,7099
103228,11527
97587,10052
101465,13742
83831,9987
106127,15722
81306,33118
90977,18904
104439,16716
93212,15101
102209,8458
100072,9480
82518,13467
103988,4605
89788,6828
81061,18298
102430,6570
97938,6445
82243,29162
98210,14442
108342,20918
83764,10747
106233,14777
99659,7942
99142,10913
98655,11403
108449,16969
104515,10681
97931,10593
100995,9260
96070,23212
76333,13827
106307,11524
92092,17425
78883,9335
94921,29755
78172,26071
96430,24691
82844,8336
82378,5128
105297,19959
95050,26085
93124,17555
80112,21197
86478,8937
83917,9240
100721,12604
94123,31097
100693,11983
106688,8614
102131,11407
99935,8209
102108,7835
82729,2107
77495,16128
98827,11848
97526,18207
104954,9057
78155,20414
79469,11897
98055,11898
102443,8901
91468,23999
96944,12086
90974,19634
97294,8363
98347,6794
96505,17052
100542,16305
79348,19633
95285,23302
103440,8132
91432,22860
84815,13558
88959,17789
96017,24948
105760,10581
102874,10763
103528,4249
87558,11105
95691,21960
106122,21182
92479,7650
106673,5203
108143,30367
88298,9985
102149,15223
87765,16753
90258,10418
96940,9274
108032,7288
77733,20899
90186,7078
94702,16895
95120,27821
91144,13906
103053,8540
99408,13181
79533,24398
99369,10558
105062,16648
102029,12530
96368,21213
101066,11350
100088,6025
84869,14460
100736,15455
85981,14435
98872,12936
84037,9450
89217,11088
89775,19378
88379,21145
80011,24057
80836,20519
105215,12186
93719,38916
107968,16699
98967,8817
85591,16660
80478,10788
92882,18271
89721,9543
101878,7822
102301,9629
101408,7135
81446,12859
100045,10571
82986,13952
78772,20962
78208,24666
81689,9829
96791,15263
79141,13241
84271,16173
94879,16341
107759,11136
83675,9342
88258,13520
96976,17994
92824,16998
98414,7692
85028,10259
97506,8791
92767,24332
100210,14501
84470,11720
90627,6757
98768,4069
105263,9884
81662,35496
93787,15439
82688,9387
88923,8935
97463,9825
93008,13861
86807,9649
79997,21168
106742,19191
94777,11715
86594,18526
82991,17121
102203,6800
103539,14449
96264,17542
77721,13209
107801,15232
99511,9799
92801,21141
82658,6511
91732,15289
76557,23074
91314,37425
82198,14528
100607,15155
80984,12773
77901,12424
95736,17071
86809,19402
78288,21803
101339,9968
87249,8281
82143,34603
83850,15878
106952,13191
106504,27386
87341,15424
94165,73189
79986,23427
97235,12220
84860,10774
94913,20416
82439,7604
83066,9753
76993,27167
88803,17840
77506,25351
76456,19743
84599,7440
76680,26017
78685,35772
80310,17836
107412,26604
89792,4636
87421,15980
88821,12077
101930,8030
105822,11012
97642,14209
107339,10374
76550,19825
88272,5805
85777,6739
104995,13990
82640,7510
80887,13829
105022,18950
79920,19185
96724,12426
87654,11519
80242,31232
103464,10761
99537,9979
92524,28436
83634,14324
77597,17410
87830,18802
87700,18253
86513,10076
92891,12392
79513,11007
101087,14260
85729,9363
107672,28487
77549,32820
94307,20899
84500,13661
98867,8052
103039,12274
91192,30076
82205,12049
100369,10399
107529,14581
106073,13886
87934,8448
99978,14015
97512,18390
78085,22408
83329,9631
106679,19987
102680,9361
100260,17913
98100,19999
79452,55395
94814,26312
83431,10515
102298,3860
86411,9793
105783,12399
79588,19391
77976,10527
103387,14674
93070,39972
108393,22566
105094,15977
101152,7456
87464,11084
92410,22589
102395,7816
98531,12761
89945,9704
102454,14728
104729,16321
89493,10630
92058,25531
93884,13877
87594,7436
100891,12350
81535,21928
80847,28883
90120,9188
76004,23875
76670,17526
82018,7838
90007,16326
76604,12435
88324,7428
84260,14823
104662,18443
80740,20636
94973,17303
89099,26400
89528,15719
87947,19804
76967,25356
94126,23997
92187,43155
104140,8287
80573,14122
99372,13420
79790,26652
94392,22328
103573,11304
96538,10274
96774,21891
83631,13035
89532,9292
83991,17808
95769,27198
83263,16630
87065,10266
107642,13645
85968,9124
77321,16774
79237,26174
98975,24085
95590,25717
104906,15981
103289,12126
82134,17089
108432,14829
79361,15045
79283,15752
108270,10377
100333,6066
89059,8849
96852,6922
89651,18030
82856,5013
103072,17936
108315,15080
95664,17716
87882,18337
81682,24068
102981,4563
104776,8561
97621,20019
100451,10720
94393,42773
87416,13414
105999,8399
91075,2563
104390,14549
78471,67206
91077,13049
81733,14458
81475,21224
89546,15252
81968,17873
82201,18134
100703,15701
108173,9453
99283,2344
88618,8151
77172,18503
105813,13226
85410,9125
77665,14144
106427,12074
100684,8216
77682,116088
106196,2009
88627,25494
108029,14773
80142,20606
101534,13640
106737,20342
84776,8342
100686,7133
100393,15313
95593,18838
106482,27630
82594,18166
95052,19076
77581,31845
105894,15724
98981,20202
103791,9676
89035,16962
78988,52131
102284,5975
78961,20005
100824,11302
80563,19118
106006,26647
98874,5731
92004,27562
76541,7086
76087,10479
96383,8757
89403,10823
85502,10865
78453,16307
105672,10338
94086,29283
103223,12080
106894,6255
104079,15022
76659,51170
78970,10916
94467,6560
106317,10436
90990,19495
85168,16051
85329,18028
90573,18116
87552,6483
106650,9268
97658,11512
103443,10087
108293,10381
106230,15229
90762,4458
90385,12280
92892,29996
87166,10632
88217,18117
107357,13222
104588,15162
106711,23903
82117,28616
76811,21457
96629,13717
82497,13609
105204,10045
92020,22633
103534,10927
87801,12783
76388,20853
101512,6538
88523,13524
82847,19737
96295,23417
104555,14547
82459,8189
88896,11429
98912,18980
87904,11867
97899,8651
84404,10673
83628,33237
98240,7403
77405,50593
95241,20114
86588,15162
100568,6999
103330,9797
88168,32672
99695,7825
105415,26960
108291,9289
82483,19074
76215,13084
95883,9602
93944,16660
80545,12491
87133,14006
107929,14463
103594,10700
98090,2773
85950,7646
97817,22852
80349,11776
92065,25472
81419,19476
103547,15751
82647,16987
103287,6638
92620,22788
97818,13097
94762,15739
86986,15250
80244,15250
81808,33645
101955,13652
100277,7756
97433,10279
101701,11410
88891,18875
97998,8912
84676,6128
85102,11471
95997,23471
108269,19015
101745,11695
94167,23939
100965,2618
96695,6721
84077,9263
95666,32021
93525,22648
86442,10186
98856,17939
102762,11747
91868,24302
85895,9374
83837,10005
97933,24429
77159,44364
86267,13883
102669,2528
99058,28123
83648,18679
90586,17124
96303,12000
91599,26940
104830,14194
103867,10542
103352,8315
85911,10485
86215,8856
100026,9592
87347,9559
95363,16322
105922,26329
100582,10853
90707,13188
89442,11039
107455,12078
79441,36602
99119,13006
84855,16362
95694,24406
98802,20555
93759,24789
100855,2626
93601,28756
103425,8235
79810,31340
106082,10784
96555,11941
76273,15150
81265,13705
76722,22087
87080,9609
85477,14225
100688,7195
101612,7144
107135,8800
82754,6798
77167,16210
95627,38569
77685,22333
81835,19565
108459,13508
99976,20441
77873,15879
91574,17753
98487,13353
101067,5032
86888,16670
79051,22688
105704,16875
93009,23923
79182,27647
77226,19997
83439,10605
106093,17909
85243,16537
77181,16656
85451,16326
76412,46291
87990,19009
82077,32413
86289,17706
81566,22938
82864,11349
99130,9664
96176,13660
102269,8078
91841,23372
76041,21941
104840,19630
106253,18188
98245,23648
77039,22289
100730,7855
87739,4749
107559,11413
103282,9804
76646,28753
80252,11810
103895,8847
92491,25812
89765,15253
106652,17648
88005,8400
99470,9542
77069,19377
77955,25204
90809,7547
91610,20302
102774,12051
78231,8721
101171,7745
94420,10412
91378,24842
82771,11168
99918,2435
103574,14180
86799,13234
94318,18321
76950,28432
101720,9034
106698,21167
103488,10699
99153,17624
104945,21029
82708,16841
80674,18860
84122,11125
100375,1869
89456,14298
82974,14098
104716,24049
88124,16335
101244,9218
82069,18385
98606,15423
94412,29957
106030,25131
89877,7490
83349,15211
84253,8473
79774,21894
87259,10799
81587,9221
94407,18888
105889,12668
90829,14131
90286,7993
90162,13117
86022,13056
108101,22935
76814,13611
106162,22230
106605,17072
99590,12466
102676,11716
107658,10499
82396,13531
108051,24809
92955,27233
83520,9833
80338,15949
89312,6407
80751,29553
90622,7082
79431,24065
82870,12697
106446,24073
96223,9055
100491,6917
90125,33855
107869,18718
78278,28028
104244,12217
93810,27488
90911,25424
81869,30615
100472,15817
101927,13395
99713,17546
108184,14166
99764,7537
101286,15928
106534,8235
77461,11190
108272,11584
106010,22143
89193,12847
87761,10944
88154,12583
97789,11725
98271,7495
84160,16151
80752,9933
106107,21425
87260,11011
76549,3988
106619,9666
93849,27608
96045,20147
98306,8648
91896,41576
94048,18588
104918,9896
97720,7486
97482,7108
94156,22098
96469,8774
96918,18715
97241,7956
78150,11984
77808,36432
103265,9872
99485,7393
77860,15015
83834,18659
82565,5670
104344,29979
88984,8931
92161,18919
102199,18509
103723,9999
94677,20133
104806,11053
87148,16513
78411,16711
97856,11288
80535,22030
90156,10397
82176,22805
76790,10121
91762,30299
78650,31832
82763,16420
82678,10785
100137,22257
78365,30375
88768,10772
80346,23437
106682,16991
97171,21333
81701,16327
84073,11360
79549,6772
100269,7029
78466,31169
80489,9009
100009,10773
78769,13055
96821,21485
107253,9535
76045,12475
85567,17756
104651,9724
94428,8862
90549,15989
100940,11625
105608,18651
105280,9897
92200,17483
91082,7711
77298,23403
99432,9967
80426,7142
100817,8122
98552,14251
102428,8511
100978,9251
96371,14419
84334,7686
90196,6646
102540,11154
96914,6785
100895,9617
105296,24669
101888,5837
104077,6787
94267,32257
96803,21609
88905,8952
106132,8859
104388,10556
92704,20188
86345,19715
98326,51014
98572,25989
98754,25078
77794,11872
101082,6722
98455,11796
95796,17634
98861,20238
87570,6421
91904,21008
84147,15134
79470,31224
100012,8039
78698,18925
84929,12185
97808,13346
85299,8945
91297,44710
100772,6108
88500,7781
86077,19029
91891,18922
81059,23639
91023,26500
94693,27828
83779,13280
102323,7513
86078,10320
85595,18361
78582,29125
82311,33644
107228,27243
90613,15669
102643,9878
87044,16324
94680,22024
86222,15843
92844,23099
107625,3049
98155,6680
95145,12621
79545,17659
86312,7122
106466,12273
102721,7013
82720,8368
89908,13089
86593,4421
86930,7824
80460,14843
85235,19227
103331,13096
96526,21428
93359,16591
104761,10484
76684,26948
76697,20534
92488,20434
107148,22089
100685,8332
79407,21987
90983,21210
80435,12812
106658,25194
76894,33248
77367,14898
80301,36117
81032,21168
107900,36763
83046,13613
102331,13153
94376,11509
83559,11904
103509,12500
76553,19131
85897,10360
91644,15608
101598,19481
89707,10723
106964,15689
86117,8233
100179,12891
98605,26719
99719,9024
96764,19059
97262,9095
79645,22365
85785,13662
103444,7430
105639,14822
106379,21610
94283,12956
80195,16058
84709,17187
106270,16777
106321,28373
102975,10185
77231,43061
82488,7289
100406,13467
79606,9047
81036,15153
95806,28899
97217,18879
93696,24320
84438,9217
108083,14803
94109,30097
81873,23388
83535,10103
108253,9376
103572,6642
97782,21016
85759,16915
101313,8814
98905,13071
96344,20410
79144,14090
93593,7269
99886,10511
96085,8368
91717,24463
100170,13791
101760,16170
104762,29688
94364,16353
81819,18017
88720,12429
76810,19082
91505,31096
91740,30393
107115,30508
79860,20343
103392,9304
107926,7537
98206,11993
91551,41740
100331,13068
76115,21901
82255,15625
104007,20678
77667,7408
97247,13130
104182,44183
84802,11625
82517,6214
79978,39371
104400,30839
98809,14358
96889,17071
106291,26857
99347,9698
101462,6964
92841,29166
78210,66782
90440,16247
84119,11396
96872,13251
99411,7056
88399,15264
93645,18328
106472,12796
93223,16189
100761,9415
84396,9642
81694,23892
91499,51717
86428,2541
95718,17241
102532,8579
101976,8018
101696,8825
98887,7132
88660,16695
88640,16544
84379,13962
84581,16046
102278,8824
87590,10825
105244,21686
85140,18909
100212,6728
82463,8991
89649,12346
105119,19751
101138,10831
97613,12898
106323,12148
102910,8206
106664,17354
78285,20536
90102,10991
96386,7213
90800,7699
98566,19351
101815,13451
101798,13464
97728,13243
99174,13481
94250,18396
88827,10364
105493,8845
77991,27559
106003,12749
102938,14041
80815,17084
102775,13526
106108,9006
86213,13167
97119,17608
90341,16878
81713,25645
99887,6854
80067,44717
104710,24882
99374,9870
102685,9478
88454,9728
88121,16826
104607,13361
108321,15393
100788,16768
79504,20115
108273,18263
94291,27997
92974,19186
98506,7365
92238,24087
101214,7566
92872,24162
92412,15224
99487,29112
95246,30023
83843,9923
77705,18358
82903,16386
99335,13827
83112,12486
82946,12205
105777,14567
87013,10502
96752,8543
106136,19844
79867,34124
84377,11358
100807,15086
77327,32567
90531,14741
80907,9619
84019,17600
90542,16284
77431,10579
100648,14094
86836,9783
85657,9795
104881,20877
87108,3245
103909,14429
101363,10817
83894,9515
87239,16694
99880,7506
101105,9082
103682,10835
84580,20189
103278,5157
81972,9670
96088,6415
89815,8015
83189,13460
93790,31390
86893,7131
85632,8062
84891,7337
81765,25000
104808,11084
78274,20896
104323,14952
104215,24171
83258,16372
85415,9253
76352,16879
105843,25419
79923,9504
86788,19025
106140,11687
107298,15927
80097,69800
84584,8985
97123,11341
82024,64255
80482,24404
85092,13696
107615,14348
83158,19333
98377,10278
101038,9279
86398,10831
93257,20526
76372,20307
91976,28294
89914,34038
102249,9788
92223,20509
96162,8033
78476,35954
84032,19927
87790,9971
99047,6711
85743,15584
100359,7560
105381,20635
87011,10873
106016,22514
104246,18091
98535,4502
101636,7209
86057,18586
103082,7476
98076,6726
83514,8243
103770,7790
81344,16009
95622,32650
103797,1737
93056,24299
78395,19374
89628,8343
103060,4885
76440,21282
91172,28752
92399,28396
93498,25359
88211,6194
101974,5966
92110,14612
108282,10492
91046,17110
87325,17683
91442,17291
105058,8646
83755,9784
84596,11182
86642,9837
104884,33644
99464,11966
76380,18878
84398,8323
86695,14049
84967,17159
91413,39720
104536,19535
103653,11824
82660,7536
96278,17341
104281,8846
96493,12339
84816,17036
96248,7821
84910,13645
76150,35745
84168,8190
91284,21111
95359,15981
99809,18529
97478,12903
90354,6812
76268,19263
99017,5368
92966,27511
98031,13705
102949,10091
96793,9338
88706,7635
100609,8994
89116,7918
85861,7241
81217,21634
93134,24966
93383,22161
108417,7457
84549,10969
97741,17909
82038,26980
104696,12048
102985,10897
76015,34392
89233,5192
107693,9011
79543,16681
88941,11399
107133,18356
84262,9021
80022,13009
92947,3227
106355,23262
84561,6857
98987,19870
106383,21364
81784,10479
100364,13086
107310,39431
95690,33447
76393,30133
99698,11275
92142,27760
83931,19718
89216,7772
78447,13095
88380,16183
106609,11419
87906,16669
107946,11094
98084,12264
86920,14819
96738,13136
90639,11355
85170,25965
78613,21457
105247,18507
90641,10066
103803,10788
101871,7171
84737,9020
88357,15880
76060,21190
96081,6984
95771,17061
90465,11886
105795,7515
99716,8970
86627,9024
76452,32081
106972,18566
85032,12597
92339,21040
92906,30479
107476,24955
98693,8210
100745,14981
93962,30387
87071,25671
78456,11923
98616,8227
89502,15134
84812,17373
99278,10605
106760,29847
93843,17380
89686,11661
89459,14094
86882,19190
89055,13876
103280,8130
82388,12959
84322,19719
99763,9699
89240,8259
89369,7846
97845,9259
98505,23248
83594,9864
76879,21389
107542,9243
80047,18753
103396,10393
91511,25589
103680,7904
90952,31117
80329,28718
95213,14085
93454,17045
98790,13642
90991,49556
103576,16059
95054,16184
91254,40633
78354,28674
82354,8192
88849,10912
89577,3212
92417,19061
87390,22183
90610,14778
76083,27374
81716,13280
91781,31066
90138,20343
82651,8647
97872,7613
84809,16050
107232,13938
82070,13381
98299,21796
108152,7354
81894,13988
92170,29825
76815,16879
85318,16356
101609,13864
85681,8463
90628,4440
81278,9128
85022,10649
106237,10043
99060,12484
97068,19717
81590,27152
87125,6959
86034,6047
92154,16045
94085,17663
84555,17750
96138,18432
87289,15773
96099,18069
92408,16696
79885,25343
77403,22046
78502,37242
101012,16170
87470,10699
85394,16814
90467,15940
101768,18216
82421,12827
85707,17599
90630,16218
83619,10527
102793,9987
78299,18545
108074,9974
80894,48616
107622,9440
89930,13415
105194,19881
87228,8187
87821,21953
79921,17999
85109,16984
104039,6419
103523,14176
84724,9703
101351,10850
76444,31773
108202,2937
92774,39662
97279,13180
94079,14550
101938,5755
105071,22429
91761,47068
79296,28700
100769,10721
88597,11265
85935,9837
100302,14499
89081,19275
86282,6921
107202,8645
101999,8657
77135,21427
99417,10405
90406,19185
94752,15255
83342,10268
98973,17780
79768,34230
77192,10444
80500,11728
76835,35107
86983,12894
97069,25805
97193,9516
105073,15886
108405,6789
90739,13957
100079,19489
97513,18118
108004,30686
100330,10788
88508,18111
81325,26159
105920,17730
81530,9362
86776,10598
80384,12394
105020,18672
104228,13317
103926,6032
92044,29209
107049,8641
107408,20056
97280,14470
84121,25077
107517,17521
81847,10981
93671,16743
81276,22049
105034,21205
82559,16225
97468,25284
101227,7979
84614,14770
76259,19726
81329,36402
91999,26811
83557,13788
82819,9003
83735,10626
103607,6921
93256,28121
89255,12017
102147,8550
86853,13543
76266,15173
85025,18624
79566,22129
95663,21806
96600,9184
99798,6149
96922,14633
76888,44229
78701,29134
108246,10539
102309,10807
89158,13228
95309,18214
90997,25678
88930,15162
86235,17621
86159,8716
101049,13565
81773,32448
81389,24634
88802,10945
85702,10569
98780,23552
84786,16375
85683,9743
77857,29079
88429,17238
102069,11007
104862,11818
108204,22006
105476,9745
91778,23183
100851,10952
82960,16434
84799,18595
86912,11274
101533,4634
90657,8878
88912,11832
86715,16380
87508,17611
87984,9512
94852,10982
94905,20704
76632,21908
84100,7108
95802,11918
93740,41063
98565,10391
104153,9581
82480,7030
100660,9896
76089,26466
104329,7881
76434,19764
84061,15638
92097,16932
96236,9181
78908,10614
104602,12141
102750,15297
103394,14988
88113,8760
95654,27311
86372,10608
103110,11930
88378,16939
97704,7485
90821,15543
84901,24232
93956,17122
96320,30503
81148,22150
96461,22236
84615,11048
108104,24381
78039,14852
91425,27226
77044,12624
83049,18303
99803,25479
77693,21626
95508,42151
101593,11254
101499,5966
88319,19910
107344,34234
88590,7575
102740,7592
85931,11826
77210,21789
104732,16015
101802,9736
106071,10646
107867,9614
103449,4664
79433,26077
94897,43344
79851,18504
103779,6741
84206,7421
101707,7325
90924,14485
92910,31745
95774,42049
78551,43578
97038,12375
107852,14107
87639,8071
89958,18038
77096,14688
80491,19697
97835,10717
88697,8200
78196,48043
100662,9814
93739,6991
101433,11484
79620,11332
98914,7792
86750,9336
99223,8666
100046,5423
77452,28131
104703,14535
98198,10618
104049,18976
102264,11505
104967,16271
82009,18266
79345,13337
76063,37377
92506,17975
105509,7454
87958,12398
104150,19007
76395,21471
92933,23374
105564,9490
101877,16058
97863,8929
98886,22412
108166,25253
84870,17782
105095,14725
91461,22574
89581,7082
79917,8152
86396,10949
77190,26126
81287,10526
103138,11266
87123,11147
103793,11027
93077,20032
107545,30971
99055,8709
101183,7684
100713,8207
94948,25847
104333,3472
99987,8102
85251,10495
78966,12096
106038,19934
80139,23374
86167,12791
99261,12342
92352,12930
106505,23601
100845,10745
99620,12384
99159,22024
106476,21985
98980,21047
93289,17737
108209,12429
83126,10607
100563,6262
105255,9420
94179,20283
90552,7737
91267,10286
96812,12645
88257,19164
88718,12028
83854,15154
94902,16761
92523,13450
89821,15818
95400,42924
84369,11312
104199,10618
82116,25858
100708,11636
82790,13457
81821,15950
88277,13816
81500,38009
86835,16408
79378,33346
91295,30087
91973,28195
104856,15113
77543,19728
108162,8662
91217,40839
87896,18665
98107,8693
100169,10542
90709,9546
80086,33723
81299,31746
96112,19263
103775,7008
95669,28591
78443,13739
83136,15666
103945,6495
93010,26200
91906,25599
85113,12802
79454,16355
95079,45742
77330,51539
83798,13045
90237,8081
90782,8465
93557,24073
80716,20303
103222,8223
88529,7710
79327,19295
103525,5632
77294,14243
86934,5726
83687,9737
101179,11107
86285,15861
108225,31809
79458,19369
79962,27683
77878,30660
79980,28722
78111,22134
96878,19737
91368,25977
85298,7337
85082,17285
91369,22239
96485,25003
77644,13419
87187,16525
108438,18306
83884,14209
79694,12893
83581,18007
89661,16202
91756,15744
94344,16405
104700,26231
82382,31683
107594,40771
78751,23580
80127,11378
99586,11884
79871,16716
107372,17817
108028,25845
85904,13263
102788,13798
99942,12831
107103,13812
84087,7449
97292,11990
104542,14698
94429,24124
86335,16207
82367,13010
86457,15623
107346,12867
77766,55934
94768,43189
84426,18131
104173,16610
80165,34296
80521,23853
95028,29732
77278,35354
104940,20290
76864,23728
87845,9044
86391,14877
85488,2820
87274,18563
102371,8293
77811,14669
80166,25383
85693,7923
86192,18011
104128,20599
76805,12798
76360,14166
100706,4722
101318,13257
99579,20786
77331,25321
107340,12243
90662,17888
83565,7153
89664,18997
78421,21753
85006,10316
93876,30656
97786,17318
96174,24582
87729,8555
83280,11680
102207,15184
100949,9855
105703,12962
100936,4555
80419,30710
85990,8944
107505,21892
81337,14124
93683,31794
94646,29151
93987,18248
80512,15166
76113,20964
106835,6707
100428,14177
105624,26111
89652,12363
95108,24247
99206,11462
76036,18226
86230,9344
84454,19850
79349,14861
85609,10609
77345,14501
78726,48759
94445,30562
107695,7201
106991,16656
79308,13160
86486,9186
80429,37822
87107,18189
80582,13365
90386,9253
98363,10691
76705,21963
104824,7653
104154,2464
91270,18610
83116,11099
105710,6241
95042,17466
88001,13983
85212,10842
91875,21245
108248,10011
106378,14862
89950,18645
108165,7383
83958,13967
101582,5959
106377,13595
104057,9622
92245,31996
91187,29546
88022,16845
92561,18478
96757,9332
104597,30944
101485,9226
88381,7669
103776,8102
91215,29420
103022,13507
101933,12597
93174,29685
105945,7506
78879,18677
82065,10674
99235,26541
81250,24004
98942,22610
82966,18576
81141,19917
101325,15710
82470,9348
79063,33676
95324,38085
86407,6446
94026,109869
106390,11048
105069,20766
88045,17736
85356,13710
80298,23712
78479,11094
98197,18451
76490,27505
77678,30819
87021,16283
107215,19793
81404,28485
84641,13854
96328,21995
83845,16122
102745,7476
105081,10475
92135,16153
105888,22199
103985,8152
92091,14812
88090,17987
106712,10215
83446,16665
84263,10600
87277,10473
90625,7075
79466,19768
77287,7832
91628,17226
89171,21321
78750,22034
77085,29100
80877,22019
76526,25869
81085,26043
107918,11059
89072,7860
103832,11355
90495,9144
100430,7459
94346,11105
94350,19484
85431,9480
105851,20492
106969,15552
95370,14654
94611,19864
79129,4846
76596,22792
93211,24566
102753,11662
98370,17404
90773,12202
98298,12229
98150,7578
101220,12053
80802,30533
91398,18832
86010,19589
81267,36631
79745,17286
105864,23258
99245,17975
77308,16119
85341,12877
78845,12474
78542,15903
95408,19707
99562,7591
82748,15838
79419,33623
107846,12534
90929,19192
77964,21379
95902,22347
105576,9420
94067,26623
82322,15338
94533,12491
102326,10204
97048,8396
84908,11274
81143,16678
90090,10426
93029,19548
85943,15188
95392,18802
107057,15239
89067,9226
85202,21054
81457,39714
77074,12207
94378,21107
78921,16037
80414,24224
78653,14903
87185,17780
103928,9560
77930,16146
93057,28098
81986,25861
87505,2945
104258,5724
100795,9208
82702,18033
98156,13109
81155,27132
82204,11277
79859,16411
79501,36107
78998,16742
93846,9206
83490,16149
81890,31086
78672,18290
79310,20790
81889,33283
84975,11802
104001,20170
90374,24757
76586,49433
80099,25812
78984,25050
76198,16105
106595,19256
78327,17342
88954,10096
94710,42959
82380,8479
95780,29654
80440,54224
103715,10797
94371,27516
105793,22657
104941,10169
77499,12589
79776,16535
102456,5479
87034,7434
98570,14797
86294,11663
86579,12793
78767,28100
101407,8541
90427,9569
86604,13153
104481,6632
102055,8924
76565,31391
101769,6018
86849,7587
89128,11716
77119,11064
94623,25920
94988,24734
107071,13862
106724,11750
79938,20238
98217,14762
96660,19028
82817,11197
89810,8831
108212,11039
82851,19509
106739,19572
98224,20349
79457,30096
87381,10663
89127,5606
79388,26526
100705,5906
106385,11975
76142,26658
79007,16164
95972,44254
100737,7815
81958,28133
100805,8408
81226,11239
94857,18905
103193,9704
80622,27734
92116,18760
108228,9925
84744,10471
90654,16088
90551,18304
78428,28542
80781,30765
87118,31241
90187,10447
76110,10840
81102,19192
89957,9990
103585,7540
95786,24778
90883,8120
94705,48806
98890,17841
91766,37688
95207,10230
77002,13058
98428,17511
85456,12902
102472,17203
83021,9951
94063,14723
94665,31136
81432,23359
79825,30614
95008,26788
104634,26044
89960,8309
99162,10491
99269,8690
102221,8161
88075,16263
86981,8619
97144,9657
95073,24323
107794,11044
82837,9474
76265,28030
102416,13963
106292,25854
94162,24626
85715,8311
108484,25512
103120,7854
98178,7882
92208,10047
82800,14162
86660,11474
94811,18739
95020,12619
103339,5956
76719,16556
106391,10005
95855,39803
107989,15035
82154,24212
77767,17266
102776,13459
79642,31447
77306,15359
98007,14334
105538,15265
84076,15361
77749,27250
95734,20610
80602,20110
100988,13888
83690,11648
84882,13752
101699,8337
86025,15393
104331,21594
93789,16144
100427,11170
89980,5494
92989,20647
96820,9009
76354,20740
93143,58323
95045,23079
78135,12942
85841,10378
105453,15203
86843,12892
76450,54158
94878,41801
85792,15360
92518,16940
91382,21989
91966,40413
95486,20866
108090,19994
83588,2501
101240,9007
79797,23003
101978,13880
77559,10320
84171,8854
84012,12451
78716,20890
100485,8881
98908,8842
93238,32029
95809,24409
107070,25239
102546,7810
104507,27207
92943,34844
90241,8210
79542,24533
82510,9669
93255,25181
96559,12395
108483,19153
82288,21208
104480,10353
92328,30173
95793,31301
105673,13733
95841,15719
98338,7874
103579,5784
76861,21123
84414,5460
102508,6387
83622,8636
98822,10934
86291,9963
84831,9311
82626,10399
105508,14926
77130,28015
94652,27803
83243,8879
80908,55114
106139,16801
91617,20930
83524,13848
94486,26226
106044,11564
87195,10090
77450,21911
99239,12121
104813,21138
108254,7811
105150,13498
88390,7929
97902,20647
101186,8337
79116,24525
77214,23462
79298,8231
91370,25819
84827,12357
107282,9700
97678,7597
93570,14605
77654,14050
77227,21862
106789,16852
78869,20809
76531,15361
83469,9832
92278,24468
105949,12105
89026,20623
102066,11358
96352,14587
77819,35062
79655,29506
84059,12558
96541,10189
89319,7262
107795,9652
96961,21233
78158,22009
77428,24284
101125,10307
95105,17763
80306,11187
88903,11084
80574,19005
76321,27431
88786,27836
95682,17045
103135,14088
84241,13657
77809,13295
92926,34339
105895,28742
86247,3078
103470,11616
98865,23720
107363,29978
76516,20443
96506,12289
106306,12374
89093,13373
108123,10506
83510,6369
86792,19268
99984,14619
76508,22002
86580,11146
88428,11049
103922,16255
96703,26781
107626,17321
90100,7077
101987,8916
88615,12351
100138,11630
83743,7472
82321,13947
88594,10303
93842,43717
89350,11754
87643,15215
105892,11706
105711,17200
95657,27489
96330,18394
96906,12412
82247,18271
97125,6782
101306,12368
96708,14895
77250,17400
95451,21728
99405,12959
94758,18440
101101,9112
77643,27658
90209,12556
90312,12810
93955,19086
76334,22683
85190,13601
97992,6994
92748,56264
79843,22056
88769,9995
97453,14324
82550,8955
90775,11517
88190,9864
100712,17061
77237,35665
78997,24795
105656,20379
93368,22612
93469,12919
98426,8241
96832,11168
85322,13733
97139,12155
78678,19009
97821,14525
95410,14199
107358,15897
96750,5784
102529,6059
76433,16496
101626,9979
77790,20375
82932,11981
89517,7102
82905,13675
88552,8261
103006,14164
88811,16487
101734,9669
99230,17528
106537,20011
107114,17584
98513,15915
92795,29348
98563,13901
78599,4857
78911,21564
84652,13295
91014,27791
90901,15363
82041,41252
79218,31216
107371,45351
94767,22802
91910,63004
103462,6871
77125,19091
95567,43613
95039,23077
85065,12939
78252,21352
89580,16508
96742,7525
79876,38820
94674,22416
107822,13565
92586,15428
78107,21331
91241,24202
79077,11295
86212,11519
107527,16581
88056,8542
108480,14573
77620,10579
97188,21341
94979,20252
105541,16736
105852,22564
99182,18365
91355,46641
88516,10830
76101,22832
87097,7157
96299,9089
100944,9358
83995,5104
100407,5259
88255,9710
93935,21668
95442,24528
93571,27563
78642,57440
94545,27503
97746,7758
96419,24968
102851,12039
102356,8847
94962,24783
89175,12260
104139,10348
103395,10925
97017,6402
101358,8757
107417,9802
97977,11479
86765,17425
95743,27066
97804,18076
87010,9705
86791,9352
97486,13409
81124,19258
105391,20019
90275,7808
104855,5590
82804,15497
94810,17588
79517,40942
101826,12439
89848,17744
90432,11705
83070,11588
78270,11115
99275,14532
92424,27667
103334,12415
79160,20598
98830,31599
87956,11573
84523,17649
78157,14805
79460,20979
81918,14232
98433,19827
104582,10054
80046,43135
82135,20011
89685,15576
100990,11919
85624,16258
88293,9566
82215,11211
91261,31631
78018,10697
78266,16644
101074,7748
97075,19207
81806,14854
80743,20826
95234,20774
100410,19362
106840,22146
89637,5987
85382,7253
83832,15603
108331,7611
82026,15718
108448,10220
90028,15873
107663,26266
107477,15220
93709,12571
91327,45967
98548,3324
79064,13483
100670,6995
96494,10948
89974,4551
96107,10902
78151,21642
79304,19336
92842,46780
87813,10759
88762,18312
90399,16584
78756,29062
94019,51904
82073,14087
91846,28261
97414,30816
92758,18452
101342,12127
105987,20934
81349,12961
103712,13437
83627,14381
95247,13754
92833,15571
104587,15754
93265,20122
90518,14010
104256,21677
80882,21959
108148,12207
81385,13619
87860,9571
107638,11535
103947,15961
91049,43648
97916,6460
95433,23690
95871,33125
85779,8821
103360,4412
80203,25508
88511,11147
101672,11745
82992,3399
103889,10646
103630,7441
103366,14260
97200,8189
104563,10444
85824,8583
91924,10318
96499,14043
99026,15835
81965,27892
91604,24547
77552,27874
93750,31256
78941,33106
102717,9912
100534,11446
99036,24160
101961,6435
76940,16043
106310,16635
81520,34465
91800,4746
95707,17508
96395,10603
90505,20262
95284,17497
98094,21536
97884,10076
98933,10581
77664,37458
93941,23029
87812,18356
81266,20507
103825,9184
99494,6870
91256,12259
91703,19139
99971,5748
76631,22610
103612,1949
98611,4491
94591,26619
80518,24753
94000,31588
85010,16984
87369,8448
86714,9515
79985,12863
88051,4167
97065,10369
91307,18833
98365,9159
76522,49676
96638,17336
79703,13253
83107,10533
79104,19356
93563,31346
82599,8294
83486,13607
92895,17462
108343,29407
101774,8189
82612,18339
86861,7413
101902,17024
82973,10988
89872,5851
105616,12275
84876,14311
105133,10785
98877,21963
98515,22635
98327,10296
106633,13074
82505,17938
105007,11248
97269,9653
78140,13408
82318,16801
92993,22614
97743,12012
87763,9930
104942,12290
92045,16752
97767,27095
108348,20648
89665,24302
96862,8582
78597,11024
107574,25300
94460,18313
86944,7486
104505,29888
94837,31434
84576,7761
82427,6966
80054,24539
103504,15860
101400,14636
95904,23763
99877,8971
87554,7596
81180,17433
101239,14006
94258,35599
82942,13691
101204,6844
98516,15303
86925,9600
104724,7148
84627,11691
90133,12316
100320,16964
88358,15247
94280,11637
95334,18440
95899,27434
87270,17822
80723,20602
80469,10662
80280,18088
79493,10647
92221,15420
88547,10867
97994,9336
100047,10173
96172,6073
88933,10072
107059,14124
104280,21390
94714,21430
88671,23529
102414,14172
78051,39287
89512,9393
98524,8810
88047,9331
84441,9171
78156,22714
78648,14690
78364,12568
86764,14195
78495,24763
94609,16492
83449,11197
102392,10376
102455,16136
83713,15376
97475,11979
93371,17779
94199,32727
85023,10463
95338,13094
90965,41668
77195,85780
81875,13549
104416,15771
87203,14198
91239,24983
78127,14727
98386,16053
96497,10523
83232,14023
107692,30374
100734,7754
78271,35418
100136,11239
86004,17876
77776,29113
84950,8259
84323,10258
87033,17351
94088,21029
100594,15090
103071,8592
89791,10178
97852,10455
105601,10778
82003,15589
84872,16027
82701,15473
92469,31980
92873,21489
82114,28936
101316,8227
85697,11504
100885,7902
95305,21641
93741,11608
76178,20724
84999,18906
104143,22262
105483,12022
86136,10268
99292,18610
95024,23149
107831,8794
95035,34878
86842,18666
79511,51397
99852,8266
92478,19459
93704,16561
101664,11819
76931,35909
81674,18686
102597,8159
100630,5681
76978,29480
102490,9793
100842,8094
102990,2931
105412,10478
78744,24268
76082,13515
82773,13077
107285,17901
85211,13174
101093,6839
96626,18948
103089,5807
98149,3852
89290,8498
104295,9292
106958,28902
102661,10593
84082,10121
88521,22941
78312,40671
85481,8368
88961,11212
96432,29794
77539,10988
88374,16630
102919,5789
94335,15230
85305,8316
96360,12088
85471,9023
104566,8764
102100,9352
80170,16669
103347,15032
87487,41232
84090,15043
100034,17679
86825,17028
80018,48742
102611,14700
102665,9702
92920,20569
89381,6628
105151,18338
84039,17044
102217,7523
102388,9608
98820,18315
100665,10684
90384,34009
92859,10527
106356,9091
104723,14455
93244,41436
77449,22189
107911,11710
81721,27535
85237,8246
87601,17859
98578,13070
80704,32774
89078,7087
92042,8685
100450,12240
95304,7926
76023,16814
90609,12965
95170,19010
96870,10193
107247,26610
100484,10541
77659,31641
79832,30550
91419,4295
80371,20796
83386,15332
103919,10527
95201,12103
84155,17847
90743,9988
104381,22005
89097,6940
102033,4687
91725,23857
92999,17893
95835,18895
102206,9899
101763,6492
81377,15706
105683,13526
91033,31091
103314,9633
105070,9253
86950,9023
79171,21862
81227,19178
80197,14178
92037,25024
84688,12527
101952,7944
88604,17366
104058,21047
106274,6607
84985,11065
99085,7146
80801,17040
80233,25569
81000,44193
89057,16136
98382,9879
106493,31349
95057,19412
84556,9459
103037,16059
92174,23813
90920,12945
93409,33022
87113,21541
104981,41044
104556,15541
92782,20415
90546,7240
105506,13741
84787,11828
100399,9694
105911,9153
101920,10554
89224,13629
106787,30511
83083,4732
102399,7046
77196,2066
104889,7099
79598,9696
100540,7487
107792,27361
85758,12702
79333,16067
99351,13159
86706,7757
89547,16008
88092,18013
90348,10547
96125,15769
86921,16511
76903,34306
95539,10404
89841,15594
102771,12948
87174,12870
81975,50120
95289,16753
77318,27922
76955,15083
80996,49458
87707,5797
84519,5725
96833,18400
97584,6923
104697,11078
85510,7769
79758,34047
99502,6058
80725,18374
104108,10416
107802,21746
84871,12692
85817,9130
95473,9486
85629,17022
99641,6763
82356,12961
96335,22323
103623,10312
84233,9059
93708,13667
97947,11616
84368,18247
92108,10707
86099,16180
95173,23523
78389,26594
106219,13613
88823,15911
95608,29177
95876,31157
86433,13745
95515,20551
97503,16695
89163,15046
106479,18967
83722,18728
80644,25016
86002,20123
86783,10820
91928,29966
102142,12610
106024,25088
76022,16925
95221,13454
105051,20745
99939,10003
103202,7027
104770,27799
88396,8126
93666,26329
100763,8232
96842,12396
78807,28308
85559,11011
84384,18851
95619,26745
104008,22282
98379,6653
90476,9190
88845,9648
80296,9204
88294,13174
86733,10382
101515,8304
107440,10385
81834,28784
94764,29306
94968,20091
88218,15123
87863,10483
104019,11017
103369,8898
106979,5857
89717,6778
94504,4250
85722,10699
85311,10641
103162,8862
79834,31388
102283,8418
102686,10761
85834,11316
83633,10533
101178,6418
102859,19814
97691,17470
99575,10720
81921,11660
88114,12322
100101,9854
101736,14369
92763,16983
93514,31495
86322,14782
84924,16612
85898,8481
93419,27965
88784,11086
95012,46202
81858,19912
101610,11552
99190,9646
87530,8973
86979,14582
77670,1715
81123,11211
81724,10542
77870,11384
84193,15680
105928,15641
97607,18714
96063,25142
77962,14062
81560,32448
100204,10484
89185,15382
91744,14558
91470,26865
78412,10827
96222,16593
95148,26817
106039,13229
79352,10673
96602,6665
102798,9361
107301,26065
96147,15925
87382,16394
79907,22375
102924,8334
78012,20524
78333,17609
105989,20866
90607,15824
86110,11693
81540,22480
77937,19783
84630,17487
80988,48932
92519,24633
95795,11115
86837,5665
82642,16969
86017,11821
84772,16059
103962,11166
106264,9162
84934,22702
91598,30769
104102,10106
81261,5293
78425,20571
96508,9178
98668,17723
93948,34746
82909,13563
91514,22377
100969,6130
102102,5639
103465,9532
95072,19564
87535,31068
107564,6446
103297,5997
106528,9919
83748,10292
98195,6776
102113,15585
94277,12439
93160,19567
92063,23240
81037,11638
92602,52324
93096,17620
97243,10510
78019,15437
107604,9435
101438,17001
86439,8684
82300,20371
105142,10897
84429,6112
98958,7615
92197,22378
82096,27335
81536,27628
101623,14473
85596,9543
90600,9864
80089,49086
87224,9629
87685,19812
90958,29739
81004,20185
91667,19250
77877,22431
90956,22521
87744,13157
96817,10911
97163,10913
102517,12338
83356,6375
89415,9332
100153,8614
96024,20393
92043,31837
100495,7751
79653,20611
88149,15722
98022,20761
84983,19815
98394,19739
78062,17029
83656,16837
93963,54742
81988,30800
95992,27941
82620,10884
82149,15886
106199,10274
107884,23959
106607,17770
84212,2919
88234,16341
96712,14024
101058,15875
81149,29201
92670,20958
101383,10235
82563,13364
100600,15887
90826,11251
102364,8398
80759,30892
79628,14870
86113,18563
96607,9433
96462,18825
88668,17079
85575,18211
97718,9916
107322,28810
79948,51495
84361,19616
77092,21197
82359,20622
87495,17051
102966,13958
104309,16914
106312,24403
85152,11897
80835,10653
99488,8842
101023,9814
82295,20689
94330,22482
96446,20626
99608,11963
108305,14791
106512,19432
104003,9148
103550,12200
86253,6769
88355,8945
101629,10741
101460,5512
87820,10661
83140,11640
89804,11766
101738,12968
101121,16305
81810,42197
102106,6404
80437,9046
101463,11995
97919,7659
107407,20800
76258,25315
100626,19367
92755,20199
102655,8424
89223,17328
95180,54043
96372,6833
84089,10951
82203,31533
98785,7498
95930,18290
92151,17299
105149,14141
104517,7632
85727,10430
104769,12872
106796,19525
79021,17901
86121,9699
103139,7992
87918,9008
80634,46356
103033,6978
80019,14669
108035,21190
77891,8290
95749,25301
86617,8214
77709,11201
77952,13446
97083,12588
78040,16458
96041,24277
101843,8588
103016,9572
86049,11799
98228,8483
90554,7143
103311,4295
80418,19379
81866,50832
101259,10283
92909,25519
79034,34953
77129,12950
99018,10874
107391,12426
108170,16582
80664,29261
94438,35284
100436,10042
107031,13196
103954,9036
78892,13191
88505,15422
103329,11039
88345,13406
105950,10034
98331,7468
77666,20201
95383,17267
108535,12803
78705,12091
79597,11194
97585,25747
93832,27044
97348,12112
87291,17390
96291,15479
84851,11781
105338,21312
84514,9146
105830,22431
78819,11147
79728,56459
105993,23006
104822,25386
101141,10719
82728,7409
83273,4645
107233,14429
81943,40657
105637,23644
81203,13267
95127,33167
79994,34393
96025,20849
97390,29242
107522,17906
99674,3933
83001,19719
94573,18863
91983,32468
89935,15446
83115,8121
108439,18850
82297,16170
96542,11500
78269,54292
104124,11370
90435,11908
97520,17143
85468,5875
83566,9925
106890,31484
98124,7074
85866,12938
104379,25394
99616,8881
77346,29197
83668,7961
94488,25348
87494,8936
84099,11661
78345,13919
95626,16733
91044,22383
91343,18640
99823,8525
97197,14192
76399,23056
95484,44883
89728,21051
93866,13015
94053,26918
103190,11924
76312,17921
79453,24622
99956,12128
96811,33623
100537,13595
98142,2405
106900,17106
89474,7245
76696,12456
87479,13912
84806,10243
85385,28147
93372,43902
92860,25715
105267,28049
86951,8535
79622,8392
95103,20283
87138,10658
91912,16866
78932,17115
106494,12493
91645,24185
76102,19902
79636,21966
99416,11998
95715,30387
81323,21775
96273,9240
95585,22053
91885,22511
80762,26364
79167,10172
87173,10884
92719,25344
87482,7340
95215,21387
104054,30615
103066,9118
102449,9905
93985,24242
99869,15868
88347,14179
77208,12717
79376,14206
98451,8776
88983,17094
106464,10266
89146,17233
105833,9961
79242,23341
107738,10183
77626,13842
77415,15743
82458,9567
80995,23506
98434,11948
106938,22640
102349,11024
85791,15467
103622,10193
108149,9508
86450,20216
107252,13302
76034,8179
82259,29570
76581,31746
95499,29926
76648,46007
75992,22182
81407,18210
105954,17103
97001,8671
96179,10227
77616,18041
108142,20145
89107,8508
108236,21345
92520,19262
93186,14244
96171,12667
78460,12899
85417,13256
100064,11018
92393,16440
83360,16419
103935,11170
106977,12970
107965,14395
91921,20832
105002,9457
93968,22103
83088,6584
92707,26183
89001,17432
95856,24979
88962,19048
99828,13651
87980,10660
103861,15497
90588,10680
91508,30707
86131,8402
97249,8804
88232,13827
78451,28706
79773,18293
82873,7264
104116,21047
83673,20856
77622,35696
94936,19309
93795,18448
96084,7310
105406,13514
102280,11163
83867,17315
83621,17484
98536,6582
101889,7421
84479,11965
77956,16289
99484,4409
82140,11050
79005,35522
77513,23161
92211,23803
85245,10868
92239,20715
97205,4794
84822,9496
104413,11097
98704,22807
76724,17378
101457,10688
85487,18686
107392,8216
90712,13652
105823,7592
100345,11306
104219,12959
90297,6671
77122,32461
104805,22770
94490,32618
99948,7667
103562,16233
93378,13906
92288,12397
78059,8820
96096,13089
95732,11382
87817,6463
101084,9525
90506,7784
95676,14923
90249,12673
95932,31126
103254,11257
99286,7448
84918,13935
97397,8011
88837,11920
99212,23830
86421,13363
78337,30881
76020,31610
88038,10287
91409,15683
95205,8326
108031,4651
105386,9430
100613,14829
95685,22956
78731,12014
87310,17004
101113,11510
89077,10069
96672,20355
86775,4925
79262,28083
104469,13157
98351,8563
80728,19522
97386,16820
97417,15542
93911,23060
99842,6797
97191,17818
103152,6570
100093,11715
104319,15405
78419,23077
106929,9173
107427,11083
93578,19999
103404,7332
77844,23828
98068,13633
95709,42035
87946,16735
76391,43548
87096,11985
77186,26752
90698,11283
93367,26345
83133,10862
97840,12370
87605,14480
78472,21861
100925,4830
99596,19844
86081,7817
105725,10721
94362,18293
88579,10512
86705,12775
80813,16733
78885,8935
95548,10682
82342,25879
77011,15932
83904,10958
105485,10945
107922,15113
90200,6879
104534,10655
88664,10892
100499,6837
101035,16700
90482,15024
108068,8519
81709,34207
97618,8815
101931,9825
100284,7717
101027,14895
96674,11139
84856,16308
105326,29600
102491,11546
97616,13858
100667,15970
108197,10934
94844,29251
104934,15725
94116,26833
76214,22511
90916,21462
106013,12380
103429,15483
93335,16271
99260,17189
97043,13755
77925,61144
86716,16671
82230,11569
77567,57643
108496,32340
104871,21211
77957,11410
96401,14608
88284,11428
86845,7385
101349,4553
77015,15377
94471,19660
108380,20649
92533,31422
77756,13178
76035,21332
75973,9661
94675,9531
79435,19398
106542,22310
96546,14338
95946,20410
93188,23809
78117,19462
102180,7040
81825,17189
90050,8019
79638,19829
87579,12593
108103,18108
76578,19146
79112,17388
95959,20160
78244,18944
77851,28900
87052,17443
88538,18458
79011,24528
96381,20648
105358,13792
92876,18355
87699,6165
90203,16171
77001,18221
97974,7490
89985,8070
97810,10082
107459,9651
104861,17363
82516,9396
83497,11011
80194,54326
85730,9899
77914,27823
88779,16799
88366,9358
104300,12984
84300,11511
79422,9774
94910,28180
108386,24720
92708,2563
90802,21851
104397,21608
98039,14042
107887,25043
105290,10718
102575,20011
105040,9070
98430,9375
80499,23616
101694,12535
76386,30885
98181,11937
85340,16238
90766,16685
93472,18158
79927,27854
80854,20395
100180,9699
84437,4464
83358,6580
93108,21423
104330,12024
103518,8517
89006,16092
101611,5923
92226,21189
84798,9494
92840,10269
106054,12813
78261,32201
76071,16593
92246,21720
92296,15778
89469,11208
98079,13832
81294,11066
96301,4931
83888,11225
87403,8568
92192,26434
107592,17624
77496,15615
97447,22605
103131,9826
104590,22584
97597,9789
82167,22467
91027,26893
78607,34540
99587,10971
93937,19462
100307,11976
107613,16335
99773,13443
90044,8536
85578,18006
77103,13000
91386,25168
98955,16319
95927,20083
103188,7613
77389,79648
81822,10625
90768,30029
77594,13468
107085,17153
87692,10740
77813,8215
81414,15181
102900,8870
83150,17649
92414,28634
105321,9931
92658,28262
87160,9125
107827,15582
105790,17324
87463,18474
91532,48530
77459,24818
81593,12473
103719,11365
102291,8330
77211,23950
92956,19843
86578,15348
85882,12809
82082,17861
91811,29769
82036,26149
76773,17706
99406,9857
102289,9185
94402,20543
98621,8372
96476,12583
93410,13411
84989,15953
85123,16569
88492,18354
95128,25870
93047,15744
84587,13780
94856,25592
92247,22454
101052,13983
82940,5199
97756,10935
98444,21702
77869,10453
96694,11614
107101,12246
88276,10771
84648,13574
88011,11948
97951,16777
77288,28546
104937,7219
81621,8923
82049,33071
98553,9995
105056,30213
80914,35800
82440,16863
94927,24162
84303,11586
85533,11563
97576,11361
82216,20349
84279,17944
80976,13807
106097,20792
83074,12428
87581,12263
97210,20088
90785,10549
99434,14179
89600,18176
103809,13050
92260,6814
89667,10587
99310,6201
90375,20672
89468,11556
94940,23978
97747,5431
97570,8476
105994,24355
93145,14425
94100,16968
103226,13497
100167,14905
98138,10705
101043,7547
82078,16402
104748,10823
103881,14853
86774,19894
89857,9089
97150,12877
107683,20365
83708,19501
78775,12962
104200,24332
107581,12277
99756,6999
90210,15312
78027,32928
97012,12379
104010,9347
100639,11450
93792,15154
85574,17474
105066,9686
97307,11228
77243,44920
100661,10536
80825,19636
85856,13263
85793,9235
107091,19923
85836,23528
83887,10543
84721,16551
77636,7061
76905,40913
104895,14314
86377,15392
83076,16008
90124,4055
105661,12517
91631,8350
79760,51573
100714,7229
99231,17749
82805,16587
80714,28058
93820,24926
85373,9150
95562,31254
91723,30174
91501,24774
91222,12397
97984,27534
95047,48073
101181,5533
88389,9316
86999,29313
85255,19589
79093,15051
82409,17861
103128,11091
107027,12652
108081,14017
85698,22005
84249,20599
101719,6995
88643,7169
80972,18217
106047,17823
86779,3243
78587,31284
90179,12515
90972,10058
78609,22986
98324,7167
76446,50800
86829,13507
87796,10725
83650,16287
81411,16135
81963,30592
96782,20061
89718,8857
95518,21500
107293,8377
99739,8598
103956,12168
85946,17491
88532,18036
85713,8240
78184,19619
100234,5906
107715,9802
106150,15686
77266,12978
91067,17847
80869,21881
81462,12446
83382,7554
92915,19073
81139,15059
96523,12449
107090,29956
108117,19864
91742,4087
98340,12960
88371,16434
101031,5282
108430,32039
77740,27417
87861,11106
84746,10193
81252,27012
81933,14852
92153,21582
95485,17666
97686,13982
107452,14989
95477,24026
95752,32789
99499,6349
81223,14188
83589,28087
81497,25958
95884,25018
87806,10954
92330,19190
84558,12751
82990,9731
90851,6001
96997,29128
90278,14669
82417,10680
100247,7834
82239,27959
76975,21418
102948,9660
96929,12348
107088,15151
94670,12737
89862,4474
94506,12211
97696,9039
82696,22228
103767,12746
105307,11870
106510,28658
88316,16157
94321,21059
96595,16919
83223,8535
85551,12278
96007,11280
90296,8796
97407,11302
93071,16004
97275,11611
86827,6278
99759,6410
106689,20592
103062,7129
99657,12850
93428,29880
88504,18065
87359,10549
81906,16116
107446,9733
78926,44280
97871,6541
94202,14552
101216,12933
89614,15362
82929,3226
78710,16178
104966,20100
88410,13200
94382,20272
106319,44999
91212,18581
103584,10230
107593,9754
100069,15313
97293,10548
97085,4734
78830,16986
80409,13721
81079,33263
90437,6930
104169,30218
83432,14286
86630,15688
100678,6190
92564,23353
86007,9966
84102,8718
85324,20823
92796,12317
78277,28822
91813,13426
107896,23557
80598,22109
93630,21643
98016,14076
79518,50305
104016,9725
90069,20867
108485,7974
105556,30051
107276,22344
86409,16082
98131,12128
95165,15021
92954,18505
108363,7573
107775,16216
98806,6269
82105,17371
95777,14332
78794,20602
77994,34139
90061,7109
98353,14184
86777,12132
107107,8662
99207,11079
92441,26256
81253,20624
82071,23095
86304,9624
78529,6570
100606,8960
108524,23149
87772,18281
83062,16294
106197,18199
105773,26626
79317,19924
103930,6861
77486,34598
76154,31455
89324,5361
98354,13472
108349,7485
108146,9128
77826,21543
91078,19696
78136,23829
107463,27314
100749,15961
77223,56948
92513,20062
99409,8340
94380,28588
84791,9647
86042,16470
79939,32585
83953,18774
103754,11510
86091,12964
83114,10007
80956,13565
96276,8051
89799,16997
87919,8221
84054,18939
102856,8368
105645,9876
81207,22009
79629,21943
97211,18897
86631,5656
93438,31188
96983,19059
93914,23899
98470,9871
76650,11716
96428,22322
84958,17739
81064,13040
82469,12637
102139,11786
97800,10116
98474,6386
107944,11965
97401,7441
108476,10599
103189,8769
82987,10742
80903,29593
90854,10138
95644,39199
98728,8883
94370,18360
84537,13726
89358,11768
76221,11229
84935,16632
107676,12786
103154,10176
82600,16309
104290,17750
79972,20332
89202,21267
97253,8458
97358,8298
106932,11089
101140,6872
100650,8419
99817,20221
80953,19928
93851,16548
89574,4658
91092,12397
78214,23785
80283,17314
93158,17078
78562,54432
108498,13602
100223,5047
76976,9755
81119,24262
97369,25700
95721,20541
82271,17712
102837,10576
94761,22168
89200,10229
102690,9276
101274,11748
107682,22220
108276,13485
99011,12777
94484,13634
106033,20787
89123,11408
88740,8726
90951,27205
103812,5328
100056,10107
100691,10643
88394,15815
97620,8466
107955,7938
98144,18693
106325,22120
92867,43368
85204,7745
87062,19367
81539,18843
92009,31855
108224,13107
101686,11708
98557,9422
101594,12083
100647,1803
102401,9386
86093,10736
85837,13569
86260,15682
79830,36108
100041,7580
92230,21221
94661,20095
79450,22972
101374,7151
76983,34940
99673,21545
81336,17200
100376,10675
92756,25168
87725,13253
84541,20906
82284,39517
89479,7024
93259,124616
105648,6999
99099,10176
104543,21405
108474,24562
76907,20113
93652,27575
100967,4961
94331,15379
106381,8667
83170,10468
102953,9498
103590,10346
77316,19448
84682,19645
84524,13345
76747,18204
99049,9481
105881,19215
90833,6556
108079,13963
107295,14087
77121,16135
78927,36299
103048,8345
86216,14188
88448,16434
86219,16469
87181,8470
98755,8278
76443,12904
101149,7300
104315,23246
108345,10088
100156,8460
107263,15472
83935,4787
90584,7811
105733,13104
88332,13353
81979,21744
91864,46286
106847,12727
95136,16911
96991,9044
105905,10834
102080,7408
98072,7533
103711,9823
92213,16352
106898,9669
85333,14915
84559,10694
95428,29460
101003,14592
87773,4307
100739,8629
99885,12275
106647,11043
98019,9578
92212,24708
100786,11957
85518,14735
89849,9948
76149,15115
97490,7198
87476,9485
83248,19968
99352,9369
90736,9163
77596,20644
77209,3733
82308,13366
78207,19184
104041,12120
81125,17343
81691,36500
94459,9418
79977,14772
96530,18835
78367,22390
108100,35468
104510,9723
81891,11942
97087,13352
88161,9665
101097,9782
81742,19671
78409,7638
107496,18021
99326,7267
78535,9411
106164,21483
79719,26591
90418,8391
85844,11855
86639,9820
83745,7321
77300,56589
87702,10758
82586,10584
83769,10657
81708,31124
90224,11685
100063,7657
79249,13279
78719,31014
97287,8221
84267,19462
84056,8820
101164,11103
85826,18112
93793,26196
90945,25447
98991,10039
79647,13800
96794,13253
83984,14913
96688,8791
79838,19013
105671,9809
87438,12379
85859,16633
91639,16551
81134,41827
99992,16921
91262,24973
81417,31159
90783,19600
88898,15538
76241,12381
76491,17131
83132,16525
97757,14066
91753,32614
82333,25594
88295,11175
98314,10565
86172,8972
78331,23661
81996,26344
83315,2642
92376,15291
103058,12456
102215,12212
104225,27891
76910,17342
88657,12127
104943,19743
86434,13689
79432,14127
103103,14075
91456,40772
89465,14145
107774,10198
80938,28526
94883,17018
94135,26770
78747,17690
76240,20053
95820,38373
79092,25575
84393,10237
94391,35334
77183,20866
105612,7482
89046,9952
90878,23901
77058,14710
84468,9449
76713,23086
85568,11944
82191,21584
84825,18169
79009,50260
93908,25786
91135,25785
94603,21808
105887,23444
103196,10611
87544,14932
99605,14150
101660,10542
100671,8990
97839,27045
77742,36924
106144,8541
79681,29809
98764,9419
98200,10328
82652,9022
83599,8882
97776,13372
83403,13607
77472,33910
79535,27462
82632,15485
98612,12271
76103,23508
94824,24244
87424,20164
79193,18959
80853,14753
87885,10620
80891,25447
77149,23080
91012,13978
99259,7802
81555,26106
93917,28950
88089,18632
100704,10781
77798,34893
87342,11356
96013,9879
93380,26072
84040,13247
88600,18358
76133,17316
94842,19358
98184,6173
88767,16642
98741,22635
81739,11707
91321,26879
108030,24036
77680,14975
78189,26496
82302,24522
78968,20320
101390,5430
95491,16440
101687,5430
76371,17348
100151,12654
92147,21869
103385,17274
86960,17476
89563,20413
98013,6374
103747,4662
107681,14477
82686,7863
79913,11357
96545,16380
98278,11413
88916,13000
104733,12445
103529,10200
100642,15455
97860,9051
88870,15337
97563,19569
97081,12052
89544,7826
96332,12167
97064,7432
81916,31575
82148,64124
102447,3992
103111,8816
85058,9529
76422,21318
94546,18437
96769,11088
95364,12775
101118,13387
107644,19148
104650,8504
97300,8249
104069,10602
84700,14764
97122,12088
89878,19908
82579,19482
107967,8841
82494,4849
104872,14745
76339,21256
90676,6906
83780,15756
94444,25271
83532,3508
103380,7010
90941,37215
99845,17642
98053,12074
77863,51549
81107,24912
81176,29294
93196,59260
102895,5331
107093,20647
106566,44072
88893,10021
81939,55505
98833,7405
102812,6437
95766,20844
83556,18593
96725,9456
104649,6869
98466,15522
77661,26327
99882,19470
82646,10573
94874,19126
92800,12437
80265,28710
80587,34189
92298,25987
99023,24847
88098,10550
100928,13973
106437,13838
83122,10626
86614,10316
105454,20282
89282,23129
103136,9320
104899,25309
92041,31042
80795,13588
103043,10014
90842,21275
103070,7233
91523,29171
76427,23855
86188,18643
105618,36235
82931,8866
76137,11651
88017,14430
82713,11064
76155,13089
101057,9263
94699,38691
106794,19380
97000,20404
90986,24014
92785,7879
79156,16434
107616,20459
84264,12862
93932,17716
102956,11114
79715,22017
82329,20743
86636,11925
94479,26896
84998,10197
83835,9665
106823,9595
80760,18745
83060,17378
85872,8806
76227,15963
103460,7450
96989,13516
107858,13606
80447,10923
108267,7603
86584,14734
96426,15901
86696,19970
88252,11011
91515,54990
98357,9742
92439,23647
92341,30216
84739,8483
76906,26104
100027,8711
102225,13560
88476,13660
81778,23776
103266,17037
87660,15238
89634,7071
93577,29962
92450,17960
99404,13078
107936,12789
86174,3449
98273,9621
99007,23962
81615,17050
91236,17670
96984,17843
92538,32350
87039,3621
84235,15223
77010,19406
106727,4617
102933,7715
80821,8462
81969,17527
93088,27701
107004,13712
79330,31373
80388,23798
97494,17490
107144,21003
93860,18704
94845,15988
79152,21786
95032,20613
108333,10761
76925,24303
93278,60200
98608,7181
87236,8413
79320,27113
83893,13386
80973,16376
97659,7098
102063,8859
96324,9554
101184,8588
97392,25660
94094,16399
95219,16131
85048,18208
94887,23051
88002,16796
99157,9920
102746,10689
89164,12645
101079,14880
94124,10474
100161,12486
84658,16522
105603,14504
90963,18357
85012,16978
108298,14401
104080,4447
91850,39240
102713,4181
83295,11173
107847,11946
105847,12476
87143,16410
106090,15673
88925,9002
106297,19403
96596,13041
99233,6469
103321,15664
82479,13796
102734,17113
107461,28025
103237,13097
85581,17425
99196,6870
79178,16720
84339,16266
92764,18467
85498,17441
100622,8133
106518,32067
82821,10691
97628,19609
90763,8564
91567,24664
107462,7759
95833,22631
102479,15455
97555,12594
80881,9954
84016,16180
94051,12416
76277,23329
88676,7092
102566,10082
88564,15530
95048,25437
82166,13267
86227,26515
83738,9390
103684,11887
79893,19031
100634,9176
96392,15573
96311,19048
85015,14224
83050,18285
81925,28766
106187,10786
83863,12111
82048,30617
100962,13336
91587,17847
104915,18846
98779,16184
96698,7125
84701,10096
92986,25407
77112,24372
90774,9235
88520,8982
88281,17120
91388,29850
76441,30645
98643,14052
97850,14621
98344,2915
99441,15363
80230,28164
106370,10459
88901,10657
76590,13445
94998,13445
77283,32305
104065,25356
107919,18641
103743,4990
100503,6885
81273,12632
81878,8917
79224,28685
90254,4953
82712,9058
98113,7735
104562,14416
103014,9126
107299,27109
99799,5579
87952,4556
101836,9392
104896,23853
107665,13088
96182,24788
84731,21420
85565,12620
83237,9830
80785,24137
81935,37409
90932,40231
99204,14491
78802,31457
105421,16436
81831,12049
100016,7692
76262,32701
85286,11660
78629,13843
79451,14652
91132,60454
88726,11830
89928,16299
84672,15766
102127,9905
78630,16531
105874,11378
81491,14637
108085,17872
99711,8685
95713,27554
79499,12864
88373,6733
106412,18840
86000,10318
77849,16425
102224,15213
90591,7874
78511,16557
83611,17072
95316,11010
85207,7406
86755,13688
91361,20299
88107,6637
99468,3284
101776,12152
97132,5785
106405,12366
83804,13062
104093,19805
81897,25979
97522,12781
78569,27340
96486,31253
99636,7535
80770,34965
91534,24746
80461,28153
102345,5833
95431,28763
76350,7687
76330,15114
101604,10976
99303,13770
106266,15574
84697,18425
86296,9532
90658,15563
102954,9775
106174,23655
81510,23245
89222,14746
104391,14861
76573,13813
78060,12420
85030,19420
105478,21489
83477,11443
101134,9879
103096,7490
99391,11085
94614,16155
100110,7846
81782,25994
90292,8348
86357,7826
76157,10445
80325,22284
88991,16502
83117,19434
90513,16290
82037,12701
90066,9805
92814,46074
93991,39166
100121,13729
104495,10526
105953,12076
108089,9059
84778,22205
100753,13875
107832,26509
92190,12070
82029,16938
97914,10155
105776,17987
95402,14847
99097,10960
105043,9234
106998,8297
99567,11560
85421,6906
99161,12158
89951,6800
81358,27791
100373,9691
80291,42703
88545,10356
92994,20077
90248,25188
78625,22491
81990,35568
103075,7900
98639,7463
103368,15118
95427,12622
84503,4203
82446,8234
97175,12483
101777,8615
76086,13566
106347,13094
76445,50251
97649,11171
99273,22245
98864,12126
98037,21135
107264,22251
100104,10756
81842,18646
81839,13046
100608,13047
106588,8728
107466,30697
86092,14250
92204,26944
107905,42844
76821,19154
81022,11675
105727,34846
80544,47944
93388,16303
93775,18353
93733,22867
108177,18225
79746,26572
89285,15224
100243,8511
107171,20136
93444,12969
107421,13008
94071,23523
92195,39675
76108,16941
100603,8793
95800,12444
90708,13835
102701,10954
97732,12723
102574,8845
92237,31825
94192,35046
88219,8143
88910,13813
100811,13418
103288,7645
100370,9722
102544,14399
107473,7424
106926,9759
92514,21354
78557,13178
99091,15538
96487,10316
86252,13723
84763,7024
82531,16362
79012,15434
97078,16703
96824,5970
79970,21393
98057,17376
105947,22246
82539,15129
105816,20741
93800,18795
87079,8009
87453,11730
92855,19209
95805,18624
76398,24774
90724,14114
102196,8220
97661,10699
105475,13361
81241,11315
91106,21349
89543,24295
94403,19771
80666,17263
99769,10392
102351,8652
102941,12953
82783,19601
78504,25768
94715,20131
92180,24707
103904,11340
102921,8532
99685,13502
93048,18712
82988,22446
93279,34058
80084,29559
101966,10733
94667,30039
76298,12471
87379,16505
94212,15032
81333,15850
85998,15116
90198,9607
87823,10165
103530,13712
106243,9122
81208,15759
105153,9972
104103,23889
89555,24209
106042,19659
78170,36436
107675,14470
106705,13711
89953,6687
101934,11962
104727,25414
87327,15649
103247,13441
84673,12284
107520,42833
76626,20671
98638,9377
102060,7542
83635,20379
94566,41166
79207,37493
98700,16770
86563,17731
86891,17353
85278,7091
91817,30697
99473,9439
102489,5663
89191,14559
101746,14650
84538,11588
78072,25698
99832,12151
103475,13693
101016,15455
100280,8139
96067,9284
104086,18140
77248,18458
104269,19564
89495,7385
81340,33740
80277,21587
76683,31949
94847,12660
99029,15628
85874,15386
78105,21093
94978,21558
101666,8558
100757,8472
86704,8341
91205,26015
95762,11747
93641,22051
87073,21517
102433,10516
104382,20361
108060,8117
107387,24676
85027,12390
86014,19766
102602,15061
107255,18227
84269,12323
85885,6060
92843,13910
107862,13603
98781,24385
106119,18955
101872,10415
87865,18539
84803,9312
88438,10256
80105,20578
80595,20244
76539,9449
107236,9556
84946,12147
93772,23741
87793,15821
104843,9166
92234,18214
89467,13216
100145,15650
93382,52744
101891,15014
81354,20761
99309,12577
81431,15007
102073,10048
88468,17260
101873,13601
88120,13249
105714,4974
106015,9265
86707,16306
93107,19423
89230,13010
100875,8369
82920,8335
98114,12308
87262,9124
104436,9730
85404,7166
96189,12971
93408,46283
92789,58257
77768,32483
99414,20027
82807,16546
88996,12611
90305,6957
77030,16271
86129,7729
83660,12864
78602,24567
83672,8118
105105,29458
78704,35109
80789,48519
96633,15803
86132,12140
81619,44532
104645,21788
103853,5490
96259,11881
104677,18171
76418,21356
103593,10252
84886,10683
80773,9467
94688,20917
103823,7126
98757,18831
78516,9751
80596,10746
102855,12198
95957,19170
86440,10766
95030,26746
101874,14339
84585,9490
76257,11280
76971,20358
94070,26046
106041,30394
87346,15454
80993,28514
105309,19800
92622,20131
94582,35154
83334,12377
98922,6869
77691,15355
95469,13693
90587,7165
107411,8730
97489,10227
105719,17811
89534,10100
80741,27349
105737,15027
99043,18536
80254,13634
83172,14571
101830,9603
80506,6089
105763,13913
92507,21714
101742,8233
106547,32458
98619,17562
83503,11973
80565,10847
83013,14486
85721,11969
87556,9477
84442,7243
79634,5523
97497,5962
84325,11182
81399,9835
96361,12132
101973,2462
78352,12808
96564,13269
94669,26577
76655,46128
76084,16718
93215,17548
105802,11198
89981,5947
84315,17687
83297,16657
93291,31760
92128,28182
101550,9486
79384,13932
103643,10133
88482,6238
79950,26925
79519,26710
80376,19106
83366,12165
92250,28468
87368,13532
77347,15861
107935,7334
95765,25977
91877,31644
97574,7859
95192,13407
80288,21590
96795,11000
80851,30043
93753,26915
99782,6694
83153,19645
78634,11431
99463,14821
81675,16998
83093,12365
82993,9835
86972,15761
100455,10311
92692,24562
79761,36260
90624,13483
93517,24957
99893,7478
85441,9997
91552,20627
81031,15995
82232,3425
80062,27519
104764,17238
83572,8268
100100,18216
96649,15662
99860,1872
81915,26260
96284,8763
89243,7936
95051,16505
101507,12344
108257,28454
90558,21471
96913,16687
76621,19824
99801,11655
95155,14426
96739,15550
90592,12791
83307,11720
101154,8117
88229,10373
106301,12670
82193,20109
101153,9649
107721,14651
104792,9122
92322,26052
99316,13114
86404,11568
79624,27483
87122,13975
96046,15175
83384,9882
79657,14452
86605,9865
91883,15166
100473,10434
96611,12006
89102,4246
103838,9978
78454,18905
89761,11830
106275,11534
77831,40861
82876,13338
96899,7955
99945,12028
83505,17008
96841,6412
94189,24049
85020,10885
101456,14545
94155,32183
77575,19010
97904,17317
102523,5396
107541,16434
87223,9368
94975,9956
104630,12550
102538,7059
90345,6724
90170,7507
79448,22079
100139,11619
97457,20440
76291,45971
83987,14109
106283,43893
101864,7038
95757,18570
107668,18098
96696,11015
83094,16366
89521,8244
98998,7559
97028,9000
95291,29633
94443,20980
102182,10487
81794,19774
105003,28164
83041,13012
107213,8405
104467,11246
93950,28101
103790,7929
89125,9701
80748,26742
84795,19328
91105,23008
86086,16178
88522,11597
84472,11179
99289,17019
88050,15914
98087,6807
95839,29269
76057,24903
89619,8720
86471,11743
97685,7197
79824,29802
91710,27160
104474,31003
104157,43474
95117,35146
96337,8016
107562,12911
107286,17369
101251,8320
97688,6363
86405,7859
97631,13925
92981,34190
79580,24131
91562,12204
87048,16473
96103,28285
101854,10993
82126,16788
105443,31080
77293,48692
108262,13972
107157,10169
99717,13689
93208,24087
81353,18450
81790,15182
82153,13841
97223,13586
82088,35832
102996,9613
100023,7527
84333,17573
102506,6659
95753,27858
77116,9695
84459,8286
91453,11528
76524,53048
83249,12195
102313,5603
90456,9675
94635,27024
101187,6539
100776,14287
84563,8335
107706,14984
78776,32180
77019,28906
76122,27600
79042,18018
101851,9594
84657,10136
76067,19788
83598,5903
96003,9693
77817,21537
76887,34790
85766,7797
105836,21156
92443,52440
98875,27779
94808,21090
99490,7592
77469,10438
105148,5154
91649,17531
107040,27855
96074,27058
100656,8063
90366,14995
93981,14477
80858,10000
90070,9369
86606,10390
104521,9743
83071,13906
101956,8375
83846,6882
100982,14159
102610,7989
97828,13066
99450,6598
87521,7575
96065,25410
88306,9580
96325,12370
95801,27878
104248,19852
98652,12590
103877,13252
107470,19795
96801,13267
99595,28763
86094,18679
80874,26092
94606,24417
96127,18840
100687,9066
81118,26667
84405,12267
83257,16850
81541,18524
77940,10779
101270,9762
85349,16231
92315,13098
108360,11023
77607,31459
95640,15463
98143,11107
102200,9215
83375,13063
102178,6617
97500,26257
85782,8167
96049,6231
102744,14491
102560,17643
79010,17588
85644,9337
76595,15296
82219,18066
76899,20442
85663,20333
92737,15076
106758,2700
94625,22014
96472,26303
104250,14439
86303,21164
107881,40401
101517,9588
89988,16673
92689,29062
99002,11227
90734,13729
91013,42025
102056,13779
106641,17553
100391,6800
77305,13213
85197,27963
81122,18815
91088,27043
107377,14801
86495,10577
78661,13224
77687,12358
98480,10552
101537,7463
78032,11772
92374,16264
82010,16606
84496,11959
98337,9321
99520,8616
98452,21168
79828,25706
77151,22435
84095,16637
83491,10907
102170,8286
88063,13202
90214,15596
91980,25752
96573,20814
105573,32511
86880,12469
100420,8247
86053,9857
84481,19365
86088,7451
83553,11868
101328,11611
105352,10441
100532,13087
98052,6731
83818,8780
99576,6511
91026,15459
92445,26338
106934,7170
78791,18853
93664,26827
76923,25097
81335,20588
105969,26660
92701,24961
98070,8647
100423,11258
92335,27440
92370,32076
100177,7109
100125,6599
82358,24426
85557,6132
102609,7183
77612,12228
81173,54017
93689,13651
89219,6179
94659,10912
82424,9739
92367,25702
95828,11566
87894,8014
88621,10196
104992,21953
98567,8561
106250,9140
102235,6909
94841,24941
105496,12165
90019,7619
95575,27574
98437,9528
90907,14655
83289,10076
77938,17298
98791,11949
104254,21750
104311,26381
96753,14937
77998,25165
101102,9187
102836,6348
85330,16380
108511,14811
89527,14758
87734,17487
87110,4464
80936,14448
80100,15416
86546,9657
104949,22099
83654,18560
96736,9281
91898,25576
90221,16029
96356,12905
78901,17329
91469,17882
106591,30394
77763,24432
89604,7347
90001,10080
89947,12080
108218,13440
82927,10095
107140,14921
95013,26878
104979,9264
90521,14292
108465,23953
106606,9570
82999,12759
93784,18778
82680,12821
100796,15222
96230,19021
89110,6843
88152,10782
101403,7833
77566,21860
86366,15888
80356,29343
83500,21272
76673,16221
100256,16956
101335,16067
83416,8643
104983,13209
107300,23021
87350,5228
107106,19891
90550,9744
80002,24399
90827,12355
97480,29733
88160,9825
88467,5520
98500,7777
86587,19173
76737,16202
79089,16820
93153,21355
80315,17100
76731,34827
94243,27539
82571,11656
86896,1428
88404,8841
108530,24123
100573,7605
102888,12213
76011,31269
79586,45841
85620,4105
93470,21137
98335,9023
87826,12553
94743,20348
81247,15124
91376,23238
83451,21133
83176,11287
78867,28696
96786,8703
81019,29028
97316,8357
80560,18891
88535,9757
94281,28096
94309,19130
93404,32618
85218,16729
82697,15172
94919,25169
80829,16111
84671,16217
108043,14386
105111,25187
76997,13484
83545,13779
82274,22469
100513,10816
93471,38680
91627,54711
78780,48477
90005,21041
104234,7835
100798,8239
101322,10754
81807,22273
84469,10436
94701,20893
96119,12640
104478,7544
100116,8997
85151,14837
106970,10598
106570,43760
101472,6312
98101,18269
76225,9541
82833,6914
81055,7530
100048,12812
90519,32428
76484,17149
101898,12995
81741,33885
90441,7743
108314,13412
97881,3760
79306,24730
107116,16290
98899,13770
99975,7010
84378,9738
101661,10395
100239,10827
80035,24035
85033,8577
76723,10469
107773,9172
105937,11680
78321,17108
82047,44522
95113,19052
84907,10203
107479,17733
99770,15007
86815,16114
101558,13082
102258,14922
95963,17926
91995,10379
82913,20338
101968,9290
105332,18140
108213,14968
83825,10794
77438,20334
95768,42771
83195,19420
104287,13126
103213,12680
92744,15850
81351,31397
91555,16619
84546,11615
81270,12873
98294,9248
94278,17631
103537,14320
104284,20176
76635,17690
76676,28100
98118,8633
79440,48027
78969,27639
76500,13364
106027,16419
84604,10103
97498,10195
92641,48987
98216,9631
102453,7656
96270,11475
78777,22030
93169,11639
87621,17921
76876,23577
83561,18679
84296,13995
92355,31346
90302,21317
91387,14272
89854,10208
106305,19852
98703,8912
97929,19073
105575,13644
79052,17769
82362,26933
85625,17856
90792,13996
98488,9852
106795,9955
91666,24185
101528,6231
94739,11677
80961,10363
91988,10283
80335,28747
77505,17272
93280,15545
91630,13416
85422,10752
104986,13444
92176,66917
89861,8172
84435,15394
100381,15013
85651,10884
96525,16781
91383,19780
99177,7268
85842,26195
79658,24293
84332,21762
101621,7235
94509,19676
87175,17074
89394,12343
91163,28099
107771,16553
99551,5536
87537,16723
76726,15692
106637,50482
85583,13134
84617,8410
86419,7945
80036,33694
83956,16857
106663,10388
98368,7151
80217,11055
98528,8393
92746,31212
78042,19053
87314,18381
78148,18928
101574,12625
84789,13950
81056,8569
91483,20201
97869,13514
89084,16564
90398,16266
91038,25857
80326,54839
88665,7969
99793,16155
107218,12015
97438,10761
82375,8239
103211,5290
83430,16859
83717,8274
95607,23754
99653,8513
77072,18912
95300,13614
86090,18424
90553,24650
90690,13966
93608,15903
96059,10356
105488,16559
102403,11404
105357,11580
81201,19966
100092,16802
105800,10497
103658,5933
82416,7128
93007,24426
103850,13093
97328,12636
99167,7773
92788,33511
90228,14727
105015,23767
77838,12170
88672,3648
86881,9854
90515,8332
92777,37225
103455,9727
97286,27969
104633,19909
83548,10377
80980,22320
87954,17275
89975,7456
83762,16751
90615,8942
76755,9790
103371,10397
102703,10655
83856,2466
105099,8788
79080,19334
83898,7040
88241,10458
89549,14065
79740,9731
81937,30303
99084,13845
106967,20198
80358,45546
97694,12707
87454,9678
101943,15761
105586,8118
105651,18624
84667,7117
99050,10063
81245,23151
78547,21256
82473,21526
85978,7089
88385,9877
95452,13949
98159,6658
107952,10140
107265,7783
99744,8142
107450,17666
108280,10821
85684,7973
90660,7251
107627,13087
93896,23704
105931,21464
107160,10735
94644,18418
100057,12703
85053,10825
77037,32733
81281,11982
101247,10415
92031,30416
83306,11561
82079,18828
85936,13433
90480,6896
92696,20359
105467,18943
89682,7244
76305,30833
79665,23238
82839,10559
93076,18006
104369,20138
107999,9402
83787,14450
92554,31367
99110,19753
82707,6821
80261,13560
102365,9189
82760,15699
81142,37444
88411,15776
97734,12089
81604,45845
84705,18737
104661,13152
87897,12604
84651,8196
82294,28054
100689,6848
105236,8433
77656,12955
94054,25359
96367,29701
99913,18247
77083,20928
104849,20174
98172,8136
98043,14452
90979,20424
93136,27202
88750,8366
88471,7710
93720,22022
76649,12132
99291,6226
89267,5740
108244,9605
95194,26725
103998,30135
103782,8197
101502,12510
85961,9489
99073,13595
106535,17312
96594,8173
76156,37752
85484,8447
79139,12818
96730,12710
101796,15224
78809,32323
101193,6664
96275,11876
98321,8827
77928,10346
78328,31524
103527,10408
89266,10322
99074,8187
97952,13168
88220,13792
90223,22701
76506,26071
104498,23394
84634,16903
106803,24304
80608,13369
78715,13318
89962,19139
88958,11952
98941,14474
80707,17380
105934,9570
106190,19635
107803,26000
87945,17527
96859,7425
84495,12624
79965,33914
89496,8408
101195,10293
97209,6797
101751,15483
101541,9152
96051,13709
85075,6241
77118,30471
80487,11766
106184,10573
96374,1004
91702,18648
77517,22070
98188,12603
91641,21641
94607,24823
86769,9642
80484,59340
86964,9757
103086,7562
84257,12910
91852,16985
87431,17417
80439,25098
90405,13025
97647,7985
108071,15055
101911,20505
82293,7732
93627,9904
92080,32056
88291,10047
97591,17866
94632,13569
79572,22357
100727,14038
77760,14819
80267,24607
106167,26496
93339,22351
98727,10616
106765,22000
106746,35507
80012,26258
86651,9370
106616,10920
88617,7634
78380,12389
102380,11078
102093,15269
79049,42578
104933,15568
81578,22973
82296,31043
102256,9545
83868,19149
101459,9839
85014,6045
90820,11224
83173,7953
91252,43283
102307,8248
95153,18576
99149,8200
76130,16306
80049,24953
84353,12183
79550,9960
106113,31013
82182,15785
99898,12034
94685,29442
108125,18091
76144,15490
82087,17659
96666,8372
105109,24646
94341,37705
80039,26006
91350,21094
99415,10398
85832,15892
94022,12691
104332,22175
89367,9425
101420,8804
99401,25778
79179,23263
81603,16392
94068,20339
98185,10552
99646,4488
83218,15252
84593,11954
93040,16981
104544,13937
98735,13631
86524,7574
102541,13531
88339,12867
92750,24797
101882,8192
78793,17807
100625,12157
91791,20840
98604,8585
107903,12294
108450,9241
101903,6570
96190,20091
77299,17371
96588,25161
80932,65655
81221,36679
107383,11702
92815,25916
98724,14574
101984,11098
85939,13669
91597,27027
82514,9594
88788,9863
101131,10555
82614,20599
101646,11200
87641,15312
103855,13475
96901,24691
101942,22159
92415,29665
96467,12794
104656,31954
84104,18263
96685,20347
93816,24442
104925,8096
82086,19404
93855,21143
85411,16226
88743,15690
107201,8267
91771,15841
81001,24291
90074,8441
82791,7095
102636,1107
102722,12693
94571,31373
103852,8365
81514,15977
99997,6863
85808,9234
95355,10840
101928,7242
98862,7165
87759,7611
101810,7995
104902,42335
101361,12555
81707,17671
84482,18947
87358,8278
103589,10583
103675,14964
76652,16749
104101,13431
94807,17627
77325,11815
79875,21441
83034,13185
94997,27147
85209,9716
88344,11736
98849,8233
80527,32710
87245,16685
83783,15642
96515,10105
95110,23660
92177,33044
94690,24860
80340,14140
80211,22148
87440,10285
97742,8685
86586,17288
98006,8197
87613,10210
76521,27546
105734,16001
87925,6997
94634,16471
102227,6580
85292,8352
76921,9118
95158,20548
95582,21629
105636,24184
92793,18241
80981,42835
76421,16116
87182,8481
93677,23281
92969,21576
95005,16102
85337,9498
90477,15542
83508,6120
96886,13192
104112,15212
93923,28264
83338,6938
77100,23328
103801,10542
77772,23868
94352,20960
78360,21979
89986,9777
97654,6324
90295,18235
89180,14886
82039,22463
79485,15372
87606,7043
99574,5560
92198,39367
83529,20078
83789,16780
106137,19556
81731,22719
82668,10012
95865,35242
103389,9176
98482,9779
83775,12228
98846,23447
79233,13139
93254,31123
84246,10664
101996,14100
96237,13142
104216,14989
105667,23075
78813,13046
99270,8883
78588,18845
105552,12181
97164,20378
84342,16008
103688,20423
77484,9478
94326,9458
81254,36000
90674,13345
104261,10377
106636,17038
83188,21367
93725,18491
91349,33260
106973,10406
89671,6919
92830,24530
105964,16988
89696,25561
99813,8888
108159,39960
84988,15376
84921,11048
93609,28142
105751,11859
92102,30923
83130,18236
91136,26561
78276,6770
108370,24811
100384,10530
84940,10521
91942,45801
94454,34320
100909,5844
87701,18270
104798,19351
95263,23254
87121,10211
93095,19619
85642,13137
92656,15176
95617,41682
78219,13086
104179,13112
106438,21017
87196,10333
90335,16664
82059,18397
92365,19030
98309,8748
77684,12061
89823,10741
76689,19510
98279,20999
99892,9211
77342,33020
81074,65859
101487,12258
79070,11420
95231,29986
102572,2955
99529,11532
105996,9920
100780,7507
106814,11300
85545,16081
79630,19492
91145,30344
84823,10924
84954,11261
96658,12701
91360,26584
90452,13547
101820,5752
81605,20330
95895,24768
99378,7271
89327,15580
97326,7948
100777,8993
87405,13201
97627,20562
107458,10960
79060,17068
96136,11925
98257,8599
102335,8662
77850,10278
102160,9259
102379,4005
104579,9462
105614,17415
100113,10766
91032,23336
84428,6048
95075,12102
103736,8782
86290,14784
81511,33706
90680,15983
108256,16519
104529,20285
105190,8395
83963,14673
82386,57307
96710,6250
83474,6656
85539,9473
106439,17995
102158,9754
88822,13546
100881,8647
76677,48196
90178,7608
93735,12461
84662,11838
106182,13444
83398,12787
87992,13833
87968,8422
103912,16065
93375,18813
101226,6687
77949,31340
85607,7387
79522,23723
77739,9901
83123,6245
98241,12928
85653,15384
103346,11103
93933,25121
103652,9194
101032,16170
95245,43713
87397,10771
104051,8515
88815,13970
78834,44949
86348,10989
102205,11326
85638,7419
84036,13156
103627,10573
86641,10758
76954,18970
96042,15934
79230,20071
81240,21068
98464,13659
93761,18320
86239,16416
106231,21673
94092,28498
93651,31597
102239,13682
108216,19960
87035,13171
77754,22915
102892,9664
104205,8663
89539,6874
94276,18399
78405,11723
82829,10858
96653,12612
107768,10427
82557,10292
79190,15033
83639,20026
106302,25138
83161,8408
101839,16014
76769,30503
92536,31652
105981,10830
89644,15248
95175,24987
95837,26186
81282,28812
92231,42940
85287,15902
82582,12375
82666,14862
75999,17126
81738,17273
87020,10867
93066,30731
88496,6743
93297,48518
82044,16858
81673,25980
102694,7752
89509,9685
95965,33066
106101,19227
83569,9257
104718,22217
99492,20776
81091,67960
91028,23022
87981,10607
91801,16929
102243,6576
82445,10247
104094,6014
94745,35713
90106,14065
89015,8908
93183,16525
84610,4554
77055,20822
79194,16143
91155,27695
86569,13528
82485,6950
88760,9927
105923,7467
78686,36284
88814,7635
82320,17274
102937,10534
87116,9414
90494,8593
106037,11193
81698,38197
108120,21527
107501,15140
76407,22094
98601,11063
107872,14701
78176,19819
93534,45524
91839,11043
106436,19258
82935,17295
84674,17353
83479,14903
105047,20937
103698,6753
99614,12842
84726,9309
84695,7305
91147,23811
87076,17710
106200,4922
94496,21175
105826,12303
94976,15849
86380,10726
79211,10361
83213,11053
84355,10933
108034,28751
106948,9419
94995,31657
101963,6562
106550,14989
85682,11631
98174,13227
105423,11081
77341,13866
83563,13711
80177,24351
88183,13125
77520,18343
96601,13050
91964,25666
86685,12549
83039,16633
97785,8155
95814,15336
83452,15294
84518,14686
102194,5460
85247,11238
85418,6214
77908,10553
92033,20967
80872,11369
86635,10570
79420,28636
98251,17322
77158,25279
89969,10375
85928,9484
91375,54518
80568,20713
91041,20459
89322,1712
88057,11301
89486,7068
105977,15416
88167,11575
81115,43351
91486,11754
100782,16164
89320,13737
79784,16265
89096,16148
78264,8801
97581,20920
79576,33235
89259,10535
106745,8797
92013,24956
86678,14987
102324,14231
77632,33737
106887,10680
78950,21535
88191,10187
88247,9323
94345,12996
95349,18419
93901,42915
100074,9290
85164,8711
106172,22514
108479,15951
101908,13520
87385,20865
81494,10584
81977,6608
108330,12609
80073,16327
98716,10510
104170,9232
103992,13616
105540,17883
75987,15009
99496,9812
78765,35497
98564,7453
81895,19074
100955,12291
77153,49247
103888,7473
105921,15779
99660,12643
78579,29319
87023,17370
95879,15993
100433,10159
83011,13635
103255,9802
75978,21582
102295,9455
92099,12650
80985,26866
99556,8533
97124,8843
81386,24924
92818,26843
76413,7720
99585,18039
98093,14169
87527,7980
77911,30441
85090,16582
80843,15362
107096,9400
88042,15494
83948,32105
93242,28571
83677,9496
92864,11239
100323,10542
81042,18125
89663,10268
85381,10880
96699,13157
92422,30275
96880,12961
88530,9792
81438,29104
83484,5927
83637,16981
89092,12447
93732,23690
92925,19374
105183,12805
98369,8678
100868,7950
82430,11751
97604,9965
85474,18386
90978,13748
97258,18097
106720,9499
89418,11137
83154,8613
98671,16317
105356,19055
88880,16682
84275,11726
93184,10902
99811,20772
96995,13085
89700,6928
99390,28433
100504,10271
80427,10788
105125,23561
105652,13075
82706,7209
97831,14503
79865,38862
78586,13520
85926,8753
83961,17501
96313,16810
77556,30372
108155,20445
77590,28438
90192,14866
88094,10270
86737,18500
107509,20031
96960,25109
85495,27185
80902,19455
87998,9573
93672,19964
101245,16968
85802,21937
76378,24724
92576,25875
80096,15843
103064,4757
101782,14329
84729,15560
78010,17807
76995,12917
83407,12097
86858,9705
92623,22413
107680,21730
77324,14539
92312,16074
95266,17328
86907,13025
98403,9595
77236,25065
98098,12090
100392,7199
80696,11720
100083,13281
107500,30024
98415,12355
89111,20481
97813,13016
86818,10684
76368,18077
92461,18950
79280,17183
94481,13350
85233,11251
87051,10224
97596,23245
84911,1699
84923,17044
100105,10542
100360,9673
87548,18679
106839,13762
97625,11160
87757,14140
91686,19194
98789,13772
101190,7248
88070,6992
93252,18568
99741,17797
104820,8038
88169,12382
77198,10204
93558,32699
82381,18118
99874,11827
80727,20047
93762,26622
82928,7770
82083,28527
102681,9486
84592,6869
90373,32074
100741,11869
80833,11138
91415,23895
98086,11524
88138,12811
86387,15652
95134,60613
86392,17136
91440,21981
79877,13913
85439,12288
88629,11015
90541,15881
94365,18842
105625,43260
100340,13985
78761,19287
89066,10640
92418,27053
90530,10797
91595,28703
101516,6905
93518,13676
93676,14635
77432,28166
94585,16641
96358,6445
78159,27872
93872,11555
86968,10714
76425,24002
91431,24246
79862,22355
86839,13318
100378,12178
87028,9004
81612,20345
80822,21287
79272,64003
76037,34387
94336,11804
95900,20755
89645,7780
88068,2721
78067,27923
107703,14024
106822,13789
82155,4015
91564,38704
107241,14976
79829,28226
82574,5898
93529,30688
86196,11647
88887,15105
103822,10908
97431,21365
80655,20640
104352,8608
95983,42536
90231,8339
91426,28436
96804,14063
91789,20082
91063,24317
95672,28149
89669,7472
105177,27858
83317,6812
86083,14453
98558,9458
98497,16501
107910,10265
101650,12754
98157,13259
99234,21069
91943,27663
99237,6366
86413,17232
85589,7907
83028,11207
84633,18695
76000,13456
100519,8413
86940,13214
93162,25881
98061,8466
99205,18913
86507,7996
91613,26096
85308,10026
105270,20470
90212,5703
94127,6699
99422,20145
105583,10706
81264,29506
96205,6788
105242,27568
91770,20226
101725,13702
108296,24579
82556,12623
93282,12018
90749,23984
101708,10860
98952,10324
84008,7105
104420,29422
96406,8440
83723,21667
97143,25444
97025,13539
81322,72794
102314,8411
79427,7898
107605,27172
87036,7129
91115,51625
107095,23419
86726,7198
89311,14317
85612,6610
78297,12779
87140,15993
99815,12035
99814,11519
79285,28661
100846,13328
83155,16372
94858,26643
85781,15505
92914,21983
98443,18814
92134,14404
102425,11182
100338,7190
75995,12350
96586,6626
76467,12703
79386,23570
87549,9581
79953,14690
85516,6762
102251,16235
86747,13776
96255,9043
102580,3930
97573,11892
92803,15385
103185,3988
93477,20817
90488,16005
103256,12149
98259,9092
79168,25247
101416,11718
84088,10131
105807,21841
107132,13232
101505,13631
96102,17381
80342,21570
83221,7819
87186,17746
89162,16729
100282,8083
95292,27141
95878,41985
81326,13659
88518,7787
108243,30246
108026,6824
96751,10930
90571,12374
76767,20052
87910,10716
108470,12781
82634,6163
92666,27595
96690,16083
102493,6183
99491,21807
94959,17635
79015,42907
93400,18594
90577,19462
83608,5661
101527,8870
99227,8965
105333,13599
98720,8608
83359,4250
95498,16071
101019,13339
86045,11255
87546,10967
87526,4719
83304,14686
81244,20168
76248,22084
90107,10182
82584,7975
97783,6861
79048,12755
94531,20087
83872,7268
95726,25691
107362,9206
88562,6233
105680,8617
77859,11541
82802,11350
100220,5811
80149,21774
78826,6932
92081,20185
90008,22070
86319,12948
93624,27219
92325,24014
87857,18878
84996,8188
105536,7982
86209,12551
96095,20640
78426,23624
80287,17656
98154,7299
84049,16846
99005,13663
101228,9153
79488,37996
95378,29492
81740,17302
101394,12985
102736,8786
75993,59534
102322,7619
106248,9623
94377,26858
102281,7172
99028,10952
88725,11131
101290,8507
101436,17101
107395,12998
83696,12010
87319,12060
77845,8875
94163,11272
89778,14134
81251,10789
88855,7232
99680,8808
94593,18808
79028,40321
100784,7899
90856,15253
76836,21956
105944,14038
76844,14024
85377,9932
102613,9972
105832,18742
105173,13810
107270,7958
104605,18750
93776,27204
98145,15414
105384,6347
83797,12561
78439,11794
84850,18320
81348,15731
81586,57588
97554,4465
96691,6477
100073,14184
89195,11211
95919,18508
78872,8109
91100,27767
80008,15037
89155,9467
79002,4948
80103,24349
95722,28385
92248,31083
104759,12202
101435,14193
95367,27701
93611,30245
95610,27802
87950,13221
78095,23354
78646,16998
82091,20415
103774,15470
102660,7223
92256,26352
102733,13783
95698,16913
103008,11767
76310,33592
102230,10808
108434,5153
103325,6981
89871,10297
84888,11874
94838,14001
83744,5680
89112,14065
102043,10156
105254,12157
77814,22730
92390,10724
106879,16443
77049,16335
84476,11799
81372,26760
90236,6871
92132,17748
92240,19206
95286,25494
101750,10059
88817,17314
81131,21239
84244,11926
100801,9701
95844,19670
83870,10279
88723,11544
81243,23482
100385,11375
104717,17561
91235,13284
96520,8922
93381,33811
80691,33243
92000,29249
107035,28067
102138,12208
84605,8578
79297,45495
106336,26167
94253,24608
79716,21007
83444,7887
106618,12484
96175,17525
103007,10231
83413,10557
87204,14746
102288,7766
80637,21156
102156,7180
99444,5539
88292,16065
88382,22493
83149,15696
96173,15199
104005,19689
78097,16213
79949,20906
93089,38721
86142,10913
79736,12013
76052,22728
80534,13359
86998,11052
92690,26793
88656,9089
94395,21602
98447,7129
97701,16436
92140,17953
100562,7035
90947,13641
101174,8453
82150,37311
82220,13642
99327,3443
98695,16715
81373,17104
92571,11776
99568,7086
80774,30544
88548,15207
89214,15783
104968,17839
76079,19141
106643,16615
98760,13120
79377,19488
92075,32356
83689,15868
89321,8946
101772,7642
82498,13926
100293,9411
82360,23687
98921,15294
78949,31875
77501,16055
93322,25145
85827,7985
76428,18747
105249,19713
93940,29559
85259,14534
95570,30582
87993,7733
99558,7269
91277,19664
93825,18455
107121,28766
104959,16693
96364,13442
106601,18386
106375,21367
79619,11815
76473,16460
88184,11201
92530,22351
100669,9399
97656,16439
78071,28433
89316,8855
95061,22166
86189,11158
89553,18022
93106,24335
92968,14373
84025,27107
107972,10192
100646,7064
94107,42993
93865,16130
96199,18806
107397,24716
100882,12382
104739,14395
85360,18309
85630,18990
91862,24374
107207,21806
97162,6711
80025,36045
102082,10461
85267,8131
101929,13194
101500,9633
79709,17425
93972,14534
103035,10879
99214,11626
90020,15326
93078,16960
91474,25610
104931,17135
78728,24870
79185,14172
103871,7084
91303,35662
103205,17237
102796,10209
84381,5687
80694,2202
88412,17467
87437,7688
81938,21943
87557,8069
84227,17498
94972,26336
101329,14079
80069,32567
82432,5712
103399,9274
77538,25998
83684,10542
101430,7334
104322,17261
106856,12933
83084,8638
102179,9134
91752,23373
102244,9801
100903,7453
87128,13122
104654,25046
98265,5235
101764,8853
77753,12171
93483,33228
85586,6644
83436,39471
80395,15106
78652,19817
92985,12988
87343,11120
94390,31564
94485,41490
79564,20288
106104,33089
84557,11631
105524,31589
96622,23355
85389,12901
78029,51437
107904,15955
80526,41304
102233,6149
86058,10966
76614,29110
81334,69476
95043,24129
80400,14706
100114,13080
92049,25746
104070,8136
95487,10487
80402,24324
102682,11720
79747,13407
97331,16795
92573,27783
81827,16984
99721,6140
87560,18989
101447,11197
89027,9705
100905,8975
86467,12432
90523,7959
77588,40351
79946,23528
94096,22049
106481,9354
100694,16714
91176,59718
106878,6987
99871,15490
77534,10802
102006,8993
93356,24236
85788,9892
97108,17786
93129,16953
95168,41655
96578,9843
79570,11957
96604,15026
76367,7315
105065,12527
90635,16055
107221,10906
80375,10810
94421,21966
104009,9428
84804,13940
92074,28284
103678,5146
102350,19646
81690,15021
101817,9842
108275,23968
78030,16594
91570,22815
96746,8128
89748,20719
107889,22122
88402,17592
107789,16085
108061,25716
105143,14928
107488,24213
100812,12044
97830,11661
100664,13082
80071,26195
104550,13421
99466,9378
93777,15791
108105,10490
90322,8042
101860,14573
104129,9415
77381,14992
76946,36663
91556,14812
87190,9271
107647,21173
84177,11919
93266,29615
107341,13516
92693,26888
101292,8996
79651,18377
81654,12016
89688,6521
107423,13935
86626,13600
101633,16855
83827,11192
106678,14820
93756,28226
84185,28023
94867,18469
101062,10427
76567,31563
80522,19061
101932,9642
86016,13862
98609,15196
84081,10599
78446,11146
82074,19981
108374,30467
77895,23246
93416,18516
89357,10195
106786,9956
102766,10788
82233,12192
84115,10060
98073,10855
106198,7314
100335,15679
82169,17388
101191,9272
94584,13993
81980,16901
93574,38283
76934,33281
104181,20710
85205,13116
101304,11828
77927,47277
82028,25253
87191,28415
77713,13463
100414,4117
94287,21298
97941,10011
93702,26036
91433,26140
92420,19817
88433,17280
91656,34507
94313,28138
91218,13575
104418,15860
86375,10268
97556,14381
94514,43659
79165,32863
81780,16185
105424,17391
77427,14520
78626,22031
85465,11290
87616,10699
101667,11773
84226,13726
104737,18612
95041,32701
84070,12140
79071,15556
98688,9008
91104,35130
95301,19026
82795,6202
76606,19822
94708,22877
82934,7294
101243,4233
94629,25456
88235,13157
78913,51599
94480,24198
77005,16528
95511,22837
88879,13129
78396,11558
99977,13081
87602,15469
105439,16539
91094,19613
103575,5326
102840,6023
105367,10489
91884,22079
84572,10605
96544,7874
94082,36246
95510,13321
85718,7658
92527,18665
78855,13776
107521,15687
98876,5018
98440,15255
98714,10454
100643,13577
89570,7102
94168,30983
93299,20504
96033,19276
93742,18940
89946,13860
107741,3076
77268,19341
84848,11355
92323,33907
82181,32126
102252,6542
100240,10012
90422,15382
103145,11105
83333,9932
97103,33568
107379,31865
94694,23619
97339,31269
93104,26180
88194,10313
81954,21379
96391,17297
76563,11914
97630,19345
80201,26688
87854,2549
102312,10443
93848,23039
82542,5212
102300,17113
97229,11869
98907,25437
81238,12489
101377,10448
79109,12783
88044,5063
91950,30637
103403,8458
87611,10469
98169,16455
84352,13870
91787,18087
85668,8058
91287,16522
80289,17232
80647,23866
90612,22632
84941,13602
85955,10143
95019,11776
92685,17874
87156,7739
98300,17297
80737,21228
92849,25977
87490,6027
106168,20769
87014,17819
95822,19100
76797,14520
88416,18783
99974,9703
79248,9333
93969,42468
104746,24084
101092,19601
104076,18543
99087,7627
93808,33012
80849,29990
93870,41352
97218,8821
85690,14318
82581,15464
81062,13957
98925,14828
98116,7719
78229,14361
77717,3250
92227,24291
97525,7508
92015,12818
93168,16331
76841,20450
94920,14424
95188,12131
91909,43505
104631,12393
91186,20784
100465,11497
79253,17892
97133,10400
84758,9434
83113,9049
92012,29127
97730,10513
89579,15737
89670,9136
98105,13499
79497,21596
85954,12894
90314,5470
81052,6846
78531,15307
97791,13492
77746,22312
105318,20019
96956,9682
84493,10153
102164,7816
84640,15759
83292,15166
80446,32546
106883,20288
96822,12500
99282,10136
94359,11539
105084,23372
85908,13743
106431,14745
97313,17834
101268,6212
77989,17854
87682,19957
106611,34248
107890,10767
79578,20713
92372,31365
93915,20866
85425,8875
80577,8009
87561,15236
82120,16963
91633,18903
96970,8742
103356,10302
89416,15708
101155,8832
104222,20426
76104,18307
108362,11968
80616,42972
98659,7537
76470,27198
86501,4170
103166,6935
80799,9984
103699,12455
97005,20409
89375,8236
89434,9546
103114,7304
99021,25465
85368,6100
98207,8661
88420,11458
86225,11472
107761,34526
83146,18328
97834,9874
95729,28605
95480,47554
76736,25630
103683,11533
96410,24601
101570,8468
81039,12027
82813,16752
88704,16373
77926,14012
89560,14680
98902,11693
105164,30897
108109,12115
84480,12127
98239,8684
82385,33478
91637,29403
85732,8197
90790,6725
90251,6909
101246,8103
92962,21570
75988,23725
106880,18342
89844,13912
79925,15078
76282,19459
85648,6391
95507,16702
96605,23408
90201,8418
93506,26213
78490,12369
106831,15614
78101,13648
93059,40633
106820,9726
80839,28068
76695,15745
107678,10518
77084,11178
107856,14310
104446,32710
93306,16323
76610,31540
94451,18992
96510,13771
84861,18392
85787,22712
78201,14173
83353,13588
106485,13414
98115,10994
83852,13905
91320,23727
92427,6105
83851,15235
92011,14065
96043,7133
93535,24353
80183,28437
99075,15546
107932,14357
98968,17419
83350,10685
77983,18423
104722,19137
101213,7108
99670,8825
86163,16404
107969,10931
77875,17648
86254,9529
106709,14328
79732,24672
107841,8812
82222,17827
82020,15342
78930,25354
93446,11858
82880,11325
85724,8490
97629,25379
106635,21147
94103,18324
83051,12171
85087,10918
76917,16025
95037,32498
99867,13641
107425,27174
85753,19528
95099,27957
81950,19978
87493,11196
84035,11090
98743,10839
84532,9399
106827,13066
100006,10957
108013,24554
102898,11730
93509,21496
89759,8519
78191,27071
80286,7058
105908,22378
85325,10942
86177,2140
86780,16216
82738,10387
78918,22226
79161,32331
84004,8315
92541,31479
86047,13122
106538,14941
96648,5746
101018,8056
97019,22338
105288,9412
103441,12073
84757,17353
107069,9979
108356,26626
84436,9928
79898,19799
84703,19174
101219,17105
99858,12153
77333,8956
81923,13070
85116,15730
106149,13327
91228,20005
91512,18960
80878,20798
91229,27412
99181,7282
97944,15201
78314,14977
103087,5113
98170,6790
86475,8955
76501,21509
87632,16728
78342,22750
99723,10377
87620,16514
108111,34246
89385,9787
78604,12257
87199,15874
106661,12512
98162,7504
95522,13809
76276,9730
80135,25231
98199,7646
97771,8731
80509,40781
80570,33352
102070,14650
87513,12428
92822,15516
85443,10437
107258,17391
90876,21097
105021,21636
106246,4871
102213,14350
102502,7287
97859,13012
90858,16440
103900,7059
101159,5959
79882,11506
107307,16633
91892,12279
77992,17919
103300,7552
76540,39164
103225,6960
93202,24173
106035,10050
80459,20029
90377,8657
94302,23437
107598,14500
97476,28666
96871,17348
78543,15461
89215,10240
87251,15876
94113,16737
89499,8388
104785,12452
87775,19504
91882,22726
79256,33056
100717,10807
104470,10083
98732,14104
82547,6178
83776,8502
106546,19513
88539,9068
83929,16811
96026,6268
104011,14445
76131,16248
91826,32356
103999,23309
82675,17752
94439,25355
96307,10509
78033,14430
76854,14589
90036,6783
103891,10352
101263,12487
91712,20196
80856,18138
95058,19648
82735,8069
82588,21840
80775,51003
104524,11790
98431,9267
82272,24254
80152,15980
99115,9984
91591,24680
84573,16866
96777,11239
95331,17497
87492,16325
78031,20342
102367,10669
105139,24284
101793,10094
82312,30219
90663,8119
97827,16916
85812,11793
93839,21899
92711,18308
90705,11629
105089,15874
97946,19823
89744,19159
91047,21746
101166,6520
101641,12701
96865,12656
76615,12702
107736,14465
101285,13566
87016,13559
99919,7618
99314,20978
80754,27318
94215,35238
82552,13811
79696,46310
87903,11133
77373,18770
76494,20455
80003,23680
89000,11657
93128,26028
107992,9671
89029,14289
105461,20071
95945,15373
103106,14513
96246,23235
90428,6931
88909,7700
85222,11690
106888,9482
103117,9156
93022,22974
103375,7463
93229,22508
85603,9178
89869,9708
102338,7472
82631,13207
102687,13014
82001,24831
80204,26140
76279,27347
104066,20200
85918,5434
101590,8721
95375,20930
77897,10976
95209,19700
95921,21904
105769,7754
97833,20450
106557,18782
80274,16514
91786,26417
85350,15962
96217,15684
86429,6082
76233,20831
98782,9451
77064,11062
82904,18036
101384,10740
103541,7520
99625,11288
89436,18159
92889,17507
78390,43492
80649,18408
78894,12884
100312,17614
78222,21100
91392,26728
81452,10619
97819,4249
105008,10524
94993,24660
85430,10216
94075,43822
81246,24817
78432,27008
89458,11344
86520,18239
84594,6931
87131,8483
103493,13551
95302,16007
105156,19968
101489,6568
105619,8979
81460,27789
79311,13188
107401,24600
106068,16420
82033,22487
93749,14792
80321,24800
103609,12397
83443,9331
79664,21710
91263,22123
80368,32892
82178,17531
77812,26728
88159,10644
107356,9957
79312,23817
81185,27354
103927,11012
92977,24988
94013,15446
78601,18569
103250,8353
90673,7313
92757,29561
86876,12124
99148,10037
77972,11486
79854,7147
97128,7386
108059,12351
105613,19815
94727,3328
104783,7203
89446,19286
107306,12955
94890,20698
94080,13781
81720,19320
105157,19369
79438,44682
95275,17688
86870,11297
86336,16276
95031,28304
76727,31618
76416,28257
95523,24028
76945,11844
92733,20314
87625,17371
105282,15520
76798,28843
93061,20322
99449,6580
88177,8969
89115,16603
97192,10025
90003,11978
99544,20798
95661,27041
86502,7149
92299,16691
92164,37537
79415,12213
82793,6468
96761,9778
95372,13557
78310,19404
84611,12516
79039,11982
83955,2342
103422,7762
98290,12773
89786,15691
88966,12780
91692,15006
99720,10536
92291,29692
104283,20112
77907,34828
80667,23196
83714,11214
81499,34869
102870,11205
84245,16952
96709,11426
96985,13331
79739,25828
101167,10747
101412,8427
97207,11699
77022,14789
97267,22756
89310,9810
88525,8023
100951,13284
105401,8229
89558,14317
97593,21390
91993,16399
99362,12263
86021,9699
80590,30027
76881,16104
97173,12040
100208,15964
106111,18126
94771,15941
86006,9632
83246,14250
81624,21004
97158,12049
90839,6394
76730,11639
95912,30734
98742,12009
85366,11654
88971,10096
91073,18362
84276,14218
93643,29119
77674,17635
107054,19494
76029,12559
76703,21250
76951,27934
92952,24208
101165,13324
83703,17289
102514,11365
84274,16294
80933,13123
89802,15600
95459,25055
88242,11369
80337,19592
96758,11720
81706,10609
92861,29246
97057,10725
90369,8023
77587,16893
92265,18507
91500,30477
105511,20590
90137,8332
78339,22693
90208,7716
101548,12589
79969,33526
83047,7293
106469,15795
83513,20623
79652,11278
93970,7074
95655,22369
93966,13496
103174,9188
92732,30522
104052,16267
104427,14048
81504,24866
85835,7929
85265,12217
88872,9589
81581,25941
87525,16465
95242,14062
84066,9394
91130,44808
103798,12176
79777,11229
96975,12906
98657,9148
89241,12698
94846,18689
100346,6088
102570,8382
86462,10832
97934,20429
96947,8142
83667,9394
84928,13253
107956,8603
98949,12519
90998,11706
97708,13158
95416,24173
78313,22426
78886,21894
104031,19106
105160,30834
103659,11596
82200,17681
90814,6582
85367,10581
83180,11795
106202,17886
78450,17652
99063,8607
83877,5101
103411,7222
108533,19181
98123,14535
106850,12106
100148,7918
83012,3325
82410,13142
81994,11946
77099,30533
83281,19514
94288,21943
103702,6920
105076,12200
77642,17834
107183,16676
106615,13004
84149,9557
76911,20825
104162,8975
102563,7160
98356,10572
90601,17944
86307,12761
83892,16130
86128,11255
92836,14362
77569,27807
108327,17530
101953,11530
105792,25351
97726,1572
86652,8482
84446,7323
96826,13922
95460,19874
86352,12764
106793,12870
87778,13508
99950,7366
104088,14413
92232,14042
94143,18603
87874,7762
83793,13255
108182,19477
102804,7880
97509,19645
96468,11869
85388,16353
76856,29250
106114,28057
92900,24505
84771,8415
87714,10510
80892,22178
91592,29496
102842,11769
107139,21101
94334,11868
86768,11959
103414,12739
92179,25477
106474,14202
86309,9636
91109,10032
78133,24114
76963,14959
101391,10732
107342,8876
105184,26880
104693,30889
89673,15626
103903,10016
88947,6277
87569,17425
76483,32837
86102,9501
106452,9439
107976,17969
85216,15372
76812,26499
90905,21584
101716,10254
106450,42165
79930,7038
80812,29240
80862,23553
103996,19488
93119,15990
93986,21015
90226,15854
104841,7222
77115,7870
82162,47115
88176,19122
96807,17819
87893,16818
96864,9566
81129,12903
94158,15373
87268,17819
101545,11137
80322,13940
95591,20000
97284,2037
76503,17661
102457,7195
103358,13500
85800,9414
77892,12407
86918,5574
88797,7364
101581,6661
99941,8623
86005,11527
92601,22194
77922,26253
107005,9645
92729,19992
99740,21204
104686,12098
87339,11369
86577,11239
105913,39706
87402,15740
88287,7258
86544,9322
87671,16387
91204,20419
99618,15084
93596,18873
100194,1696
76820,29569
78350,28658
91114,18788
106403,25371
77876,18261
92321,15877
93803,10073
95007,22238
93540,20951
88267,7864
100770,8653
79033,37781
105481,12308
92645,22166
91504,15743
103374,17004
76555,29620
106876,20600
83008,7420
103085,11461
108288,23165
78153,26055
101104,11064
86300,17203
83596,8211
92918,19881
96263,13731
95845,26399
82174,9491
95636,30942
87859,17670
92038,13282
97965,13677
99236,8559
102581,11404
88484,5756
76734,19161
107756,10280
100368,18272
92542,29684
106507,9591
94713,11273
86830,8638
105659,11598
103299,10230
77388,41514
93171,32295
95564,22767
92209,19742
103068,6517
101008,10372
101098,10700
100297,6529
100668,6854
83587,12087
103730,11350
80300,10715
90994,31693
84749,11352
96883,21814
83643,24815
101307,9315
96979,19214
96090,16780
82603,9506
79091,21376
101959,12294
101554,8871
100961,10390
82778,9469
98924,6607
85086,8440
89149,7531
89443,7775
88608,12785
108064,23640
93913,20418
104833,18314
88819,8413
105039,20556
108163,14013
78429,20583
100022,8376
99243,20269
96715,12979
88735,20248
86496,9869
90642,7631
98358,5744
91268,28500
106457,11684
87063,12213
103942,11565
101823,16059
104919,2752
89192,21961
78525,23556
82948,12307
97364,12519
77638,18351
94939,16222
102799,11968
97063,18163
84889,14230
91197,10682
83936,5193
88850,8393
104781,29162
96341,7597
77784,20342
79500,22446
85956,9645
80268,8220
76575,28519
88273,17580
96863,8746
104149,12901
95323,26765
108521,13875
104891,26345
86333,6373
97441,30670
103963,13485
94117,20975
106930,20708
96478,12312
93273,19582
90140,5157
101752,13206
102564,8378
89449,9413
82080,16030
103168,11628
92400,18133
89829,16857
100294,15045
101914,12736
91223,21616
107925,20027
108124,7313
99736,27853
106222,5705
96843,6011
86576,13597
106802,20562
101331,7011
76847,11264
82850,10952
107284,18879
77599,20768
96827,20592
76080,16513
89213,16272
91332,28430
91930,24512
96005,10717
94637,27746
76949,10211
93336,21526
79792,19405
94859,26397
87815,10000
100994,12287
103939,7921
91674,25837
81166,20811
105292,17821
76991,48549
100176,15370
100118,13036
94700,19064
101432,10836
78373,20876
82918,14817
80619,19335
98870,6507
99728,40434
100347,14182
94871,18739
76922,31175
102057,5175
106406,18738
81647,38144
86232,5122
90976,27765
101053,9395
87392,9833
97377,16325
96652,19310
88212,10250
106859,13133
92678,17889
99554,7518
92531,38550
84190,11269
98562,9181
102014,8379
105663,18921
88795,8064
83227,3640
97436,5460
101846,9444
80332,26395
104483,22448
97675,8960
87703,10079
105829,17099
97495,12636
97230,17242
99232,12037
108036,5738
90470,18008
91410,25479
87856,9760
97072,13610
98581,8965
96021,18725
104873,22107
82366,16789
81093,11875
94091,18243
105502,22816
81212,26309
78477,21485
86344,9451
87337,9461
83364,11723
105029,17323
84927,16014
92467,25303
77390,23876
91159,19296
86919,12507
87364,15936
96009,14553
80050,24286
97335,19048
82533,10410
88494,11235
101773,6055
84410,15460
90583,9915
97361,7801
101276,9462
92452,20511
107354,8623
78584,33048
80128,12825
88645,10030
86622,10413
81676,21284
107409,27150
101162,11455
107883,12393
84824,10977
96253,13178
80764,17418
105145,18398
76292,20817
85405,7836
105373,25656
86540,13741
91362,28650
90075,10484
81886,11185
99080,7179
105235,14283
96437,21963
83205,13291
94569,29160
92687,34768
85951,16260
84977,8320
86143,18411
81763,12936
92970,26577
108286,10406
99395,7013
81779,21584
82131,15398
77833,11890
91949,47461
84571,14051
81403,30996
86275,9566
98103,7327
96519,17469
102141,13121
95016,29323
102800,17515
102275,9488
79437,19512
99129,3040
102738,12654
88502,13212
83847,5990
82098,24404
97608,10809
93635,49609
107415,16951
100604,6348
95825,15348
89837,8797
90563,13979
87183,10446
82030,15541
100952,5995
88907,6735
108136,17430
99824,8167
108052,19274
86157,19920
95635,26179
76024,23044
92449,14991
101870,17041
85896,10484
102465,6228
80302,14812
104316,8134
95294,31809
106995,44869
86510,10303
87250,11909
86483,21030
83417,14386
99580,10291
84527,8211
86193,14279
98832,18661
89427,13983
105172,10315
100800,13411
81313,14914
98110,11211
83944,12971
91420,22081
79842,25440
98350,12159
104288,22322
96086,15410
78566,21779
84457,16755
88685,13471
87157,10740
82023,24324
95492,26313
84139,6363
89309,19920
85676,8359
94553,7968
90271,6779
85678,10246
86238,7475
104335,13224
83609,16813
92930,19176
101478,7150
86537,9758
95350,19798
89176,13341
89383,11255
81369,27742
96749,6763
95414,30923
91568,28955
92425,28890
107079,27243
93550,30956
78972,22079
80719,10185
92919,23219
84505,10998
103401,13824
97516,7673
91738,16189
81664,10966
108017,11016
94154,16008
94015,24355
78990,28697
100198,8824
91258,31003
95886,19499
80048,44739
92615,25934
92333,29174
85637,6233
100681,20217
86280,7696
88934,11674
102926,12768
88415,1894
108063,14714
103273,10031
79468,13257
91285,16078
99111,7325
90686,8467
77458,21457
103540,6796
98158,14753
80240,34486
93032,18388
92380,14946
91853,19368
76049,21277
98852,23165
79019,12002
78009,15383
79038,18908
106404,10595
100619,3841
82348,26745
83844,8252
101370,10932
82900,10221
77014,21490
94704,30731
105395,18660
92471,28233
82964,19892
80223,72512
83523,12028
84395,15962
77474,20833
94649,11266
79826,11413
81786,15203
106749,16176
94115,27325
103835,7860
83617,16426
106555,12210
86868,10180
105245,10183
107495,20704
79571,37610
100328,14380
77453,26614
91473,23364
100493,13302
83383,6886
96482,17727
91509,25053
92051,32313
82251,13385
76054,11610
105927,4153
89426,12443
101006,14075
96504,16540
89053,17302
102578,16290
104576,13745
94137,19343
96387,10931
106040,16865
79795,11562
102216,8728
106933,22841
87217,13700
98953,6765
106935,13692
108160,10832
86220,16948
81017,13908
90319,6931
100847,9822
79811,19997
82324,33328
79204,21220
76561,20727
90313,9832
94271,12783
99090,6638
106261,13887
95699,25503
101624,8191
92096,10312
104402,19157
106877,5380
95341,27798
79252,24045
85039,8450
95172,19034
91340,14551
91584,15981
104972,13977
80896,24378
93083,17934
90855,9083
78320,17889
98584,21436
97117,17147
90267,8523
104276,12066
93771,17781
100654,13475
84833,14598
79006,32250
98734,6720
96686,22544
81262,10541
104374,9400
87939,11845
85868,10060
105505,8300
87999,6529
84535,10587
105765,14785
77591,21443
83018,8053
95281,16053
104629,19609
80247,17936
98202,10914
89361,13020
86384,10918
77923,17295
86901,10022
101827,13738
101756,7943
77041,26978
97753,9857
95848,22136
94827,22811
78247,35332
87132,14438
88911,18060
88418,10968
77238,11908
88359,11330
78818,9953
95395,18352
103416,12194
84747,13728
101608,6564
105437,23981
76320,15966
98937,5624
78233,11384
82250,16476
96164,20456
105298,14005
85892,17361
93834,14698
84717,5631
104176,11077
95319,46607
85002,7736
91460,31142
86992,15648
76228,22300
105611,10562
83256,26145
88943,17646
77394,34748
100873,5552
92464,19006
89315,14525
92773,75899
82489,6823
76219,16199
102904,11568
91039,35299
104890,25548
99922,11333
107007,11767
90649,5994
90166,12503
90837,17703
84748,14159
101034,10166
80579,11458
103124,12661
92022,9566
103382,9345
104089,21855
92089,19664
106395,29645
76012,20540
90152,13161
85524,12608
95337,25169
101744,8780
105820,15558
100587,1810
95224,33597
88607,7729
105741,20111
100550,10387
80543,24349
96731,8036
94235,34095
89536,7786
104062,9201
79870,8608
90961,55632
104757,12573
78702,10175
82823,8326
76387,11959
83860,8352
97853,8205
96491,30238
93018,15512
105464,19144
91589,16889
81040,13205
101726,4854
89843,10367
82306,17657
102706,10749
81905,14331
99194,13932
84038,12004
99179,9469
107945,13546
107187,16770
106729,11283
76009,16802
80160,11686
87798,1807
106779,10237
87694,11465
83225,12513
82371,24877
102154,11129
91905,18697
91831,19875
96829,12329
100724,11486
98429,13730
98046,15023
104025,7643
104930,19358
97711,10002
87985,1441
102005,7681
93141,31562
93564,18004
77719,24030
99873,10694
87053,15349
96789,10575
107871,20050
107192,11118
79928,26719
107669,17810
79401,25253
95320,27222
94864,30656
80654,28361
99193,15132
84375,10732
90211,13883
80720,13846
91902,15574
82275,10577
81465,21695
93508,22245
88780,8211
92268,31891
87172,15520
106818,8506
103457,18982
86080,13558
107319,15862
104533,11698
105670,27615
81801,23845
86611,16206
103251,13805
95313,38996
83324,9543
106920,12585
93607,19677
82902,9863
98295,13851
99592,8011
83209,20229
100342,6316
100059,6927
84964,15651
101150,9754
80834,13959
94660,22301
86817,10948
82881,15999
92477,24911
88843,11526
88409,13716
89464,17266
84554,8284
107456,22185
105815,30437
84223,18948
77230,40742
82653,8914
84903,8193
96636,11448
92293,22764
76243,11192
78795,23956
77946,57440
108033,26854
89601,13331
90606,18086
92249,29982
92624,19227
97695,10862
78743,35237
99859,20193
78302,21827
99986,16059
81908,11955
85440,7636
91412,31527
83964,8063
77867,12235
98287,10055
92675,4919
93893,12622
93828,31624
107502,19683
93726,13668
93097,13340
107762,17801
93545,24607
89831,13999
108065,29042
90388,4977
82017,25182
91025,26431
96293,14649
99187,8126
98283,6698
93590,15023
105510,9982
81365,24154
105805,19697
95866,53627
99079,13910
95673,14255
99311,18788
86145,7435
103531,11324
108261,21392
85582,6203
85281,6412
92591,37428
97180,32500
105998,17146
101355,10950
104286,44499
86703,9485
76535,11605
86181,10603
77004,19197
99367,15581
106001,23033
93179,26556
83031,10112
86572,19671
80350,22861
96375,7412
102219,7339
100942,13421
82949,10757
104083,27629
97140,12918
96421,10581
87075,14675
106419,19490
93602,27397
77222,10413
101712,9272
106666,7606
87295,14156
89044,15079
106433,8164
94575,31109
107025,8221
89318,9219
86030,8988
103483,10535
94536,14964
107058,17478
87031,10825
100119,11123
105938,11318
89724,22389
99480,7190
83017,10450
108355,5654
94711,18721
95759,31930
105168,12770
93791,24232
85850,11016
102333,8113
104407,20919
98798,16855
89284,7751
100823,6233
80514,16139
105308,18094
104612,22751
89638,20517
93794,13696
83933,16598
90413,9481
98929,8824
90959,17567
83414,14445
82228,19487
88669,10400
106815,21250
84567,10248
91328,32668
105740,10500
96452,6508
76038,22363
99940,9526
102377,15104
105229,22290
82158,22758
104844,18662
101203,10374
95222,20307
89529,19232
103230,6793
100692,8368
99821,17007
81086,23001
89399,10967
102445,6165
96444,6119
83485,9921
93778,36159
100464,6190
99865,9220
100107,16732
83973,18728
92032,28372
94017,14901
76046,14766
77816,13806
76743,31962
87201,12853
90652,14943
103448,13598
93642,27114
85409,16840
99777,6453
92216,14598
96269,7537
94298,18852
106667,13662
93716,61474
95754,30854
89379,9900
95970,22956
81911,17359
85652,29379
107793,16326
96389,23422
80000,20192
104440,12077
92029,40975
93473,15147
90350,24275
84947,12799
81870,11856
79936,12204
79910,17667
93467,32657
80387,27871
104360,16024
93150,26177
79119,22366
104462,3520
99548,22188
104024,30863
83480,18516
92501,13931
86740,9796
82165,23127
85963,17454
79487,14762
83245,13867
102193,6795
95449,24600
99413,7044
77176,17262
107260,26875
94187,26019
85664,17512
97886,11160
85384,12587
81228,22325
81930,17890
106627,41744
88081,18463
91651,14674
98067,5700
100814,11271
77028,52391
89853,5279
92951,10265
96866,24663
77498,26751
102959,8244
103546,14099
81127,17606
88867,12345
90099,8155
81637,16913
101995,9071
92382,35882
99078,24332
93118,22816
91524,13304
105674,9839
78943,8253
99513,14099
82972,11518
92438,27487
76466,21915
93315,26899
84637,18697
91553,14366
92093,18959
89774,19480
86455,9592
81999,28679
83211,17264
102893,6596
101347,11324
102099,15759
108532,17730
94030,31663
87114,6787
78523,46102
89274,17226
103663,6762
98104,11895
86952,10642
93621,14834
90898,12924
88902,18348
99135,19265
96645,14366
89265,8176
88536,16816
76788,30141
96496,11251
83580,13393
80060,27883
99910,9325
94254,25010
98982,11325
101182,8138
104497,24497
99215,11576
102237,8644
105340,20842
98398,8130
82895,7800
84880,7510
76633,25717
98237,9486
93475,15891
93644,9199
83331,12994
94673,46825
93774,25247
94872,19415
104642,31035
105806,10054
93351,17764
99440,22558
77434,19803
78382,38054
76269,26587
94221,34717
101103,7749
92917,26696
83521,13565
83915,9724
93502,16640
101013,12469
81762,14456
106753,17630
101173,8188
98602,13643
105397,11967
97067,27429
101378,11043
101862,15224
99039,10539
88393,15801
106130,17744
85828,16959
108231,23282
104898,15519
93112,14289
89768,8066
84354,15204
100168,7103
92834,16285
99208,10428
96108,12436
80163,13331
105455,12533
80323,30303
84714,15937
92348,21201
83603,16367
103959,7551
106728,12926
78696,34904
94150,28006
105629,25959
97037,14542
92850,22766
88432,9765
77436,19343
76469,4036
102030,6239
87669,10419
79981,21336
99662,11675
78260,20853
94555,34551
84628,10778
87955,6436
85130,9855
76417,28146
86241,10468
84603,9475
76645,18549
100195,6924
77467,26825
98126,19271
98081,11785
81234,24680
87717,9715
79724,33143
78643,12582
93113,26682
100597,17125
91190,29784
89351,11694
78056,31067
76053,18825
104592,12705
105891,20942
93731,21820
90123,6267
85669,7534
90040,12937
103624,7869
82545,13763
101212,11053
76510,11780
88673,9736
107913,15621
76619,22548
98461,24402
88455,3771
94543,23782
79082,24235
107039,10034
99565,13643
85597,16376
90908,23591
103741,11226
101177,11712
100246,3155
84497,20554
79003,13261
78075,34749
85527,12113
99400,8292
83118,12344
106176,20444
79864,21761
96609,14095
77968,16712
105349,9950
95787,21494
86759,2138
80898,13585
80948,14386
107151,11562
85395,9278
86612,14750
78951,31089
79546,15025
83345,19484
107224,18202
104509,13982
77088,35436
88988,11491
79061,24551
89758,15166
79439,54874
96411,13686
102234,10130
89720,14770
99600,9935
101235,10065
89235,16926
96214,33264
84205,14485
106816,26863
90934,27531
83597,18176
90454,16255
82998,13088
76772,25268
100571,5767
76400,28159
107381,19135
93102,16843
97419,7282
98844,7686
99354,8110
90811,14534
98152,11915
90157,12794
102629,14821
102111,9631
100448,10763
106531,11819
107493,8381
87471,9275
83607,11276
95488,32105
76205,29371
95394,20184
101050,4472
98680,56023
97176,18754
104530,15412
83396,2667
104984,7050
102081,8188
91955,9955
79996,49647
107833,15488
81342,13881
104936,7575
97105,13450
96834,14059
96402,14367
106575,9300
82857,8361
105504,8968
88261,11792
99175,7763
89160,12718
83875,6602
104695,14739
84189,10816
86024,18223
98475,7226
79856,28569
80385,26973
78287,23983
88807,13745
86288,10443
107610,15481
94375,18513
83385,17604
96627,11254
101257,17041
91915,15915
97986,17799
80806,20690
96930,13671
89391,12450
85423,2064
79397,34163
102565,12429
85590,13964
81920,12491
108098,20221
91230,59965
108021,6804
102554,11922
84182,11839
76770,19617
77856,20346
94249,17924
94729,15846
77171,18512
107487,23075
78766,23825
100849,11535
97721,16814
92837,16789
83099,15814
102521,8589
89738,7119
84234,13317
107428,15145
93895,35699
95662,42709
80328,17984
103054,11165
104950,8148
93125,28752
77393,47529
81178,33681
77207,31396
98648,9300
106065,32021
85228,10922
92787,24042
108462,15440
102896,11674
78301,12622
92584,7694
96414,12393
101267,9136
92934,25750
80206,11562
76657,16415
99365,12321
96142,30259
96484,12510
81767,25635
84926,9551
84961,11019
97487,25047
86753,9343
76410,16693
103512,5698
91899,23864
82404,27958
84598,18881
95115,22183
92544,16743
94011,22462
77265,25524
103378,7843
83828,9469
106142,22232
76564,29425
93718,16152
81110,17528
90753,17352
86557,7594
90778,9531
77313,17320
103914,9955
86688,13517
102878,13346
99734,13222
91581,28359
105434,10339
89221,8470
84974,16096
101055,11835
80952,30395
80861,15608
77446,15471
105345,14663
95204,17245
96228,13506
100840,9187
90096,4406
97213,25510
84188,11222
96571,25599
77068,18013
90711,12609
89855,11564
104858,11905
95897,26489
81849,20104
106143,12000
106333,22334
107165,22758
77133,11784
91788,24217
91418,19427
100158,11166
96982,17943
81275,29563
78741,19102
104961,12861
89332,7207
77546,34139
90860,13420
79924,13347
108433,16803
101702,12932
79340,33706
107333,9403
107963,27397
89408,9612
93686,18885
96129,15339
106156,28919
87515,12002
92980,28440
83982,8417
85504,9630
108354,9953
97260,13044
95437,23233
88483,16208
87959,21787
93858,16775
80968,21230
85754,12867
87723,16081
95880,40525
106868,10005
93138,12970
104747,15087
94889,21966
84681,9250
98538,8383
77073,27484
106730,17812
79208,32275
100127,12823
99655,7710
80695,12794
96818,12775
101382,7973
81239,17375
91299,24154
83005,18046
99363,10592
76302,21802
98317,20513
93829,60350
94188,21563
102190,15650
94901,18475
80495,27033
101373,12142
76822,12919
105052,18676
98580,5891
94567,17717
95144,13375
95559,17987
81580,40588
106874,21433
79121,26418
77257,18192
87589,15813
84579,8916
95950,20712
92510,17653
108139,16060
76182,31786
88687,13707
79244,21531
80690,19456
86259,15249
76977,14057
95716,14467
97234,13402
102608,9315
105976,20803
86505,8322
91220,33375
96558,13173
87444,11000
87498,12642
102631,17072
82185,18470
99403,27595
79515,36730
99088,9857
76226,21379
108382,12092
85313,15070
94499,30183
99934,6664
82376,15771
107765,30981
83605,7381
77701,15634
94028,16686
107523,12312
90650,21138
87414,9228
100055,8623
90566,11831
77944,8302
104365,21235
100010,12812
97116,7503
92053,18666
89028,14415
97021,25817
76667,38752
88020,10543
94877,17597
93946,20991
107829,19961
78257,32312
79067,21514
77650,38245
78087,73503
106695,12143
94630,8153
106256,12249
95601,15552
105796,16305
102585,10224
87265,10548
81014,36003
79536,20462
103430,13232
95642,31499
85927,12097
98965,9395
82285,23771
88076,6989
87977,8244
93013,20570
86356,20947
82657,3140
104960,10852
84159,14481
102831,7131
99907,11704
95588,17841
87604,12460
104688,8468
78457,32039
89007,13613
104449,17263
97888,20316
83178,8989
81940,23042
103932,8181
93309,31148
108001,13185
104771,9097
79382,19753
85883,9661
106425,12872
83165,19110
105632,22538
77132,29072
101743,6928
103628,15899
90647,34268
84997,7896
91158,29118
102727,8418
83926,21807
105492,14415
84091,6983
90093,22077
97013,7820
97421,12941
93503,20435
89921,6878
94294,28674
88049,5783
87152,10491
100030,11465
81887,22252
92813,31510
103849,11410
81370,16637
100077,6311
96215,16433
99477,9692
92453,35874
79103,23985
83988,10437
82753,9638
88096,18702
82591,23600
78600,9685
96130,14364
86532,12157
78212,18359
103099,9701
76517,14684
85372,11966
87192,10819
89912,9104
100674,18097
78362,17716
80234,9858
103492,8723
91876,18211
99906,15325
86556,16002
95439,21683
89552,13666
97510,17852
77027,24314
96651,9421
101124,5358
81564,27899
103834,10743
106120,15096
108302,11932
95258,27901
80241,9941
103079,17536
107671,19515
105451,12354
100581,7049
103200,10255
107958,25420
80508,14501
86519,10427
106014,14331
88647,9151
78370,20310
80157,43009
78549,33310
78346,16048
102025,9016
102642,12049
101566,12800
105090,9208
102879,12170
103116,4856
108181,21578
90077,9094
87209,7982
78488,24177
80235,46144
100754,8816
105566,13217
92772,20261
91123,30432
81751,41582
97826,32395
79668,21542
93067,10302
102583,10380
107690,17209
87693,12789
80476,8612
81846,42210
104885,12205
97224,14769
101301,15142
77468,18518
102865,14192
89933,18702
80064,15674
102316,6248
78861,11127
96856,8999
80901,33886
93880,5146
93155,18586
95490,27829
81179,11519
105515,42244
93763,30202
79292,20342
79547,51853
76889,16152
92884,19250
100959,10002
103931,10999
87109,5565
85670,13271
106941,17985
82237,27791
95369,13421
104098,8413
88392,7978
79992,13883
91429,22067
93131,16932
102287,9311
93988,15783
98533,11633
82402,31295
100838,3728
100418,3197
78723,20001
102054,18763
103873,7038
102429,4396
92423,20634
100306,11120
95398,28295
98509,6420
76571,21338
99096,11489
79974,33966
86070,8941
106407,18851
107921,6097
99358,6241
81645,33577
82190,30760
104692,26634
93221,13530
100438,13796
91444,20501
81053,39710
91363,22947
106954,20534
106654,19381
99522,11321
87009,16936
87909,11263
77419,19816
97652,20313
99779,12653
85584,14755
91829,18160
88101,17779
100556,4349
90352,7977
83282,15906
83007,15414
108313,11917
78810,7477
98828,23481
96114,6366
79191,23679
87297,11905
95877,13804
94139,39662
100850,9082
94945,55974
101089,7874
105691,17109
80668,14082
81214,31856
87518,14647
105030,15708
85923,6133
83311,13952
98855,9930
104159,9166
82779,9797
107742,10387
105468,25123
80455,25863
86388,18595
94821,49676
103268,10055
102051,6985
105353,23464
80456,21228
100987,10280
91198,28343
85153,13052
103654,13562
108172,10304
86497,10541
105311,8894
83207,8973
103088,13519
80581,22347
94590,24264
92857,18153
104990,20377
106022,10975
105717,16554
93403,34193
85166,14129
106430,15259
99092,18731
91093,13844
88851,19208
98289,25251
105096,29620
77047,19676
104430,18909
89790,5288
95496,30202
99397,10920
98691,7501
76750,28571
96768,17456
99671,10031
100893,15455
96376,2033
85359,17132
85526,17706
99471,6830
100718,13650
100408,6717
99396,12580
88571,18617
82056,34414
95339,41123
106966,43559
87419,16930
107951,8924
89086,873
81863,48903
85352,7527
107573,11385
85160,7791
86447,14348
85129,15752
81978,22878
76538,22033
96475,15908
81872,25907
100975,6163
89846,8794
76813,28061
79861,10916
85807,9870
100520,13854
83614,11773
101194,15126
78639,28585
97237,8224
106299,11669
88307,10203
85314,10201
105736,15002
80065,10120
92131,16777
88644,17782
76738,14917
105697,14322
87316,9651
98209,12696
96229,17465
100262,4824
100999,8285
107614,10078
80838,28739
100986,15138
78593,26453
100441,5351
82682,10782
78999,33020
93261,15295
80075,33522
93655,29626
100596,16943
104232,25348
91804,42599
77995,16035
103787,7046
94205,24430
85358,8288
78658,17865
104647,16278
76044,22207
76998,10440
90687,18009
88724,21606
89881,14021
77162,18746
105640,14816
87663,18132
79472,13260
105402,9511
93024,27725
88764,13375
102845,14019
94779,18208
78682,11717
95089,49169
92437,10336
96574,7488
80215,8588
103217,8415
96957,21636
77332,14888
88904,18083
85813,19645
90079,18030
106345,9826
93236,19976
77551,27683
98682,10496
77482,27233
106734,22407
96167,15469
97901,7894
88753,16895
80085,21042
101127,10645
89915,8880
77818,40350
88216,7893
88372,13786
83811,9182
82936,10666
89742,7265
91673,30984
96257,14507
87975,14355
80305,29501
103204,6513
87651,11204
97692,20371
79587,17889
78081,20513
90382,25412
101784,16198
86751,9831
83746,7371
107367,25273
102824,10379
88861,10514
81296,14679
93069,22481
87324,23637
80156,26234
101653,17221
106220,9551
106598,11411
100402,9607
76609,25386
84956,14230
95576,26981
99581,7631
80485,22983
77166,30078
76018,11204
104735,12247
93333,12199
99795,10293
89839,9138
82759,12746
78936,25283
85749,13562
103893,5117
80488,15926
85554,11127
90240,13974
106288,16273
77948,10868
102329,9286
100162,13067
88576,16796
94039,16430
94453,21034
87879,13675
82862,16535
102535,15585
105231,14959
101295,10220
103639,17650
100996,9891
90885,7039
98058,6744
76405,19111
81140,10353
106762,1557
77805,18765
91903,28284
103506,7560
99841,11102
86237,12429
76010,25202
90547,16130
97073,10028
96345,20410
104803,23440
97547,9133
80566,28921
76686,28176
76532,16944
95342,16949
89227,9379
100141,11178
78308,21314
89064,13151
80510,17834
88585,12841
104610,19539
82104,9678
82975,11981
89065,11620
101733,5991
96657,16120
86410,15955
97079,12812
99980,7945
83405,16705
94937,13123
88990,11099
100897,10030
89852,5808
79720,18665
87573,7955
77570,54085
101535,5056
106853,29301
90614,14015
99883,24198
90053,15370
85345,5633
107848,11554
93445,29245
80275,14786
78979,18169
102516,13079
89258,11310
107117,24096
106721,7847
92982,41454
83496,7422
81803,65303
106993,15228
103294,19282
94098,13703
77532,14921
89286,10401
89501,8293
95186,18200
92283,29503
95290,19948
96893,8383
100971,10363
78080,26549
99131,18235
108281,5870
100144,7058
105273,14456
87851,14204
108128,11595
86420,9544
88534,7859
91836,15176
105068,9889
89909,16634
83912,18065
92078,30170
97169,9100
89505,7783
84000,11059
95770,23158
96966,6097
99958,12690
93263,32663
85201,5382
87858,11508
76733,13472
95475,18257
76959,16726
88587,6599
106240,8913
76297,28077
96655,12569
97329,5979
104459,14989
86218,9681
92652,28240
87708,10085
89003,11055
77758,9016
80355,4223
102381,9184
102034,17732
85449,16542
108344,11516
103231,11388
88619,10222
91294,15591
91671,41582
89398,12474
97449,12942
90985,18900
95931,27024
91207,15314
93227,47758
83380,8107
88517,4925
94074,27130
83286,15754
78621,22937
78559,30321
95517,19462
90301,7453
86982,16256
79155,12805
87645,12835
94734,18798
80776,8822
80191,23248
81665,20349
95409,27770
107275,11574
88752,7402
85344,14073
96113,13437
89564,13413
83351,16272
77727,20622
105427,13071
86511,15649
96465,11816
81345,27361
102204,7668
91518,50110
103030,7522
77586,26752
81802,17639
97913,19132
106159,18632
101107,16484
77988,27060
103558,8095
107080,9644
103080,8112
81729,31182
76576,13496
81302,32537
102815,6724
76838,118018
100835,7117
92600,24503
98836,10120
107734,11929
103146,8490
92838,30415
107210,15550
87193,8152
80803,22981
99014,27388
81317,14628
105975,14956
91289,13313
102427,9051
88770,8971
93130,16279
91428,31373
101880,7813
96317,13804
79846,8418
76152,29481
98591,9599
83409,13108
98307,6746
81931,42581
90083,7041
77773,15516
103635,10340
90621,7278
91055,19598
82011,11369
84194,10202
107360,19598
89868,13566
78774,17927
98229,11570
78895,12892
104821,10528
88829,16928
103561,10874
95077,28045
77218,15483
96894,8570
102467,8904
80026,13902
81904,34625
79212,19783
76081,25589
102446,11538
92123,31157
99505,19134
90701,33505
94131,31787
98499,9548
87292,17885
101982,7172
79507,14412
80367,18246
87303,9222
90939,19044
105990,23308
93538,29401
96747,14858
96705,12364
79540,23476
97104,8577
83406,16630
105299,10161
106722,9960
105452,14654
87290,8361
81467,20804
105170,25658
93330,17936
80272,19914
107730,18120
96010,19257
81845,21423
80811,12462
83571,13622
105322,19146
77762,16545
102039,6990
89712,7783
89635,16803
95445,30396
83168,11073
97583,7727
90719,13915
83437,19298
95182,24593
85203,18580
103788,11788
82303,16101
75983,35037
86812,8510
81841,30693
84828,7284
93783,27544
107916,23577
87430,8064
104874,10748
93137,16923
103047,6810
102110,8137
91435,17551
86558,13384
95141,25795
101513,7046
98883,7239
84488,10906
77317,27557
76345,28873
91779,26193
76882,11817
90888,9569
98663,10181
95756,18756
92853,20005
105681,25228
100628,8639
93663,16293
92183,25197
87635,18184
104386,29650
87388,13523
77217,21517
96722,18119
96916,13682
77168,51663
78963,13377
93780,22596
91677,25795
98082,8831
76229,17603
92338,25214
84178,13154
106784,10624
90742,3435
96034,18722
98064,7650
96973,16266
102048,9280
106484,13330
105759,12805
93589,30180
99057,12755
80757,13681
89636,8179
83495,8158
85277,13328
91843,40120
107118,27354
100387,13784
81885,26804
105369,18542
103588,7610
89859,19264
99533,9991
107533,15977
103667,7420
92303,22983
98400,10014
107283,10295
77352,29934
83662,16719
79661,26006
102007,12506
97793,12418
106968,21418
91632,22959
79763,30447
84785,10371
92155,14739
76625,27576
107370,11455
87638,7837
96040,8268
97299,15507
81301,19399
83192,16846
105291,43346
87135,13171
75985,32065
82125,7460
87636,10844
78783,32485
78662,5091
87134,16978
89451,6788
100098,10542
88589,8231
85831,15445
101724,9896
107345,19796
88336,12882
105588,11141
95273,18615
101163,8732
77479,9293
80339,24125
86561,10349
90365,13446
78103,14800
98617,10657
77621,34969
91901,23706
93087,19680
82739,13879
100953,7779
80117,19157
84174,9652
106828,17947
90803,17261
85910,11508
89576,8745
106572,20440
88570,20601
95066,22507
101114,7487
90936,18583
99197,8073
106363,8398
106495,11980
77516,9280
88093,3013
95483,13899
93513,73804
102348,6440
104779,11604
90381,15596
90866,20094
76005,28207
83160,19174
105547,13846
102598,9591
104485,19877
88186,5900
100958,6500
93967,29010
93296,17223
102906,12203
96380,13863
93298,25977
84722,15727
76718,20533
80056,26859
78850,17492
100715,8681
97058,22471
85906,13507
102477,7704
78624,49854
104387,18235
104252,11989
94178,16274
106337,21474
105385,15608
83119,8958
76930,18337
78083,26338
97868,26471
81081,8113
102325,8001
83604,14268
107825,5518
105577,22925
107308,9249
103876,16022
97378,22239
89508,9454
86933,10993
100033,10970
84820,15902
88884,11456
105458,5909
103164,9547
101838,6101
97811,28357
93826,24861
86364,6811
95317,25406
80613,16374
78372,31124
83283,16458
93249,29346
104303,32664
87973,23323
89997,8594
103013,7170
85570,10712
102979,6139
78598,9396
101402,6088
87313,6320
95505,20085
79319,20137
95230,31645
91808,19807
98678,10185
84270,12477
84932,9649
92433,16753
95944,18773
101180,13946
82624,18372
80920,20308
99771,8616
86425,16591
92191,18567
85940,11698
97391,15382
101341,6692
76066,19998
93226,19270
108367,10056
83144,8789
82764,9573
85112,17724
97167,13261
105808,10361
108416,29403
94695,38464
100332,11660
102829,8031
83817,6589
92304,26391
104385,8500
77858,23952
104454,13391
100292,13894
88759,15679
81746,16478
98246,6466
96680,9046
84163,6316
98135,12239
75975,29312
92064,13819
78732,20709
99528,16683
97651,13714
88195,10506
85398,16534
105940,9642
83822,8530
79148,20926
101011,11679
91642,25977
92277,31604
78438,14038
103126,7303
90247,16121
105738,13553
91585,24121
99313,7373
78484,10901
91221,41320
102068,16059
103027,14520
79594,34413
78290,20360
83059,12259
94542,20610
80450,15317
86055,13196
77128,23944
78459,22997
106614,8187
100580,9011
79200,16191
90988,16963
95354,58492
95524,19502
89514,24095
100494,7760
80365,28023
100498,6091
94820,23346
95203,15370
84845,16143
103726,9492
78164,10375
85894,7900
83974,11432
100042,7656
82641,15477
89331,9764
104138,20092
84136,16521
93037,22024
88791,12524
102077,10912
81882,22909
98035,10390
108194,22506
101297,8353
98938,12959
98486,9366
83293,8908
96404,12315
90115,15578
100205,6517
81271,14542
99430,10387
106622,20411
80213,24374
106624,19101
89907,9362
92178,14200
94849,30782
83585,7727
85742,9198
98510,11331
95629,33182
86114,10660
104028,24057
78862,14635
100720,15961
97302,6271
76761,15554
97918,23900
95704,12706
108116,39567
101381,9155
95542,17279
89609,17908
79374,11903
97399,12615
79350,13370
101700,10229
76556,19342
85945,9404
92706,24321
98698,12078
98683,11975
95706,33254
91170,31992
89870,7068
105665,24097
76774,16691
106996,11701
100111,14881
85146,10284
87623,8621
106125,17017
81146,17000
82472,14560
106621,15922
92229,17414
100574,9687
93325,21427
88820,11879
95448,26732
94293,4556
83682,16959
82826,6918
78729,14693
82431,9858
105701,26822
90828,16041
88782,17910
90765,21717
89779,14587
93973,28610
82915,11003
107131,22565
78143,33235
101557,14476
81060,22125
88032,17897
102913,10169
84050,8369
97797,12900
99183,4494
81588,28627
89819,21711
86947,12674
107568,21708
92085,16289
101729,10564
89417,13352
89797,8053
89349,11941
86040,10843
85454,10681
78374,26454
84084,9170
88370,11335
99555,23426
91675,75715
87112,10386
96235,16122
98203,7068
77675,8891
98775,7821
81614,27489
102391,11803
77097,25779
80494,27192
91050,28633
90412,7343
106318,14919
88976,19174
95898,24287
107839,22435
83737,8941
99929,13875
85736,15999
100856,10622
85708,14220
90131,9371
94568,18718
96466,27018
100117,11826
87585,6673
79106,12591
80237,19733
91302,25104
83945,15332
80650,22197
95104,20496
96677,5952
100682,10691
94464,19437
89293,14595
102107,7058
92219,26028
87853,16461
95391,19674
102232,9808
83035,8625
80636,12764
105398,22867
103291,10147
78340,16255
107130,13877
85694,11960
89901,7254
101501,22117
92797,46984
90279,10155
92115,29241
105910,11075
105226,16325
94797,26336
88857,15985
91374,19527
106841,16429
90283,15597
95421,22413
102374,4292
93581,24652
77463,36728
94949,21385
79220,18731
82822,21516
107897,6409
77398,48058
99943,14896
101334,7002
78664,13993
98917,24811
98320,14410
86414,12665
106690,13706
103656,10664
82816,16458
92595,19421
89058,9689
90981,39792
84545,30140
85121,10740
86786,7988
104318,9358
101816,9975
85525,8693
79169,21620
90473,7902
76459,33625
91881,18830
76343,15207
99475,3845
76756,19734
105158,8398
82355,30692
102382,11048
102739,10618
95595,27767
92655,20159
93230,20690
92502,28169
78020,10759
76077,17665
107845,7784
94272,59347
89239,17480
81657,24485
79605,19469
92466,27327
89062,22795
91866,21306
87629,6163
94495,19175
108301,9460
97893,14464
88636,12054
76642,10801
97723,6354
99689,10680
98669,9208
107547,30686
107324,20228
96837,5828
87607,7143
77412,30855
87012,11789
106509,26638
96290,14097
98997,16862
80784,13421
79231,17453
99071,11913
95343,58067
106067,19285
99385,25781
108247,26454
92030,43015
106907,18115
83305,10856
77537,11158
94191,30143
106218,10033
90895,18184
87733,13790
85938,11947
92778,17938
104351,24318
98023,32465
100496,10464
99703,20709
97963,6125
107514,14577
90147,16180
78976,21121
87951,17237
87689,18822
95720,32395
81362,13784
88028,8682
101241,14039
77282,20010
87318,12218
95832,14934
93146,20453
105053,28550
106782,21956
95641,24433
101467,10494
78487,18483
97221,9226
88550,13621
102969,11433
91727,33389
102790,9633
90218,10155
95243,50911
101112,8002
85231,10320
108368,16747
84764,6510
104560,22187
88854,9445
96342,27069
97363,11005
87222,10117
85750,13351
99457,10143
105834,9609
81230,13968
89905,6536
99107,11899
97725,27770
103383,7918
101881,9347
79274,35727
106126,17663
88014,7989
81379,20956
76685,12384
81756,33833
80382,20337
87661,9768
103160,15098
81893,31516
103538,12554
101780,8770
81384,17369
106350,27882
92907,18469
99538,13985
79214,17755
101909,9378
107864,17645
100524,10238
84466,11636
105389,21966
95621,16506
85294,5449
101831,12733
104539,18475
97418,25258
84417,12646
87082,8274
90484,19868
94455,26121
88204,12601
102964,10387
83265,11988
79644,28015
103662,11388
98160,17811
86602,20885
96773,18570
106258,19935
93161,25541
84913,8308
93566,28228
99048,9025
105009,19237
78907,13475
86767,14596
91280,35712
80284,9957
90664,13308
82570,12340
97344,5769
107585,18114
88462,11797
97190,8956
105578,7949
100275,10063
101818,3967
96900,14594
107149,20198
92413,32381
79385,33420
86389,10435
95212,25448
76373,20982
78959,23791
88737,5776
92016,37575
86224,22106
82578,10196
97155,8471
107701,14732
100516,6357
100278,15722
88637,15604
82527,10929
84753,7613
103714,10798
100322,11726
86770,11871
81754,33489
88214,10425
104113,13813
104421,3184
97736,8367
103535,7516
83206,16570
106330,9461
102339,13067
87709,11775
76492,22082
77728,19015
80481,19497
103158,8236
88892,13289
100388,10581
92082,30497
81236,27069
77042,12490
91157,27380
84392,16974
93436,27355
106487,22844
76638,12159
100756,17470
89769,8426
107047,26819
107482,13544
77672,48756
88137,8128
94234,47472
100690,9370
104730,16144
80889,58325
83038,7417
78952,10962
108324,22346
89723,15459
84963,7749
82834,17514
84141,12624
94870,25756
97980,20314
84101,11291
103187,9629
89617,11578
107178,9199
92448,26340
105739,13078
94934,16857
106422,9445
84357,7326
81219,16900
96165,9276
89437,7769
107434,25736
104751,14042
79869,42101
108255,20607
93706,16569
77694,25694
106112,33833
79750,22271
92715,27473
91183,22010
104425,15915
91695,18287
107783,22821
80023,31489
106551,12179
88253,28365
89867,15052
83678,16041
105660,18082
88202,10551
95119,26135
108260,12674
83078,8055
82345,18762
83217,9923
87850,12439
81035,49657
79575,30075
91737,17250
87829,16432
83729,10280
85611,16085
98402,6807
92385,11379
86408,11738
86059,19380
95741,45368
86739,9160
78929,26022
83842,6426
87907,11426
88079,16115
85643,11287
81382,19403
83493,9024
93460,39933
80412,30009
88171,9421
99783,10681
102777,9575
80663,33461
77531,11285
86865,19161
78461,21272
107352,24133
94120,9807
79496,20939
80515,38356
91344,44507
79373,35326
96220,10111
93246,53179
106908,10131
78245,36377
94731,16588
90402,6642
76206,50481
98559,10392
88796,13521
85816,16700
92649,31602
101935,11075
105463,21621
87365,7953
95227,27943
93234,13899
85937,16760
101266,11950
99571,10645
85700,6328
107102,10199
89204,8489
107013,8987
89174,13578
105413,15687
97676,7219
97236,6413
103159,15761
86515,15083
95748,18871
103941,16707
86393,11355
100154,7667
96775,14367
85975,15730
80620,18060
91545,22379
90512,9001
98423,12927
98191,12300
92713,51625
106242,17761
96941,7589
91711,16283
93194,20534
84431,16853
106092,9962
77699,10717
107042,21487
94581,119092
94719,26197
103203,9720
90527,14614
105553,9907
86257,14389
108539,8447
80580,16244
100564,7792
107330,14532
91726,18950
102084,11573
87088,11702
106757,32055
77040,12979
83253,12615
87231,6177
86913,6787
100372,6180
104194,24608
91979,11538
82139,17189
82434,10395
95418,23115
76862,29758
76939,12684
86454,17984
98632,24854
77936,30420
85823,10201
88035,13246
90469,5841
77882,28366
91663,19463
84326,20059
107834,13827
102220,13319
105246,9629
107828,22384
78808,9534
87428,14021
83186,10778
83578,12253
76948,17311
78241,14896
79743,36646
105523,6521
90957,14143
100382,10018
76105,15427
86104,5686
101922,13058
76554,17604
106985,21296
85689,12364
85008,16154
91965,16963
76366,33781
86191,15715
99663,6715
96285,9359
104099,19505
99056,9121
84374,8622
106354,24398
93698,46114
96634,8814
84156,8662
108084,22584
87399,13752
105466,25921
80586,26510
92580,9233
101845,4805
84566,10532
90141,6463
108378,10810
98277,3267
95092,42127
104064,22837
107637,9566
97365,14906
96955,13007
95760,17143
95872,23699
96240,16329
88163,17683
100611,15611
78881,23462
101061,14577
107426,11518
84044,12487
104552,6595
94780,11561
91863,61210
100864,8921
81237,18678
82136,20084
95905,13522
106384,4363
104293,20400
81454,18813
107302,21756
104291,23493
82868,13224
97858,16150
105855,14054
93166,17915
94741,29064
90290,14990
89573,7448
78623,11826
98815,10562
108391,7884
84762,9699
91318,20050
79163,17927
95977,17663
85867,10612
88322,9792
79623,24243
98269,8913
99650,8856
107902,10317
105941,10482
81949,11941
79343,25411
107578,19013
99489,6803
85577,22105
96815,9888
101625,15455
77737,14311
104092,31769
100181,11505
104928,7071
98913,6823
91602,33937
83876,21308
89307,9113
94093,26041
90665,6680
89424,14918
89966,15747
87512,15675
93925,17405
92819,42683
93100,30510
84387,11795
102337,11121
96351,7972
84790,10305
82257,9964
99957,15729
88917,14575
95068,32893
84509,15785
91624,30359
97851,13146
88699,15112
100216,9057
103752,15826
86444,15269
96692,13450
99855,9451
80299,33264
106960,6590
97471,19162
84560,6818
102670,9887
89279,9599
101965,14295
97569,14929
79614,25271
91772,28411
85007,12130
106561,17644
75994,21931
79691,34787
89364,17336
78875,13835
107066,29997
81507,25993
95249,20924
87015,9173
91324,16918
76752,7438
102171,13148
101910,14046
103619,15259
100128,9005
79404,26498
93180,28990
98208,16056
79595,20713
80232,28382
80698,26614
77442,11230
89295,10841
107982,7665
104260,9099
107081,6829
84397,18435
76341,12171
105837,21465
87758,17198
89085,9918
85464,6205
108404,9721
87357,8554
96567,10905
106723,6186
102198,7064
97673,10344
94078,19640
107507,9907
97681,6296
80033,7200
86656,16722
77797,19737
107699,20452
86945,10333
105222,4010
104904,12116
79731,11621
79205,32793
94275,44615
83219,11685
93926,30252
77804,17268
84512,16596
77215,10611
95226,27158
102992,5774
98108,12883
80629,12446
98788,13662
84971,8925
97484,13320
87887,10054
104294,43087
84316,9008
105685,22816
84866,3725
108412,26094
83463,17041
105005,17419
94134,15058
87832,9417
106089,8319
90745,6923
93579,10487
77750,31472
101618,6247
101148,9971
91084,17086
87106,16006
89045,8836
100365,10813
107100,19253
89836,15330
90463,10302
95908,29062
105700,7364
93105,23930
83244,15558
97603,14082
93616,24558
94245,23583
90752,14578
99594,13312
93068,35385
88443,11332
92592,22689
99796,14618
101588,6809
89633,9078
99577,17032
97165,4445
95686,13872
79266,26253
76351,23210
87457,8257
90220,11578
87855,7135
79818,19786
91024,23863
97908,12132
101556,10444
89750,7906
107781,22570
94151,11049
103214,9737
89012,5889
80997,24514
90002,16609
88243,12745
77631,20119
76185,40088
102767,14136
96776,23300
107630,9822
97550,10511
91871,16783
84499,14117
94523,24937
95467,23152
91735,17443
89874,14418
90168,7866
76765,13215
92590,24845
100529,5164
99330,6314
92566,27712
85303,19366
108401,9582
107621,9167
80471,15698
85478,10750
78386,21245
105016,16676
76807,18342
85036,5456
85428,10263
85783,9533
88510,11014
89262,20491
89136,10746
77193,56633
88928,7414
85930,16709
93387,23909
87348,11011
106766,10794
94358,15666
81582,12351
87880,8502
80554,31631
103295,10542
86265,7210
85650,5465
78496,9320
90155,5542
108366,18225
95435,13017
83433,18641
97917,12042
80755,16397
106070,8872
80354,18132
98453,8310
100106,11648
90408,24803
83615,21660
82425,16309
101993,9747
94522,29362
84782,9263
108223,13183
96160,8873
98432,12658
105363,9944
100535,5868
86591,6551
104667,20598
90913,19188
88935,12802
104570,12460
83610,13351
92006,5439
86169,18517
82827,6794
86592,11199
87212,10340
97120,13193
77359,16037
104752,17698
97296,4530
76528,19884
94678,15715
92677,16523
79068,16981
79258,14845
85903,18721
85139,16062
93427,18458
83820,8966
77286,24819
99210,7052
87068,11554
83423,6973
104277,13096
90679,14939
87218,16209
85604,7917
81045,29564
99525,10255
102332,10024
81248,19467
94626,36287
102031,5649
99240,20489
104198,7503
103296,2508
105530,20627
77830,13137
107707,44996
99875,51386
107727,9995
86279,10652
78738,19070
77514,17453
83235,9148
96964,6280
95157,27177
84407,7237
107930,14468
100103,16059
97895,13826
96823,25751
85448,8335
99246,13719
100586,16987
84536,8484
79744,13161
89433,7057
93466,16794
80628,35793
105144,29488
87407,15483
106295,26344
84239,19407
89362,10926
85099,10711
88071,6422
87696,10840
102512,9813
95911,26820
85069,4192
77710,27229
106234,18376
96338,8920
76534,30736
91330,14511
99229,12124
79318,14351
87465,16347
85327,19445
85601,17938
84287,19644
99523,10914
85692,10318
101573,6194
97295,8251
106567,8653
76031,8696
96219,20256
103153,9700
91126,31518
106188,23013
79174,14433
102013,9317
104603,13198
94006,21633
108326,12424
78483,28010
85801,13020
93295,21670
107744,14016
100171,5272
106558,7629
100806,10820
87732,14476
96227,27090
92111,20569
86147,10506
89519,15796
95271,25922
95264,26971
102294,15455
81966,14726
103012,15450
106989,10950
96772,15551
102972,10203
96306,33293
108418,27776
78045,14372
88095,20061
107561,20665
81795,8140
106736,20059
89308,19803
92852,27576
79486,14360
102942,8613
104342,14170
92242,31431
107000,15001
101869,11481
103744,9755
92316,19904
100386,10304
93123,72066
79755,66314
103598,13297
85309,15776
99062,6002
106747,25040
86675,13659
78833,13081
77194,16104
100977,10256
80837,23109
89253,19328
99368,15694
82058,8084
88519,15625
91242,30799
80897,26413
80505,10197
77645,29328
100818,11897
101021,8337
80028,34837
105669,15075
105092,4572
85973,11015
101110,17551
87926,18587
102411,19469
86210,12173
106999,10970
86228,10729
89278,12791
85460,15801
100527,4884
88852,12105
105762,16812
100149,18468
80290,19252
85953,8029
81492,16462
76831,19299
106123,18865
81945,31760
96796,23851
83848,16368
76568,18570
84777,5864
85159,11717
86943,11894
85719,13441
90325,3350
102061,9135
77924,21934
85093,7615
101892,15410
100848,10654
98725,26544
83883,7446
90754,8124
83803,6286
78486,12041
82705,10090
81532,49497
108285,26045
83833,10760
98263,20235
87000,13625
80673,21639
78206,27284
105718,7869
93533,20528
92133,30027
91065,24429
87899,19784
98017,21822
99570,8110
85188,16121
101319,7372
100142,11689
100019,8609
96598,11396
81397,24484
89238,22145
95758,18524
91540,16211
88474,8350
83465,9048
103092,11020
84968,15442
77523,21714
93366,33268
90815,7830
86902,8462
98479,6518
81068,39834
93005,12313
79216,24228
87027,12131
97332,15435
76700,30312
92098,22539
90564,15254
85106,18203
107907,20255
84142,6493
76304,26581
83000,9769
89782,14707
76184,3744
107539,10744
78236,30586
82316,19975
106526,10016
94138,22611
87340,15470
79516,19212
77411,25610
86680,9642
95225,17173
92224,29378
94791,18076
102989,9960
80765,17490
85393,21485
104860,19227
102484,13349
103672,10992
82448,14871
85479,3152
94775,27641
98729,22623
76893,18218
88144,11807
92369,12801
80841,23700
76791,17927
91845,15386
86949,9699
103913,19688
85869,10539
76426,13949
85214,20755
95332,21360
85821,11093
79430,20057
104573,10395
105788,16084
104867,13695
106367,23619
108241,14722
76913,44247
78712,34833
87769,9621
80169,19686
102028,8360
102001,10831
107798,40657
80044,48658
93757,16764
104233,20378
84195,7411
84096,8049
82336,18597
90423,19407
81769,17522
79650,14719
84837,18788
106303,9160
98551,25837
100452,10542
81161,25205
101116,8022
93465,17122
92749,41911
86281,17851
95586,11957
78235,28399
102754,9637
100017,9269
102637,14526
98192,12442
96683,16323
103968,10227
89159,21163
77752,18653
78526,22905
108387,23122
78659,25841
77013,19556
106480,15041
93920,25963
92912,18502
79044,25929
96831,5299
83502,9592
99420,4113
93785,11725
83739,18356
87018,19797
93773,30193
101674,9586
91655,25224
104412,4668
91636,25154
91101,15844
102437,11570
96958,13573
83934,11295
83372,18883
107296,12819
104909,19857
103886,9978
98858,9675
86276,11552
98148,12827
107294,22919
81812,37647
77997,18846
104626,10155
102424,10294
84992,10410
86867,5214
93370,22485
90804,18130
76001,11959
85691,11605
76328,49743
79143,12784
91356,10637
93553,19598
93673,21238
108239,9708
99923,11594
81616,35079
94433,25218
99985,14167
79648,34237
91423,44188
96581,12729
93321,55388
89736,15353
82722,6569
76093,34228
82767,9485
101615,16059
96585,9692
81552,16350
89656,15568
76301,14510
80683,40302
95638,14743
78343,17960
81495,27830
78517,12091
91764,15035
87050,21382
102877,14340
86844,11440
94535,15569
80871,11483
81126,8887
77182,18134
89335,16539
99612,9747
89041,9419
104165,19085
79096,21329
76051,19993
99599,15042
107763,16158
106646,15686
88985,14686
107109,26316
85110,17110
96907,11755
106806,13604
105409,10535
105449,14979
104042,22246
101299,11869
102434,17127
96363,9341
93918,11827
80842,53338
91578,19520
90458,27181
82186,22163
99767,8372
96898,30464
77755,21099
82958,13580
89248,6453
93452,8811
81517,11200
77919,26110
97110,14857
107317,9103
106102,9029
93034,25295
103446,10770
82762,27062
77365,22864
86634,15168
93109,31480
96094,4907
108191,15588
82667,10573
87953,11714
79188,28922
84962,10907
88377,11029
85942,11804
88278,13516
77743,18181
98341,10218
101197,4893
102838,13121
86885,6958
87648,11580
78995,18384
81374,21290
83829,10687
86073,14312
82848,10817
101727,15585
89929,9143
108534,11542
80592,24390
96292,13536
102569,11710
84692,16673
84531,7875
100173,7694
90263,13154
88489,11473
83941,21413
96621,11550
88427,11912
86625,7930
82798,13472
86084,4573
93058,26943
98527,9902
99786,12398
84132,9712
101160,10023
80396,32383
88132,16605
82835,16892
82959,12676
97225,17569
85463,15388
96733,9230
91820,11276
105870,24494
83255,16215
78899,19863
99812,11226
85798,11595
85452,12014
84706,18209
104289,20797
94785,14204
96707,9598
92847,23488
96054,12564
77986,64411
103435,8955
97008,12204
81650,30851
76920,22002
100479,13624
78120,11294
84761,4970
95062,25561
83102,7422
103872,7940
103816,7309
85672,8566
102125,13325
86928,18373
82814,15814
93167,25977
97674,8821
107400,29761
92669,15524
78046,22882
85703,13837
104265,16833
107786,12988
83707,17046
76858,22568
94147,21660
87307,18747
90594,24567
91305,30466
83302,10008
86173,16287
95811,20246
79868,16658
105265,14816
107009,9290
107281,17874
98848,11888
84222,12198
98808,23213
94002,31902
83985,16800
107772,16288
86564,11462
105241,16664
101060,7634
104362,24769
77441,12806
92827,28035
86523,16771
78695,32932
81392,26101
104823,24539
93521,32504
107098,15987
106011,26676
97032,5451
88646,9573
82014,25644
88034,12132
90561,15171
107888,12447
106249,13282
94608,23494
78134,17496
92898,34591
97031,9343
85220,14196
104973,19740
104081,9970
89865,6193
91706,9106
86089,15410
98736,14944
83238,9718
104237,29376
106990,9086
93432,29751
85280,17412
79909,15520
87698,12941
106059,21926
91016,16728
80180,20382
90006,11821
78122,23009
99672,7884
102297,9503
76047,11868
106296,15118
79989,29958
100843,7315
89014,19796
90568,21851
79905,18519
90643,15244
100729,9821
97084,9554
100984,12542
91475,22946
105531,14240
78482,12195
83254,17579
85217,7712
102974,12628
80040,23795
96077,13668
89073,8332
79118,22498
107565,10512
93486,17942
84670,18804
81104,16526
97867,17389
92897,14605
96592,15510
97864,13147
83369,8147
100471,11960
87533,10731
93111,18177
99979,12801
103340,15953
104434,19037
78515,20074
82046,49416
100572,11947
96382,14241
97575,10019
76210,27007
96628,13715
98232,9523
92457,26712
103665,13100
107838,16609
81165,18336
97719,22756
80739,16990
77593,13116
84766,13554
97274,13341
77281,10183
90347,5725
77555,18523
103246,9835
78404,22086
107745,23414
77017,13445
107995,17062
80982,23217
93844,57865
83606,13686
86904,11595
102616,12178
81768,31440
81464,14278
103309,7903
92975,25053
96156,14588
87770,11370
99632,18456
89924,7772
77573,21843
102968,14888
77822,19497
77725,10275
100787,8707
78013,32605
94440,22955
83938,23904
81204,20094
76519,35175
82172,31899
103592,5920
102003,7125
104259,18011
81120,19545
106207,10535
86710,8090
94024,60524
88164,11809
86667,13020
98371,13763
102344,18216
83142,16959
92532,26657
98345,7761
94565,16171
106223,13041
104831,29998
96144,8037
106634,12773
90623,9812
91275,26682
91547,15824
86390,10305
101986,7285
102994,6843
85291,11299
97430,13582
106209,17129
94798,57256
104565,7606
93679,16223
93960,30769
90063,6373
80038,33683
106513,10507
77267,24671
91539,28667
77973,40213
95999,10478
78036,22648
106191,10948
77480,11553
82656,9389
93916,14779
95975,17556
81550,14068
103221,12259
84062,10160
81584,13853
99564,13668
100276,11185
81308,17285
85519,12234
80114,16618
83911,14453
101879,10615
106626,10399
89009,12364
81989,21634
88197,11200
93592,27307
103290,11280
96988,6910
106777,22343
88922,27997
78224,16544
79643,50227
100066,10299
99132,7879
100610,6808
89409,12623
105675,22033
93304,26323
87662,10424
99433,7306
100011,11307
95327,26939
90169,14345
103978,11353
95238,26886
96242,12735
107917,12302
92639,21202
88936,18615
102923,12868
87883,14522
82670,17480
104229,27888
82031,22364
94197,24130
93921,21951
96030,30211
106335,5980
80671,15641
86723,28523
79293,30184
97549,17453
91837,18857
86437,18682
107577,24051
88419,10428
80746,47572
82548,17600
102711,10576
80682,20646
93204,34192
99582,13776
93195,34400
89626,24891
84713,3201
103182,15411
96954,18221
81758,20629
91938,17485
92961,14693
89533,19966
86243,14576
104482,17323
83198,10514
78284,11613
101133,14671
94339,24845
88631,9745
84364,14755
104341,16187
84650,9448
91140,27405
88889,13297
98085,9887
78796,12331
80524,26587
81309,7528
87410,12705
96810,1777
89982,16804
87326,10287
79722,15473
86367,11190
105368,23352
92505,27323
103000,13177
85052,11965
76497,50307
105312,17838
89705,14446
104999,25474
107876,27847
76095,21538
96723,18771
91593,29897
85772,20514
107199,9277
78256,50800
78275,30390
87582,18324
104231,11599
90265,9419
81793,18266
90526,14761
99086,8695
92743,17819
95412,11523
91146,26749
95923,20355
76021,19992
92858,14636
90984,38334
79158,17976
90318,14569
91747,19019
96641,9686
76202,15380
101040,12877
78797,29008
84745,16336
76942,11679
78980,29015
96662,15314
107813,28602
93431,25278
86915,13128
105102,29879
104447,21885
83183,11041
78917,14832
99336,7336
86883,11557
104155,14348
89989,15579
80406,31667
103151,12184
101077,12030
80134,21459
79090,28174
93482,57809
87205,16436
81295,42192
89726,8868
107842,8920
100351,10290
78392,21129
106503,13196
103982,8417
89276,9897
83143,11450
106521,22820
100841,8665
76990,7913
108466,18032
94285,20485
76323,20727
90868,21424
100631,10767
76196,10333
98387,20369
107494,8809
107439,13693
101458,17127
78473,15193
107016,14574
102109,9848
76537,11487
106523,15686
86340,11215
102486,14158
98993,21180
79358,8722
79906,9805
83932,6954
95064,6866
108339,18337
90489,11730
107984,21344
108096,25625
98313,7542
79508,17278
94289,25129
104393,14831
108220,10176
104795,14871
93178,19858
106079,41500
89584,7550
102435,7230
91967,48454
107618,20162
86862,6226
87991,10558
83618,18968
90089,11427
90681,14935
85562,11594
102934,9345
78806,28202
104615,24955
101221,8337
107067,28730
101807,16213
85952,16717
99387,31546
106135,14108
90522,13796
80068,29523
95046,34422
93546,27645
97202,25151
97567,7791
79963,23414
84033,17304
86538,11568
104104,31209
98033,6050
91989,27054
102114,15611
102507,8022
104663,14164
90772,7091
102250,7449
78758,15051
101421,10555
86744,11267
98916,8365
86659,20709
79853,27853
102463,8326
103827,11793
106662,21691
97291,9614
108516,10139
101211,9904
94947,19456
87948,14082
83719,20924
105186,10433
97592,20982
79918,37771
78137,11150
78859,9646
86082,10711
96316,11543
80327,8864
81639,9672
76145,26715
76612,27436
99606,19209
101120,8018
98540,6362
99667,6479
81038,36413
77521,16275
83408,7328
86905,9868
85997,8172
77009,19064
103958,10201
90392,7756
94800,11941
84391,5690
94843,22271
85555,16131
101453,7502
86686,9503
101665,8989
101044,4961
84230,8524
88440,15579
103253,6627
102847,12130
94381,45166
94229,27205
76327,34455
97717,21514
101291,12398
81877,14636
88927,5859
77137,30363
105325,8630
79368,65069
90769,16160
101376,14875
88733,11764
104519,17617
79100,11602
85667,10014
91111,30076
84474,17910
102166,7428
96711,15097
103102,8391
102519,2658
92508,17109
79560,26651
79530,17500
103272,7542
86935,8686
88977,18872
92681,13261
91978,14001
81144,23837
98005,13429
82716,10720
83371,8183
95566,20165
87240,10492
105593,17536
85457,11274
89803,8386
107934,5724
94736,48657
92865,17926
89863,13716
101109,10864
100755,7800
99015,22115
98439,8627
84150,9827
87593,14691
83830,8821
96778,13486
93458,39596
103141,9561
78576,21015
84582,7936
84034,11596
79223,28836
88574,15209
95914,18485
91830,23629
76682,21140
76091,21820
86187,3504
80571,21508
78015,20464
83392,13760
82103,13699
93859,21404
76290,7736
86539,5400
81288,17335
103599,9276
90430,8123
89392,15535
98963,1843
88846,13011
90966,46815
97360,7860
82496,10032
96630,16482
81712,17001
105871,15406
90926,15389
81443,16629
98173,16699
90309,5540
92444,19998
80136,26377
95739,16240
89153,20665
76376,14513
80884,15982
87395,16876
85338,3848
103345,10760
82351,10992
94598,39787
103500,10463
90717,7228
79512,16652
82283,19259
85192,5393
81490,15755
94793,23050
97046,16714
78567,31196
106928,11782
102478,7991
99213,8214
101949,6235
102151,6551
82627,11003
90239,7066
91840,24509
93782,42055
97384,12280
108322,16524
97638,7842
101508,17899
77475,28201
106194,42840
76651,19623
104133,24870
99030,8699
81824,18963
83167,21521
92274,23837
86068,10302
78912,16674
88363,14314
97410,11147
77823,20662
98879,13067
77043,10897
93902,17955
82757,11812
90417,18651
86645,17251
105708,29622
79365,20476
93456,23429
104676,15194
92775,24340
103789,10630
98176,5545
101278,8272
86112,16596
90579,19412
102615,6609
97093,25836
84373,8523
97755,12935
100097,10226
80866,20196
84693,13712
103077,5126
93079,73606
97533,26730
94217,12460
106019,24877
107836,14612
84471,13778
94600,23175
94349,17052
95132,26221
104772,27466
92560,16801
101638,8221
100523,6133
82090,9569
95816,18405
88689,13109
82540,7507
81643,13296
104880,15558
84922,21443
97849,8404
107366,10836
89303,16531
76547,47627
105055,21847
104312,8869
106500,30462
91096,15119
92671,18649
95982,18731
105012,10598
108232,28577
84668,10121
104903,15250
86487,10345
102860,5364
93205,12019
78221,18642
91931,32086
81589,16295
106873,17673
89482,13421
98459,10059
97660,8740
96409,13547
101480,5172
105862,2309
90363,11676
96433,10881
76970,21088
96689,26893
88899,11740
87559,9135
92908,27889
105211,9211
96729,8948
95854,20203
93767,14006
90545,13623
84005,8477
77380,22482
105877,10045
104706,18599
89994,8659
90227,14326
89814,15675
102539,6246
87753,14966
102038,10716
76666,18046
86698,5013
97368,9325
79416,21194
85147,17996
80148,21678
96579,12635
89817,9376
86431,10098
103566,2145
89355,9660
97349,10422
92618,23630
98595,13617
87502,12381
107954,11367
81470,35318
79848,24653
96373,10806
79599,29043
101454,10321
92802,24727
82725,8853
81084,33753
90130,14055
91985,13298
79528,18381
86359,12561
95724,21802
102527,8385
87032,21675
78499,11844
107980,30236
91005,87141
100196,19374
102797,6580
77141,19355
92109,46390
96501,19446
83865,10984
79122,31506
87979,12301
93237,34026
99104,12699
95095,18733
89412,10795
77440,15410
84127,6446
103842,14110
89806,5106
98894,7739
88126,9688
92809,17914
106076,14099
80110,26290
95396,18002
103003,14047
80123,24877
82441,12095
89990,19670
92936,20148
82544,9266
91339,77571
103929,10097
102389,12773
91128,24914
89752,7495
76840,6553
96514,11067
98706,18502
107602,9910
103844,9912
76375,20749
80401,16140
79030,23665
105766,11250
83033,20882
92521,12980
90836,9530
99168,9280
86363,11399
87320,12725
88185,8921
79290,19528
88091,7095
83838,6363
88099,6919
82824,10011
94204,11105
107723,11370
93691,22669
99317,21009
107105,13180
106351,20429
82970,16272
107261,6201
76679,31532
79464,17026
91312,25289
80546,28604
89220,9535
91796,28317
106360,30809
83027,16149
81553,18045
79124,16461
82590,9160
107515,17487
87964,5635
79995,16311
101022,10434
78580,28931
97644,6685
87603,18560
85091,19740
85155,15979
78402,11152
92603,30565
79788,18777
107769,20817
105117,11186
94619,44318
76808,20266
89229,17103
102592,17284
84597,7606
77146,31451
98794,8231
100453,8140
84075,13721
92090,27839
97646,18543
84071,11011
80924,29170
91167,27548
92607,17471
99654,14555
108195,7260
95150,30481
99921,3817
83768,21935
106095,11483
79380,29144
106671,42704
91757,38028
84936,17976
77970,21172
103327,7901
102169,9340
103207,12491
81602,8465
79975,36316
102385,16651
80726,26584
106953,16483
92929,21407
96553,16949
79654,10159
95376,19629
96667,15396
83421,10283
107579,14335
89108,19447
79958,28748
101980,9036
85178,11411
100898,10090
94926,12749
104484,12931
80250,36349
79639,51495
84385,9663
98249,16172
94803,49906
99178,10750
99706,21887
82493,10580
105868,16354
98807,9365
95529,40604
93580,25977
91437,37834
87804,6239
92901,20463
77177,32874
78856,17386
84586,2120
85230,8983
83215,12278
78610,15183
100081,8239
105716,13685
95022,14293
94225,7764
106371,9249
76850,26517
108514,21650
80352,47339
87930,18092
103564,12730
79881,41770
86736,13326
83661,18672
98853,28475
107158,23667
96809,12420
84048,16424
90608,10397
89134,16343
99321,10185
82452,23100
80684,28465
99699,10882
88449,8641
76962,19579
105626,16106
78655,30705
97115,6060
94865,15416
85675,16071
96671,11741
93365,26750
105188,16215
97713,13803
98996,9116
98329,6243
96091,10482
101010,10565
87169,17965
83760,11991
98511,18087
94233,47717
92072,15326
79796,16909
97619,31539
84419,10691
101015,13052
81132,16856
105597,11056
99139,12478
93116,21137
97838,15281
76627,19788
81785,14728
97645,12613
78865,20343
92152,32130
106432,26844
81609,24424
85585,19649
79017,11677
105666,9363
97664,26672
84418,14136
102163,9014
99675,6658
82132,27699
89488,10466
95516,14590
88542,8245
81995,16354
81065,15476
89542,7955
87184,24436
87194,18316
101981,7145
105620,9129
99094,24025
101950,12286
93488,31764
79632,22266
79299,17246
85438,11436
91006,55607
78636,10211
98590,12638
97735,13644
103694,16059
97890,11795
87646,5974
107953,31609
103882,7926
77900,21691
101991,12033
90105,6278
106516,16169
108415,9260
78853,7554
98196,10615
95738,30475
89535,22451
85467,10978
100920,7316
97314,9760
103461,13155
104907,10610
92168,18701
98077,10962
80593,61353
76915,13690
106919,27706
95592,33042
105772,8892
95614,13929
92550,11033
92495,27114
84341,12209
84600,21552
92665,16362
93922,14535
88129,9192
82700,12862
94492,15207
100974,12389
106554,10757
107785,19751
107443,10655
105470,8433
99750,18751
94633,21570
99429,7334
88790,15814
104180,30927
104589,30009
106704,22100
78596,17676
102083,6860
84507,15659
94274,24517
92588,14394
84344,11507
99818,32918
76710,25359
107923,13188
100470,5961
102211,19707
90030,5254
90852,15204
90222,10185
105952,12305
100876,13733
98062,12822
100478,16170
85486,9531
98292,7416
86160,10486
82468,21408
76728,15375
97277,19969
107553,15282
100325,9379
91775,34481
104326,26682
102909,10883
82173,28937
96281,9224
92426,15886
97724,10777
84057,5598
91020,12271
100095,17041
81655,18186
107220,9644
91626,31919
108469,22475
94037,33419
83530,5996
84542,11575
85634,10878
91707,47110
81934,10223
94960,9357
105778,20865
83841,8430
77242,32019
104694,9142
89706,20931
88670,12581
102492,6054
82971,12978
87256,8853
84642,17490
107437,25332
94640,14098
96089,12339
85018,27902
106576,22865
104158,9957
98002,9261
108045,27041
105890,10061
103298,7805
98977,32349
100431,15455
81100,16044
85300,19530
77518,18249
76712,16193
87545,9155
86848,15749
77647,26484
92094,23940
78540,7839
82957,18628
82768,7998
95875,14731
80705,24795
76746,43659
93222,18543
84494,11005
97557,10863
104969,20425
92998,11980
75991,17641
78217,18711
79176,40836
83261,9811
81177,23420
89681,9643
96968,13892
82896,9348
108357,17478
103421,10951
87971,11091
87170,20094
89941,24110
104046,21928
88894,13433
82638,10519
79213,16101
92902,24277
79282,16168
86331,12989
76336,31553
96080,10528
86990,18029
87762,6292
80699,21776
84711,9521
95297,21237
92828,16594
77614,21322
106565,12082
96874,5982
77145,15696
80473,23745
89438,16687
98442,22369
106213,20088
101442,12488
79337,24734
106021,34784
88638,7493
77383,11601
88452,22751
104464,12424
82639,10625
87305,11781
93172,27386
98857,29878
90873,20098
99679,7746
78104,16436
77770,17853
91351,10099
83700,12302
80548,25062
81163,17199
84140,18743
95479,21697
91705,27085
97722,16441
88383,10375
96632,9613
76496,12945
79062,31067
103519,7541
87592,8155
97668,19519
77969,7755
97610,28295
93889,20651
87792,7855
95078,21197
87575,14184
78804,13647
84242,9747
83462,10783
102260,10321
102635,17068
104460,15091
100463,10425
77272,19967
82246,16742
81472,10289
82420,14683
91586,25977
91099,20294
103536,11299
105169,13426
93837,25172
93958,18369
86124,8216
97448,8880
83040,7711
104713,19878
101549,10820
96018,8809
91089,31010
105130,16623
84720,9725
97182,11741
81653,2432
87522,10541
92754,15950
77510,8846
94863,17770
108414,12275
102393,10401
81528,19795
78983,30518
98051,15434
93080,19975
92657,16302
108070,16362
96990,21513
83301,16757
88459,15273
80158,23898
106913,29158
91119,14704
85522,8903
87469,9302
89620,16568
106903,5471
104183,13624
107015,17805
89120,10913
80555,28307
107037,42050
83340,16932
86654,11823
76116,18712
108208,10940
99790,12670
100950,8064
105495,16512
85317,13413
90114,21921
99322,21451
77185,23115
99412,12461
100021,5140
106020,12223
85234,17321
90059,27871
106902,10389
106871,14945
97784,19047
96140,26616
103840,11140
99573,9460
81967,15483
96124,7112
80245,27323
90896,33804
100257,6301
76759,25441
87022,13528
90758,15759
94073,20446
104837,12991
103025,9760
91765,25562
88352,14529
83826,16042
106648,16021
102967,15750
88989,9752
90846,15088
90232,11787
95262,20181
80599,8606
93353,20553
100230,9787
104516,12593
76127,16919
99603,9581
87441,3071
98607,6835
101385,12418
84028,13876
99900,11117
97880,33915
103005,9453
99862,6746
84899,7114
76129,32665
107674,25484
79058,23713
103161,13610
77525,22220
89366,14614
76529,21186
78121,53839
87960,8321
76468,9378
104029,17021
78294,34994
93269,48531
76124,17565
107551,18680
103953,12245
103212,9902
77337,23755
94095,18921
95358,22126
94772,24011
99318,11169
96569,19115
91669,17939
95240,20258
79693,21473
83100,10938
85506,21055
93245,20836
81444,15197
95558,18327
105709,16901
80796,22356
97061,1901
91452,21287
88626,14814
92700,36301
80109,14800
103649,11891
95545,16367
96879,20451
94580,10058
88361,11234
78094,24696
82831,17867
76965,38535
89246,22040
91844,24133
92122,18577
98944,11599
101088,8530
107119,9866
91603,25883
83339,12888
105408,18585
97091,11037
93822,17130
96950,11721
106461,12620
79538,31679
81813,27586
92640,27132
107376,24320
88834,12182
98532,12512
94957,20360
84884,13212
80124,25994
92048,29180
90244,7383
90103,5980
108009,4834
96435,7837
89475,14859
86286,6311
100193,8828
99733,10111
100561,13138
98626,7896
89177,9471
80294,12169
79134,28730
78603,29049
108528,15779
79147,21192
78538,4561
105042,20953
93560,19279
107122,12346
107336,11821
105831,16909
92973,21560
79087,13787
86806,17037
98787,10862
99838,11370
105442,18529
101659,9608
95085,25576
89893,8231
100412,10647
78433,14254
90887,15538
87783,11274
105572,11130
84065,19319
93714,25828
96148,11713
83771,8993
84970,5966
88859,3513
104620,35247
83749,6867
90174,8207
93947,26877
91462,26703
108075,8396
79113,25335
88445,12081
81311,35318
100633,9712
92904,23981
83091,7611
104657,16738
82910,22845
92383,19243
93424,7557
79891,28716
98961,9043
81502,30048
99035,11900
81371,14227
87333,11235
90353,4958
93258,28848
102053,6861
86713,9114
97203,12683
92794,20270
84293,15884
91672,15304
87085,9829
99300,33756
81242,14883
77834,45793
86864,15793
108332,15906
93461,23897
85198,43306
75974,21693
78679,24614
97060,15034
89300,20018
97682,22185
86664,6967
85169,32049
82930,23498
104583,19518
107212,22585
78128,18536
101395,13977
79984,15104
106844,13755
76507,15743
87935,14550
81796,14904
92942,18169
87848,11275
88325,14557
91296,14043
103415,7172
99038,22003
101080,7013
102789,9873
84656,10879
85716,15822
90233,8057
91097,26775
104466,12795
85061,11910
92535,22960
82437,13847
104845,10969
99353,14784
94273,46151
84080,17121
90877,15177
77883,12963
106394,19673
103042,15094
105388,15173
93490,16745
102852,14767
101859,7548
108113,17427
77290,34336
80341,24110
84286,5465
96187,22935
100716,9020
99682,6969
89827,10417
82053,10762
101135,9657
78574,28816
82541,17283
94530,32618
107277,17185
88719,7562
95962,28751
89249,10609
98786,1623
83968,4003
85115,9583
79741,16375
81050,24895
106955,11290
85572,12981
80604,34027
106115,18320
76213,17990
92026,49053
91397,17519
105916,10671
100938,16701
102187,8129
87434,11921
99959,10556
83438,13449
77840,15794
100930,16170
94925,18338
78494,15250
102418,7774
77793,3781
78383,24678
84216,19177
82610,7428
97544,12705
92549,33757
80538,45188
90890,13935
100299,9668
89902,7237
105561,21134
82364,7775
78091,10205
86023,17425
79752,22576
106315,10565
80934,19053
78782,28769
76471,26533
87418,10034
76891,28529
102628,5018
89363,8902
89237,14590
80257,26030
102857,5739
76201,41947
104887,9026
102310,6440
78714,56773
89302,10024
87676,16994
90321,8413
85244,15317
101913,8995
87086,13844
81974,29016
98075,21822
80870,18805
81556,35220
94722,32356
83840,9109
100809,12051
77101,15582
102172,14189
86373,18931
77540,15972
86271,12750
77679,25886
99807,15790
79126,15154
86337,13423
87496,8688
83272,17018
103495,15879
107915,26565
82213,21344
99461,9610
85797,15224
78898,12768
86463,19533
108138,21260
88417,31645
78694,45010
99802,9047
100250,16025
83482,13304
104457,11170
101415,9080
101767,16244
108250,18484
89772,9180
91127,15239
102887,9368
90756,9262
107554,22623
103731,13298
92317,15724
86805,11645
91722,27059
85026,26709
77478,16395
82027,23253
102742,13990
80198,16512
94907,22871
106738,9391
99797,6301
106456,7287
82741,6187
79172,30700
106696,13241
82422,8185
83924,11284
90599,8199
108095,22334
91777,18919
95001,15436
80408,38223
87330,16959
103361,12589
89641,10436
90618,14270
91679,30614
96844,10963
94418,20498
97002,18144
79748,29677
96355,11345
92347,15953
81569,14720
106924,29356
85270,12811
99622,6502
106843,7732
80147,14371
102181,6592
84710,7447
85189,11286
99281,16570
101130,9153
91554,21649
86116,12926
106899,19942
84516,16431
105422,30869
76956,13304
84006,5884
81453,13406
104850,16123
90867,5727
97154,14516
102088,10101
96019,19607
100300,7298
86459,13030
99304,10602
80630,19320
82387,26205
91359,19617
79123,11268
103324,9557
101086,13297
97170,7959
91834,9980
85238,7368
81942,11618
90971,28418
87864,18578
95296,50915
91427,13318
93697,17175
107694,24380
77364,19090
102144,5148
83410,9072
101560,7305
84775,10111
103879,9573
103933,7708
76344,15891
82119,16879
102130,10282
85748,8028
93769,21119
101775,7343
94613,20237
104021,27990
98175,13162
98477,10424
78185,15409
81576,23645
84854,5206
98361,12844
81390,9297
80911,65931
89407,31317
95981,24969
79131,11682
96624,12859
85131,18572
76436,13652
94111,16571
101518,8138
76588,49413
82353,29450
96186,9843
92735,19411
87271,16706
88968,10312
84154,10153
93692,29157
89484,9011
92547,25544
78689,15063
102058,8550
102579,14821
105825,9924
96154,17254
102183,11369
85976,8266
98679,7412
89612,7325
107988,18130
83362,12112
94251,18366
97018,13610
90329,8728
104604,24996
83742,9917
99447,8863
82194,15253
108351,21465
105314,26982
97351,11339
105861,14540
83010,8746
91447,21837
87619,8719
91870,18930
86543,13566
91484,14835
100659,12849
104491,21454
100779,13268
100935,10352
82331,14417
105140,28339
96349,13299
82664,18632
104532,9401
91854,26896
77003,19305
85137,6546
94577,29895
85461,11136
77550,13642
99095,10393
91832,15477
85920,19960
79766,16878
103839,9577
98167,15686
96684,4919
106982,8394
93524,31896
108310,15731
106569,11430
98088,26199
78890,18775
81559,17398
105178,19655
90578,9047
82299,22633
103885,11261
77488,12434
96669,25274
78344,29476
79405,20066
94620,38156
96836,14777
80212,12041
95746,23581
77363,30613
76866,35285
93847,24696
105175,28023
90010,8858
104429,13893
91160,29549
78906,14450
106414,25236
86910,10472
105882,9505
107238,7678
77102,20438
76704,12526
87083,18032
79057,28301
83270,10073
80561,35054
88469,3129
78768,18297
83574,11251
76771,30476
98589,22112
93091,21072
108358,10960
94601,23872
76151,15566
87442,11575
93531,21144
89771,15478
85803,18627
93147,27001
105196,10080
76171,28051
90616,13926
100032,15508
92905,38825
95696,29186
88913,12545
101504,9593
92241,15800
99822,7063
87745,9897
105827,19554
106620,9238
93497,23064
89250,13922
105581,7688
91076,13296
83506,4767
100635,12818
91828,39552
76039,15013
80685,11690
97571,25212
87425,9669
91662,23953
105161,20523
81006,36421
82888,15848
78545,23131
102922,7061
96198,10215
92979,26012
105623,13048
82195,13134
76760,16222
79305,20121
107942,12317
81981,40886
100135,9873
84307,8540
92628,24939
103304,7978
89421,10017
103645,11326
77164,9739
88451,18275
76488,19329
92835,28777
80449,12079
97408,22194
99256,20248
86205,9024
101002,9758
93390,16081
101654,7185
90595,8226
94955,25141
93871,24044
82164,29149
99373,6709
90148,19747
83210,13482
81726,11363
78041,23579
106229,8609
84209,19431
92225,28053
91878,13821
97878,13144
77435,15463
91180,18784
100272,8122
94228,21817
80549,13703
99566,9673
85829,9585
102693,9793
83322,17328
96980,8361
101844,10281
80791,75109
107384,15844
76193,16586
88605,13049
95910,38560
101217,7988
94833,16302
80221,17347
104479,7357
94405,31203
93415,15319
82460,18015
83009,7829
85429,8169
106034,6569
88406,11166
81623,28531
93605,32294
103670,15988
100409,6335
107237,17412
101669,10508
78854,55566
94034,25153
101096,6445
98417,8054
76874,14777
94954,20866
83137,21711
94653,22462
87567,16542
78154,13843
84461,15821
85686,10921
94342,16119
101392,12219
84192,18941
106701,10028
104013,20779
82745,8293
103973,6578
90409,14692
90651,7620
87413,18113
102121,8609
92145,25566
107141,6701
83230,6670
78553,6111
83939,9979
104875,19267
78129,33175
80313,25011
85535,15042
108311,14613
102292,18249
89716,15372
77046,79992
97611,17530
93038,21178
80503,15254
79132,14662
103759,7855
78960,18507
97265,19074
77855,20240
97371,12880
94297,14593
95653,6003
95891,25358
81947,11289
79702,12271
76463,27888
98065,8277
77154,28977
77348,28003
80987,17303
92207,11319
92983,32618
80731,12019
86277,18941
103051,5621
82013,19758
78814,46948
80153,38940
94618,22095
80059,30782
105557,10186
78860,14471
84849,11253
96896,12313
88244,7760
105984,14544
82644,13241
90970,28149
98810,23048
85184,17984
93723,49347
105049,9696
88554,11295
94996,15372
107689,9802
81575,43660
106988,10091
89894,25129
81703,16956
90718,15710
99561,9491
81269,33781
103069,6462
88952,13048
95295,14394
106589,23900
102918,7818
93669,31617
86144,13617
98336,9006
96891,15128
98576,8918
86038,14999
87511,15627
83642,12897
99964,7055
82842,15506
101714,10518
99439,18042
108487,19057
88965,15402
86445,6408
85916,8304
85616,7730
90865,15899
88634,11308
108094,14426
82654,14024
81401,14434
85163,17261
97623,8735
79759,21534
108230,9504
77757,30516
83089,10286
92851,31703
80656,13381
86019,10331
100887,17079
78011,37967
96398,22265
85254,8856
95254,19628
102320,9606
88408,10516
106594,5674
83849,6800
79313,16608
95010,20970
105546,16183
81884,20930
106088,22660
100892,6412
84487,17914
78004,28833
97446,23399
93170,18079
83208,19233
88728,8666
91300,19233
98637,10604
107267,14120
89956,15214
77052,17442
94583,17200
91424,20946
104774,7424
93699,21245
102986,19490
94176,14827
95618,19074
81622,21754
91273,23848
102725,7957
90479,9538
79835,18900
78909,36430
99437,11942
79890,15785
77662,12342
90320,9458
76278,17650
80029,15211
95797,19875
95356,74436
101962,8071
85810,17014
93588,13000
85679,7682
78286,13793
105233,12478
98613,6178
101314,12239
105749,16480
106103,19820
96678,10250
85003,12531
78035,27949
82443,8494
93373,40839
99857,7611
82450,8190
96256,14483
95924,32025
81425,20970
87252,19203
100379,10166
106316,7766
85879,14916
108334,10909
80243,23284
84504,10859
106064,8735
96443,9181
99020,6917
85068,9133
105374,9116
101946,10690
92945,22328
79338,29372
95027,25121
81488,46735
87754,10298
108454,20099
91283,22803
106232,14989
78368,28018
101417,17434
81479,28181
94527,22498
76897,25124
84107,9408
103177,10659
88043,10965
93710,64977
87679,10397
84644,7511
79097,14622
98030,22300
95131,18881
83593,17240
82532,14558
101675,11142
85118,18332
100813,11838
88693,18356
85819,13276
104337,12807
102104,9080
107526,11184
85600,13137
81771,19957
98339,7567
81855,11555
85755,11175
87321,7377
101819,8094
101569,14399
94538,8162
104142,26369
93830,25287
82076,25116
82721,19984
88982,10073
85055,9314
101426,10508
101136,9499
91939,10668
104368,27109
81513,11485
76394,21306
92054,18283
94663,28466
106117,2713
92528,26512
79929,31694
81579,28102
107328,2611
105031,22594
100819,7301
87353,16549
77698,23909
77157,12333
85947,19006
92761,19733
101344,7752
76877,12827
95851,11927
84319,12977
93218,15162
83770,10433
99753,7116
82062,22713
78053,38566
83901,10098
89826,8521
104171,10246
83906,14721
86819,12814
88150,17784
85289,8119
100567,2688
105930,11780
107244,6735
85900,10478
83184,9922
97034,10860
82506,1346
81182,30117
78619,4392
86046,17056
92798,15959
86595,16567
103854,13613
108504,17984
77451,15484
76665,25968
103434,6290
82338,20157
105189,2636
94512,20468
97542,11803
83343,9551
77274,35315
83810,16143
90850,13165
79688,14019
104038,8954
100468,6057
81010,17128
80372,27455
95979,23353
89813,5251
96873,13258
87267,9715
83327,13514
92095,27058
84723,7073
101561,9992
77409,8262
76480,22397
97632,10686
91990,29188
98020,18946
81375,29964
81903,15582
107050,19716
84920,11625
108180,21026
94696,25258
88215,10829
93276,18699
80359,14235
88717,4249
99702,7947
86283,9358
100037,6516
93640,31919
104313,11367
84666,16690
93000,25012
77512,20744
85094,7545
77184,18326
91257,20838
103957,7426
78533,30425
89080,12691
98463,22388
89002,8172
87542,9700
88641,15805
97972,9011
76363,20400
93821,30842
93549,16399
86037,12180
79563,30557
100014,14578
98717,18171
87323,10236
101054,14661
84408,12491
82692,11080
91513,43358
92863,18593
90666,17044
76919,40412
91549,48332
90300,13163
106228,14511
101551,9220
105986,14744
78520,21791
94130,26718
88980,10843
76245,19788
96800,12128
79591,29828
94738,24908
103275,10965
82981,10557
102017,10903
85242,7924
106488,12874
80606,15981
100861,11187
93103,18402
83680,17412
95926,22071
84955,10187
102279,10528
90285,14836
86735,16533
89918,6546
100914,8154
90315,8560
98805,9154
81572,36258
85263,5479
91962,12249
86328,20010
79610,24362
96570,1877
100929,7035
107784,21861
94269,14268
105574,23784
76572,14267
96249,18233
97897,13551
77625,17086
102369,13317
84079,14342
77866,15796
83806,13033
107540,19822
103244,16243
98859,23857
96719,18395
76235,47972
76348,7343
94323,47039
96314,12610
77439,14958
88588,11380
89516,14552
92199,15433
81669,28433
93600,26283
105605,9666
102501,9908
105250,20376
103132,15017
76914,33015
103063,8418
85636,20054
95703,25509
95014,13887
91855,29571
89326,16570
86878,15419
94159,26887
98939,19545
106603,31874
97683,13674
105057,13893
82551,8558
95156,17088
96663,10809
103966,16414
103721,9558
104581,9697
99601,21695
76271,11570
106578,12021
105436,7423
96180,12232
93214,18602
83950,10166
87436,7789
78008,35035
96396,6555
86423,17022
97519,16773
86137,17429
94515,16249
86264,8666
93856,13856
89370,27168
95869,28431
108411,15221
90193,12266
84817,6353
100719,9206
82801,17353
83103,17896
103950,7708
83927,14491
96442,19029
92599,14347
105284,9523
89963,14392
79117,15582
94001,12275
90520,6152
83344,18163
104811,26190
81567,4314
102778,8283
90439,18981
104220,5672
102961,3831
97588,8951
78049,7014
80076,15558
83466,7783
81941,23876
105786,15655
91443,17500
99961,13491
96323,8403
107235,18593
108199,4732
93938,27996
82727,19494
78548,29212
90362,15556
92257,24511
80015,15482
93724,32524
88826,15200
80051,3296
90219,21252
83727,18010
90139,17324
101189,8215
85435,17122
91933,29651
95135,10012
80576,28204
97289,13041
90225,16122
77958,14876
96218,29958
83747,17394
85699,13083
92682,57919
92129,42257
91533,30632
86503,10247
107555,19461
98751,25040
88145,16085
104214,19068
80027,16296
94594,18783
105978,9391
81202,19828
88343,17071
96928,22756
89639,9061
83427,6948
77241,13762
76837,21053
105316,24784
80915,9548
78226,20616
98367,15712
99268,10343
102336,13727
99355,8761
92728,25103
105261,21607
86321,11398
83913,18828
76582,9812
80624,12705
105804,15172
101229,9355
104782,9709
91859,46442
81892,21707
104257,14795
89995,25783
94721,29169
100123,10542
83121,7891
89621,8708
86608,13879
106922,8827
96146,17645
108383,20682
81554,49173
101538,8746
105248,13257
81033,22261
107312,14900
85588,16263
108227,9847
84017,15929
101028,9834
93019,27309
84359,7262
90602,8098
102834,7398
85284,10426
78749,66967
96892,29534
89640,9277
102773,15455
105779,13076
108453,17561
83162,11196
89704,12703
96488,8359
81546,21896
82108,20247
96784,8871
86526,8156
81220,32467
97126,10468
79954,25259
100182,13096
87058,17780
95026,21658
96334,13530
92636,19693
89131,9450
78145,15115
106255,11913
84691,6624
83425,12768
91526,23598
81170,10444
93766,22679
89183,14087
87644,18200
105559,45232
91968,13942
107198,8894
97030,8379
96512,18208
106506,9855
97240,12130
98164,4628
79782,8030
102498,8243
86052,8189
101070,12725
88461,6210
94238,19426
97040,8247
102861,13956
81516,48059
98512,6863
91654,26498
87837,7413
97950,18363
91492,27058
86374,9489
103671,6856
99254,23941
96920,18366
100733,9690
101602,6581
101809,8598
93626,37399
94707,26232
84718,6185
77357,18728
101735,9293
85009,9345
98213,18041
89068,6742
76270,16621
84608,18538
106582,12095
102112,16305
79840,16612
102362,10171
102074,14821
78050,21946
91002,35735
91648,17801
90182,15323
101732,11971
108023,22211
94586,29989
91189,19719
95199,22363
78510,13580
92551,12935
92368,21383
83335,8030
82609,5062
83471,15761
89455,9304
84982,9187
106978,29131
96399,19088
82526,13594
86743,11098
92104,19511
97862,9064
99211,8310
99118,22460
97657,29359
80627,13298
76293,17135
83108,7346
93728,20204
108295,13473
87957,9803
78627,21768
103227,3249
88115,10675
89694,14418
95755,41523
100889,10076
76859,11048
80975,20527
104878,11148
105859,23779
93283,22740
76217,15434
90731,16815
99826,13691
84180,12490
92500,22670
81956,11586
100508,10394
78336,11916
98694,14698
92486,23085
77134,18720
94264,18419
108210,6997
98310,17817
76260,36820
89623,6615
101737,12250
97665,7914
86041,16731
86653,10931
88423,15580
103407,14912
84654,18663
77143,30702
106392,19867
86347,14320
107230,9945
103693,9380
82765,17534
103894,11928
105668,12680
94216,9811
76250,30698
102466,5846
91919,17556
99138,20821
102850,16157
79094,24019
84552,10461
93668,20102
93389,15774
84312,9706
79379,21126
98739,7342
91448,32933
89834,8048
105359,8719
100267,11808
89101,17348
76904,21456
76664,30649
102621,2241
82337,24808
94266,25658
84994,16959
86246,12717
96923,9883
107661,19226
92401,19230
96296,13925
85114,11347
83081,9919
84948,8969
80292,15293
78938,15671
79942,20615
80899,27891
102476,9580
90589,13599
89944,14082
106241,18330
99835,17289
98665,11500
96516,6023
79065,21833
97070,14528
88721,16609
100311,12385
97912,5348
101514,8633
91763,19609
88488,16657
79955,8811
105677,7493
99297,5905
77377,10486
95552,15436
99704,15376
82097,48859
77067,8108
93326,15224
98258,6007
98900,20180
101474,10535
91945,14098
78816,33222
95208,10615
80788,18322
92446,13033
81929,28330
101068,13294
105116,9102
96828,11134
102272,9664
89347,22543
105201,14002
94146,16710
105641,9750
94416,38085
89152,14665
99500,6427
101711,5300
88178,15874
94259,22425
90380,9930
80659,45472
94687,17910
100447,8795
80895,13886
91806,24084
82758,9644
81850,16482
85521,10338
92432,19139
78318,62356
98804,13686
84403,18525
100979,13287
80559,17001
104553,20951
90570,11405
108278,25943
107134,9442
84351,16993
105418,9541
93910,19797
98231,24906
100789,16486
101332,15611
105715,9631
82170,10919
101526,12264
89070,6220
90429,15484
91152,19294
82374,47986
81668,32842
78914,20043
105239,12683
107483,19533
83354,13860
105252,11665
93977,19001
89807,7844
81551,31681
86311,12258
85966,11685
83878,17541
103342,9654
102398,11474
77021,53048
82755,8095
88635,7453
105457,12697
106552,15819
102641,13534
77582,23024
95453,49084
78388,10712
99772,16045
77990,11489
78944,31750
88290,14004
90011,5553
89540,13487
78904,27644
91379,16313
105750,10715
95603,15905
92481,15040
93463,18482
88974,12885
77787,20561
101389,10966
90559,33940
90421,13175
107190,24530
87506,12171
101147,13757
78096,29682
99840,6359
89677,9686
97991,8712
103556,10391
101327,9698
108008,19940
107752,17681
94554,16289
96408,26170
93573,27160
83674,10332
104503,29314
93082,21211
101841,5904
85143,31571
76781,9021
102153,7724
97411,6360
101676,8875
103176,11835
80879,27894
79695,17273
106987,16701
89095,18702
88707,7929
79935,13076
104678,9991
78644,11186
101947,12953
85390,15058
94121,12798
80525,29329
92964,25092
81982,26690
93804,20003
95574,29063
81710,16451
84452,17844
94410,21880
79137,26593
103270,11728
82736,4725
106741,18648
77630,18146
100426,14397
107231,10266
101001,13565
95067,17608
107197,26542
83522,11299
80239,9134
106389,19551
99072,15738
92779,24948
107906,21211
81289,4411
101206,7229
85646,9010
95202,25410
96423,6137
106597,7032
97601,10050
76974,53711
80171,28194
78391,26536
101424,10735
79548,32135
99083,9624
96204,25732
93318,10714
85745,16937
79531,45595
106411,15778
88431,13045
79827,14798
80860,22150
93114,29937
89031,7193
105755,18193
81286,10230
94641,18801
92196,9537
103591,7020
80497,9851
89672,6673
80800,21129
102146,10443
106675,21981
76780,19235
79880,36990
90306,14445
102271,9005
82996,9714
77929,28700
86610,13223
85316,12251
91134,11971
87377,10017
102946,13358
105420,13712
78375,25692
81157,11778
93430,20170
90671,10119
98881,7528
107152,11889
106056,6914
86256,10780
88692,9496
98622,11867
84068,4052
85863,8097
104131,11009
94296,11460
104177,7809
105126,8072
93360,23928
91059,24871
100015,10426
97027,9777
106300,28247
83539,14094
87099,13578
90692,6629
107313,13037
81341,54785
82901,10954
85576,16226
98646,12448
102552,8079
84874,15737
104768,10565
87768,6965
93342,17950
87241,14148
103615,9490
98526,14042
107464,12463
83357,18971
103171,8378
100341,10639
104547,9832
102882,13023
107531,20161
85433,11478
78435,17752
106094,19734
92625,91790
100319,9944
95937,28277
88915,9031
87681,7295
92428,5050
85427,12362
105372,10081
82482,21038
95178,18782
106881,9258
76562,30000
103710,9972
89109,6550
92522,29950
84821,18118
80597,26985
104040,10495
96115,8552
82818,8803
90316,16014
94385,19602
86823,10415
84842,11956
102995,7001
85397,21932
81427,13393
102461,14961
77422,31949
102354,13589
91822,21035
87427,9642
105450,19922
94789,24073
106631,26762
97004,13596
100826,14999
97915,15541
93253,32203
85776,10202
105562,16566
77560,15974
82659,9473
89531,17033
94076,18510
98457,11340
96163,22810
84779,10019
104551,18476
79934,17775
84896,13406
99393,10904
82051,16661
93247,17866
86929,9667
106943,10416
79979,24925
80912,24219
105006,8908
94368,30398
81871,23842
90338,11148
104271,10229
89984,6462
105122,9969
104308,25758
92941,29351
87433,24641
96289,21331
89130,10410
77233,48653
96895,12522
90364,11803
76283,18381
77689,22672
98366,9986
78025,24959
96644,12280
80641,28727
80271,27470
99003,7754
79756,5409
76981,11119
83320,13778
96797,4658
86350,11316
107535,16782
104370,7574
100740,11336
85851,11873
89132,4864
78746,25504
88999,16689
96416,17897
88921,7510
101078,11798
92447,22369
77960,17521
106799,14946
99888,20542
83252,16942
78645,14145
92233,19359
104026,8040
85148,16664
107726,14127
93331,21817
106236,15677
95282,15513
76222,24789
84158,5471
81857,43397
94698,15331
104680,6858
104366,20735
82562,17633
89753,11392
101937,13846
76600,18329
102683,5407
89245,18561
99902,11748
106525,9652
80738,33695
107909,15246
105939,15802
92485,29385
105128,16332
103147,7116
96539,7771
99656,7947
89755,18330
88400,12631
82968,19066
103521,15310
94755,28142
82278,26098
106205,8051
102677,6667
103577,13090
88365,13450
93543,14816
103285,11004
91445,52109
86676,10008
108086,10517
97671,12407
85193,12861
80220,38370
107824,13968
87246,8799
85080,9175
85470,11976
93453,29814
87214,9218
99010,8925
77246,35065
81671,15091
83651,11467
101085,5500
86961,10295
99154,7228
85563,11423
98972,19897
79331,17619
100112,11036
92540,18678
102135,5888
104980,22378
103442,7004
104320,12389
91208,72141
82486,22708
92052,9659
80540,17673
89228,13359
98960,11695
86821,16708
95220,15904
104196,13485
77934,51893
80965,14945
80864,16793
90303,14880
100396,12297
98226,11628
107713,8247
82199,24211
104715,28805
103412,11277
77224,11391
79149,19937
79332,27791
100094,15455
76280,32452
104668,26304
106239,12975
106918,19001
103738,14272
99768,14799
99895,6577
88553,14535
106781,11937
104339,23321
88198,8133
77024,12252
90492,14666
87383,7632
85194,6656
100821,10162
86207,8828
80736,11740
85035,6653
77847,9396
102444,8267
101635,21688
99639,8103
101365,6675
106612,24432
89655,13286
96679,12636
107353,35070
101805,10938
81804,17559
106783,12528
101047,13990
76164,33125
106524,7555
104745,9554
88874,11347
89206,4958
88602,18565
80458,25041
85756,9590
100972,6763
79897,32244
85913,11475
107705,22878
102659,7575
101994,10529
104004,9964
91171,49025
100207,14375
101431,7197
92034,18693
95470,30874
79276,28514
101893,12695
91522,29123
94047,20192
100620,14351
97405,11164
89277,11586
102728,11497
95665,56374
93861,15110
77779,11430
79844,20221
102549,10270
79764,19645
106543,16140
90127,12580
78759,18367
85232,16692
103173,13206
77690,11966
78669,37902
77821,12324
96869,7631
99426,10420
86596,11625
102352,7493
88825,7942
82595,19714
79408,23625
105771,20488
92499,20614
82744,10518
104310,7022
82965,11482
108492,20121
102748,7435
105549,19401
103794,14483
87574,11686
77090,19056
77729,27215
92854,19080
82724,11439
76843,8034
95714,9357
85077,17335
100035,4484
76694,12252
86970,11421
93243,24590
95700,23323
103907,11309
105698,15188
84320,11432
91561,21904
100459,7211
106398,24700
86911,2307
102905,11463
103009,6134
76287,14307
106832,10662
107240,21096
104164,8525
96561,13228
81823,9218
82102,22361
81420,28371
79102,21457
92252,18235
91605,24791
94353,26456
76883,16019
79941,20289
102977,8235
104975,26648
86138,19504
76309,19061
104976,17336
105819,14289
103115,6675
78958,20329
86851,7368
91889,15222
96977,21033
98888,10461
87642,11391
96835,20988
95915,28485
89880,14886
86974,10783
80793,12585
95773,26124
92664,10735
108423,13385
88073,16879
97731,19027
92705,24443
98275,9060
106563,7632
83216,10587
108252,20342
90052,22161
96839,14734
87847,7723
101778,17865
90493,8869
84236,8121
94651,28433
82828,6055
84570,14605
103560,6237
105414,10746
82874,9624
94023,15838
99936,9035
97927,6189
85922,18087
92409,16439
102547,7490
98620,7743
77418,27591
106846,22357
90794,17927
102848,8398
77668,20087
87057,8842
92125,47169
89356,14160
93931,17785
98496,8131
96762,11650
77603,16060
76242,12755
77854,18119
90496,7501
89873,7744
81047,37930
81482,12401
106630,20462
102807,9964
101397,9751
103459,9784
78508,35548
87042,16888
106348,21055
90653,6446
76159,20116
87944,10481
81531,24830
107875,6796
99542,13472
107359,20229
104564,13241
82560,12956
93591,26138
103234,7444
108458,10750
79888,12335
76419,23708
106649,12608
90004,8275
93201,34907
97558,17702
83097,14049
96492,5320
78413,8898
79076,15526
87061,9710
83665,13176
97131,12485
102075,6956
99331,7775
82067,46705
85459,19279
94510,38748
97875,21671
105176,13545
89196,6393
97424,19429
92886,22276
76660,11337
81181,16692
93133,13545
84390,5793
107413,24708
98681,10699
86318,3256
80893,24435
106409,23249
101539,14572
107735,14113
103362,6709
95493,29684
95573,26004
81435,27727
89730,13628
104812,10400
95540,14866
105693,9447
99879,11220
105045,9952
95556,24563
105209,12083
77262,34683
88746,12672
106257,31016
86665,13418
99714,15572
86308,4308
107814,12098
104110,14327
107020,9819
99899,7618
87878,10616
107898,10291
91803,24302
91708,23904
88131,11708
94236,28809
94787,39279
88426,6371
82052,20439
81430,20594
103458,8394
87322,10967
88030,9699
94505,31281
80104,9885
92324,28813
93393,17609
101185,5325
99944,9632
91381,18304
102720,8298
80107,24525
93006,30421
85248,11281
99068,12665
76834,52356
89377,12049
101452,13971
92548,40627
100658,13417
98383,52228
77915,28410
86268,5624
80304,4055
106680,15658
101132,6641
90092,24796
100329,13977
79943,13787
104189,14735
107250,22081
105088,7886
88824,18101
89166,13236
78748,16062
80118,20458
106238,31801
105638,9591
94974,14875
78384,15161
93451,19512
98422,7354
91430,39711
77519,20740
96946,15809
98391,6515
102809,5709
82926,10032
79108,22659
96213,20271
89205,5324
91600,42192
107292,24323
90688,11289
98776,7475
79778,14370
106834,8339
107835,16972
99788,11133
91133,24040
82747,10513
95651,18595
90035,12092
92821,13892
93614,23650
85993,8950
94616,16458
97987,11972
79300,20024
98588,7397
83355,8736
105664,21865
106502,21755
77235,23733
101503,9857
99569,27618
93332,23731
103565,3052
98223,4212
89090,11120
101490,5107
89428,10223
82555,9257
94744,19472
97092,7875
80994,24302
99486,8648
88556,11713
105789,26675
90968,13814
87386,10778
96239,10367
98412,8669
107073,11149
85775,13391
103494,15097
96232,8409
95146,18617
101493,16256
108369,22811
94214,25180
95377,21733
80081,13675
81186,13079
100638,11920
79228,21940
83296,16434
78663,18477
90474,10907
99746,10998
80600,67706
104132,15012
77292,9760
104314,12352
92563,56098
81135,22071
83199,14145
103083,7297
88165,7128
93492,7341
80502,19320
87640,8835
95862,23534
97106,15840
88353,5653
99443,16676
85914,7703
102522,7649
94035,20880
82309,15335
103845,15809
82955,6980
86039,18667
76890,8455
94862,21629
89261,10445
95261,30352
76543,27431
93805,17494
79387,28175
105256,18613
103632,13795
101647,7604
90779,8018
83004,9201
82810,5299
89851,6495
95583,20188
95318,11821
96740,14542
89999,8045
101586,6892
90205,21436
100202,13586
95896,16313
78190,22463
106867,11965
103122,6722
78800,19480
98137,10506
104071,22224
80969,16814
93695,12424
79235,15485
100233,8403
103673,8367
82811,11088
106273,22347
81714,12150
76623,16259
98396,7246
87067,17989
94615,30029
91380,28347
81368,14553
100189,15871
83055,10318
104726,10622
79494,20597
86895,7404
104253,47749
80451,31935
81633,28008
85761,9092
76040,16062
86749,6328
97161,20151
89492,7743
101063,13165
102557,10514
99966,6041
93615,16348
79812,13577
106083,33399
91688,18777
93348,14423
95861,14449
84278,11011
76892,15972
86674,9183
76138,14116
104974,14753
102421,12202
82617,16590
90307,7776
92258,20816
90255,20926
101498,11846
80567,13912
95321,22061
86671,3345
89272,10439
78823,6438
95185,22205
98753,7642
88611,3259
108390,14052
105366,19344
80433,20173
104145,11640
90881,15144
82596,9191
85279,10942
105968,12788
84463,15952
85840,7860
78708,13048
81642,24637
88004,10613
97345,25693
106927,6626
78351,12933
91596,31292
98390,15154
80145,14798
88364,8326
88715,15924
100449,10690
92076,29225
102573,13861
89983,12322
76338,24776
78076,18757
96116,12940
76662,19831
94194,39260
105200,5896
95232,15369
85705,7920
81683,6171
92007,38464
101156,7574
96857,8729
91201,20478
77066,8720
94938,24888
82691,11646
108279,24708
101317,11068
91872,19023
92517,17281
76176,16152
98840,21807
96297,13075
105077,14012
108306,20484
106837,12227
80906,10325
85979,17797
100004,9807
108473,19901
77203,18871
101523,11705
91769,22642
95403,25187
83930,9403
95272,27907
107063,16894
105033,7663
105705,12503
80224,16739
98468,9185
90993,21898
89413,6965
98561,19848
88199,14308
95082,16093
96647,7581
80307,21495
86717,7222
107754,26917
92740,19349
89653,9125
83458,17098
88918,6333
80859,12435
76830,33242
92727,13147
82512,7488
94918,31660
96158,11556
97812,31308
102820,11266
88655,10330
86512,13303
84814,16556
82832,19028
86946,7687
102885,7969
86598,18127
76927,48863
83377,14664
81917,28697
92972,22799
94932,16311
76026,39428
82383,33655
95697,26045
79489,28699
102254,10013
95248,30522
99438,7899
96002,24819
107266,13740
98233,9623
87721,12542
76462,50272
101352,7579
89118,9539
91908,22960
94169,20032
105347,16688
93347,22072
107981,18177
104698,12494
87678,19394
78945,11207
106051,11555
100768,16878
78915,29336
101837,3163
79136,11607
97035,8135
78591,47308
95969,31637
84208,9206
100228,7639
97687,10748
87591,13954
96149,21227
87736,9025
87550,3707
102052,8204
78827,34484
102402,14823
79412,31475
77865,46777
107971,9547
107469,16123
97612,11377
108451,17694
91741,23334
97524,7392
88979,14160
87740,15737
98817,13909
93862,19377
99648,16770
76643,15630
107633,19169
91213,25067
90869,22279
85444,16686
104383,20192
76870,20776
79279,44096
83999,4926
98596,7754
86831,12870
78863,32130
98360,7137
100096,11866
104448,6338
90367,9477
103277,12486
103728,10089
84370,9648
89978,8276
92359,14835
90135,6856
87969,15246
102318,13064
76607,30827
88481,12010
98436,20491
92888,63270
106269,9874
100538,10701
106326,11196
82449,5647
91142,19733
80150,20481
106004,19117
108069,16524
87037,17631
101280,7643
95763,13709
86504,12067
81964,22863
98685,10650
103215,12986
94922,37435
78554,28112
105764,10442
87972,12035
84358,11672
94964,18728
103241,10346
86647,12777
99158,17934
85420,10469
78077,26508
107422,10307
104022,22783
79737,37869
80207,14541
80967,17188
104178,15050
81030,18231
93015,19185
80407,20916
87649,16351
76690,16904
79789,22590
82746,7868
87159,12617
105962,12672
86711,12914
90644,6011
85786,10337
107631,21327
99617,6917
96261,21524
103524,8070
106761,5248
85261,12703
82784,11137
79866,10779
85332,18746
91102,17524
86628,18511
79673,30325
83347,16265
94145,21778
106036,19428
82287,14124
88789,12904
79618,29510
94133,20335
76165,18513
101369,5814
89387,8196
76789,35922
107309,11064
91783,26431
101897,4794
97745,18639
82133,43706
91614,17643
97308,10034
95044,44168
80363,19800
87137,17624
80900,10016
81525,29091
86772,10994
104784,23140
76211,33141
88180,11046
107375,20220
87142,8452
102944,7010
99258,15635
80209,15094
81591,16339
101494,9923
103703,13427
84613,11780
81070,22039
98675,23102
90638,6271
78215,19282
104188,10191
79525,27097
95362,20955
95717,8812
106872,24999
84301,13150
81601,31252
86575,9040
100108,10763
98140,9984
80480,16135
105961,21984
88147,8241
90426,12510
92503,23396
91066,25614
103976,10707
78267,21367
99535,7898
87776,8405
108501,23685
102285,9806
105946,23209
107799,14591
90291,14236
103617,10763
97086,13240
108058,16686
84663,13523
83054,7369
80706,10322
84885,7766
96741,9793
89018,17136
102962,12456
107208,28950
87254,9135
90928,32381
107211,15077
104636,14762
96902,21587
92953,19043
107082,26845
87483,9813
81493,18906
97521,6600
107168,51326
94004,26262
87794,14356
99172,9790
78673,27262
77673,50864
89569,19373
95130,11250
82941,13957
106278,24885
92295,25243
100500,7014
82192,45953
103583,17007
76059,13988
105499,7465
107083,12584
99563,9213
94951,15103
103148,14119
91319,14542
93386,23218
76109,10028
82945,6824
101785,10575
99381,3538
87060,18650
95211,30357
91694,22956
77173,48649
82094,13150
102120,13104
91721,13217
88100,8037
101115,15872
104595,10711
90098,19272
89595,6157
82269,38459
79900,20225
90360,12744
102462,13441
106639,18524
100825,8539
79579,30708
97198,10310
78303,12952
87680,6686
78160,40429
76168,31089
88329,18970
97416,17406
93159,58288
91927,20530
90611,13249
78641,33753
92598,20833
94425,24635
91168,21202
78734,22452
78005,20987
93001,31317
101473,13785
81076,39420
89625,7665
77610,11082
99909,14590
84285,5151
87146,12198
106204,22290
79047,11143
101371,18216
83269,12481
79251,13216
83976,21385
102684,6827
97327,12198
103469,10445
84299,11067
99272,13885
89489,7610
83325,10166
89423,11294
86724,8147
83802,10087
92419,46268
104989,12232
83670,18200
90400,7976
107433,18906
81641,30351
103722,12573
86632,11383
93036,18923
94398,16676
84906,7717
81280,26500
104075,13849
95998,24199
100993,9284
105404,20040
95615,24329
88828,8532
94230,31284
97101,31666
102266,6580
95269,11394
87008,16723
96384,21034
81461,26967
92651,45291
83997,10982
100143,15455
86721,17859
107348,12860
99221,9381
92846,21818
101042,12977
76663,49567
87986,5761
92959,15794
86076,9467
76987,12405
76842,22679
77966,12241
86599,16205
87922,10166
90812,6172
90897,16804
86531,10708
83583,10507
81256,26067
80343,15036
102122,11207
77334,33956
102222,9719
93883,15769
101876,12743
77602,16037
88598,13731
77524,27998
96783,30383
108041,10849
93694,33659
96258,14608
97398,11254
84225,18773
86415,10191
90604,11213
103848,10282
81012,11542
94703,26043
107406,10562
97842,5863
106706,8961
81667,33119
81092,18899
97523,18992
77107,29403
100699,5919
86969,1657
100917,10605
86251,9390
86424,20143
79990,11597
86382,12160
101613,7892
78397,15511
80111,11045
88021,11655
76832,19132
78935,13840
100446,11838
100621,9435
78399,11677
108515,20456
106023,10851
93721,55355
83647,10953
94136,27624
95847,23893
107172,9738
94458,48623
94175,17652
92726,22428
80910,39631
86869,11293
81258,17507
84340,15572
100324,5883
99428,5654
88878,16093
78066,51040
105935,19475
87309,9450
87656,9904
83790,10872
77893,7104
76055,19958
99688,12217
99661,9203
93173,34530
89291,7682
107766,7195
80369,14636
84448,20332
98481,5971
96477,29507
94818,13779
106708,12280
77786,21071
77244,52158
91199,18024
101108,7407
78967,16270
106914,14009
91647,22265
91411,28374
98766,18039
105906,8590
104682,19927
78615,37766
85253,11538
103137,8133
94662,22891
104640,7266
97535,30616
80168,34917
89005,9324
99876,19259
88741,9664
88333,13730
79822,14024
108292,16503
106845,13961
92167,16494
91226,13613
95206,14526
92166,36864
102963,11772
79527,48139
94552,24686
89210,9294
78573,21899
104073,10969
98520,13255
77491,48770
103333,13535
80090,23568
98666,8847
86798,13168
81728,15940
81606,11180
84372,10388
105528,9897
107436,9921
89038,10397
102983,16841
83135,11910
98165,10199
96159,7969
90229,8287
87710,16936
91414,19858
77961,19973
101890,13624
83710,9001
92874,23802
86534,7421
98517,20815
76174,35548
107068,20721
98050,12575
98718,13896
101964,13938
96813,13920
95118,16029
91139,26331
98838,2189
98268,9929
99553,12086
98904,10176
80828,29569
100001,6792
106691,21552
108038,21959
98715,7432
85714,8189
88475,20041
91923,24584
94795,18127
79738,12039
104213,9096
89425,2495
82405,13619
101000,8218
83819,16827
103491,9896
88226,9526
102022,10664
106889,6924
98697,15728
97178,8891
92375,19718
95917,32104
96308,12728
92406,15885
108375,9241
76860,14000
82234,20337
99593,10369
82962,11618
82016,11889
86781,19696
101065,14784
95525,18855
95306,30899
77397,34516
92496,26388
102473,13781
102927,14814
91897,27361
95554,16286
97488,22270
76085,18141
84133,10108
106369,21036
92172,12516
80532,12678
96952,6350
104627,26217
87415,10776
97047,10930
87227,11310
100308,7196
105075,17641
84539,17135
92284,19216
95634,34551
86731,11725
96425,12764
96765,12716
93239,13159
95450,15720
102086,16170
103024,10414
92808,24790
99619,8026
79704,18547
99613,20998
106854,7653
80959,46060
96020,16607
78736,13833
101207,14147
89767,7187
105747,18374
77828,17431
91572,27375
88785,14353
76972,27519
76362,23623
87572,23323
82399,31225
93833,19991
94597,20085
86551,9624
107163,15012
84085,13060
93349,31837
99389,19842
80970,20539
96279,9494
95329,29811
99228,11265
90184,15861
107226,15277
80769,26573
80742,16744
93650,21134
107530,25187
87038,9679
80146,33044
94892,28865
107150,19372
77880,33696
100591,6807
80919,13396
84533,7029
82006,12024
83592,15399
77124,22190
93924,19255
95528,18915
105644,14160
85662,16694
83079,12685
106655,11680
96517,12551
80260,35034
78203,13160
104045,20496
76147,29935
94260,24483
101648,12605
84725,11540
100099,11533
79381,7984
77511,10813
78265,15259
85496,10138
77336,12945
80330,31416
97617,13178
94477,38578
94881,9910
76653,97776
89023,16750
104965,17521
79637,16676
94018,18106
76481,12559
76139,16971
89662,15638
105654,18533
101555,3328
107636,14498
99722,11244
77887,35550
83236,16162
107964,22210
108137,13220
99718,20763
86701,14541
77077,17773
88040,39710
78583,16083
85917,12169
81283,22203
104304,10959
87081,15350
87129,8436
98111,7337
76125,21110
89395,8456
105028,13039
98036,12209
78805,10673
103101,12785
108365,9628
103367,15845
79524,25651
96079,28351
104361,45260
106133,29667
88514,16352
80511,65884
90340,9279
105563,17940
85987,16028
88251,15362
104270,17353
100820,7072
91061,24081
94348,23797
106956,23971
100858,9840
81114,24285
103100,9230
87787,9630
96168,21206
107880,10127
79423,9135
96948,9143
99709,11054
92562,22855
101684,10886
99037,15846
89129,11750
78722,17617
100854,13136
94206,21848
107045,7134
102537,11886
95597,46187
88680,13665
96439,18070
95466,22878
89104,6064
88224,10294
86152,9342
98291,11843
106901,19350
81783,38774
100932,6685
81607,10407
96664,13814
87553,18684
95513,30093
89899,17015
98891,21048
107167,10218
77353,11364
106280,20768
90874,6635
101248,7759
79805,28493
106429,8849
80749,29094
100354,8826
80249,15267
108135,41659
80931,17407
107899,8571
106399,12283
92635,30085
99128,7624
83388,9551
79225,32210
103533,7500
103029,13863
107588,27319
92646,30440
95432,26861
105377,10194
104914,16098
103692,6635
90273,16118
91496,14820
90243,30622
88300,10964
87519,13052
91612,19359
101939,8579
91015,29086
90181,21539
78441,15879
108389,11572
92627,22261
96927,9001
87730,10520
89842,20383
92971,17333
85556,9992
82669,13369
96673,9642
79153,41564
104675,12432
91062,23225
93779,23711
84248,21163
85038,16075
87003,12934
104951,13542
80530,11549
83785,17136
88812,9841
82270,33691
108300,12220
103880,9911
90507,16557
108049,9934
77105,22659
86615,10411
86494,8149
103184,9815
98599,22732
104375,29436
107205,31035
78844,9878
99780,20109
88969,9239
95137,43243
102509,9930
77745,30475
86566,6485
97877,13366
101765,6932
77886,11266
90185,8389
104203,15800
85229,16760
96143,18735
88575,16599
104096,15811
90161,13660
100702,7514
91390,23173
94518,19113
95365,15235
77078,10079
103981,9628
93049,23941
104932,8610
80929,21217
84280,16987
107619,9242
96726,7204
95122,12757
96286,26676
104463,11987
79669,14179
83751,10817
103686,7676
76601,28620
78424,30111
103522,17907
96181,16615
106896,22334
103201,11997
108472,21034
96100,10022
78149,37896
99046,7437
101215,8655
95675,26531
103753,7297
102010,13059
99789,8017
78760,27708
88270,15018
77169,30801
94033,37404
96304,10896
83591,9409
80417,18912
87101,19661
91487,20993
107256,28464
81695,30096
104760,6701
86668,10900
106007,28563
94726,17902
80940,30262
94574,15118
100505,11250
86383,8462
95683,15287
79982,11782
91488,40934
79556,39731
108183,16341
93993,32860
95976,33499
98574,24839
94825,36836
88397,9851
84250,10690
98593,10143
98330,6506
103350,7147
79640,11558
88447,11559
97515,16179
99951,12849
99333,12736
88755,6202
86184,16223
79396,12725
86690,13824
84172,13455
94766,25247
95569,32127
106158,17654
81339,13221
93286,27191
98950,6829
78868,15934
100793,6462
90095,17082
77269,25158
79615,22704
104050,8882
103961,11758
105844,15879
101832,6397
102550,15366
101434,15455
101418,6945
108042,14948
107747,11374
84521,8279
97615,13892
81424,11330
99517,8732
86658,18548
91422,19933
83839,16862
95100,16528
108425,19447
102439,6481
88840,11645
90580,11468
85770,9300
87728,18507
89952,24769
97315,16784
85711,10704
90358,16796
102929,6942
82447,9536
100245,14641
84784,9525
76465,15694
87664,9318
105387,13200
77089,17895
81610,11336
81058,16367
77730,56605
87459,27255
104036,12405
107145,16037
82326,31074
98946,11992
107053,3361
108371,17357
99914,7366
103049,15345
108509,12288
97598,21761
79617,26165
95140,20872
90323,5115
87974,19495
103944,7796
103018,15455
87158,10987
77669,17849
98042,18327
78268,47498
90767,6872
90669,13478
81912,3954
100120,10689
102601,9342
106911,12328
85941,11078
87006,19463
79286,26610
97138,11264
90797,5619
100707,10410
107334,10821
85757,8848
85888,19640
99962,21631
76188,34837
99064,25086
77045,34707
84655,9175
107154,21456
95840,13592
82979,14484
97459,7935
89352,4986
98956,20137
96121,20686
84625,13119
98767,8228
104355,19797
89678,17731
91357,32351
75998,14869
107603,13322
86574,11463
83632,13870
89374,16025
81663,13183
85717,6613
107272,14172
106265,2970
99040,16720
88694,16217
85144,16178
86820,11802
102396,9344
87881,11288
76603,14869
100941,8472
97580,26141
106362,14504
84680,6296
105064,9986
105522,17514
82587,15344
81216,32151
77075,18748
95633,16886
97702,7503
106735,10532
78177,19217
108495,10418
100743,9598
88876,1731
101192,14195
87450,11832
87281,10689
89740,18303
91037,16207
88485,19522
103760,10723
108527,9263
94564,30846
96909,13665
96759,14901
99752,7613
96075,15609
93329,14997
96936,25593
98873,8468
90863,10622
76692,46166
89812,15920
82128,13711
96066,9065
95160,32678
94923,20978
79998,20427
98555,19489
84197,9910
93881,41254
96420,10868
91466,11625
102246,9141
95149,24049
92066,32783
94579,27793
81791,28595
87929,8864
79839,17047
103708,9867
78718,22616
87840,16654
86316,12440
106118,24942
87923,9677
105417,20034
95584,25755
80187,8610
96280,18294
88069,7466
102826,9960
91166,18884
95616,29969
77374,25752
101288,6576
88801,15386
100060,8234
97336,9736
79226,14597
106287,11023
95018,21071
78131,15597
84551,18999
100445,5406
93031,23277
104415,16256
82984,19034
104242,7144
86170,18688
79814,20946
94172,29829
95530,48836
96105,12806
87822,8695
78073,15003
106610,18851
99065,10078
77646,56919
86266,16611
80186,18440
102645,9685
83453,16622
93905,25527
90535,4642
103695,12657
87488,17504
84520,10297
97541,10668
93818,29371
90796,22532
92896,31838
95577,17072
101488,14008
92336,26747
98826,8995
99527,13808
90582,11238
99787,21723
107806,14588
94108,19744
96333,8378
100710,13612
94129,18091
85361,8091
86043,32402
86833,12965
94373,18932
77978,25323
96250,18309
95594,27591
96781,32276
91860,29002
91206,18708
102627,7219
89384,16309
100945,10543
103337,8229
78230,20932
103814,11838
96429,11935
81547,26398
85056,22313
107758,9408
81328,22212
100775,6552
82066,21007
83908,18207
105323,11169
77492,16902
107451,8393
77351,10877
98029,8142
101572,6560
94944,31318
91179,29855
97780,27037
97978,10079
104953,13144
89173,20099
103406,10896
105570,7022
81815,18267
83095,13313
92184,22366
88793,12218
81805,9293
85794,16841
97245,29625
88691,9934
98261,22629
76495,23291
100400,9790
95964,32681
101477,9659
91345,18493
76207,35721
88153,17568
96153,17378
82291,13108
99451,7788
87965,20591
102559,10512
106147,10003
77921,14657
82334,20786
108164,11009
106096,9926
87657,17712
98448,21370
91900,20975
103220,10958
107077,8581
78197,11388
101655,12899
107006,11433
101367,10774
91219,27041
92182,16663
81544,18145
80496,21162
81766,23199
96589,9041
81711,20083
94981,25709
80701,15366
83791,12816
84832,15209
108407,9082
98308,17518
101437,6825
91248,35573
104100,19902
78410,29548
98413,18606
90060,11733
101366,7063
98709,9086
102890,8850
87962,13509
79140,15133
94166,33121
105551,10833
99518,11109
101813,14101
97443,24250
89725,8052
100115,15547
91893,17443
90000,5803
82989,11253
89359,16310
91971,40911
88614,8203
104765,12107
80918,24908
91622,16669
88210,11370
82019,53927
85200,12898
81558,22285
99276,11005
81563,33310
99583,9133
77201,10675
94664,20393
99203,9361
89314,11449
89306,15422
90716,16054
84217,16504
104655,21381
92210,19638
82528,8018
91346,48969
88118,19037
76132,21089
101208,11569
102136,8315
77562,32739
108283,25925
100008,15455
91342,41225
107698,11302
81538,11764
99044,15357
83163,6593
105124,7905
86549,9338
91034,9989
101853,7940
99837,20307
89337,9818
107369,8852
77529,16288
78801,16992
76409,22721
98146,9342
91565,48318
107994,19385
93945,28337
99755,10995
78753,28296
79674,22793
101599,10542
81659,33659
96322,7010
80700,32517
101522,15455
93595,25992
78924,19021
102891,10542
107611,17350
78528,42818
86323,16351
103910,10928
93854,20089
88710,7941
82438,23759
83328,13613
91690,24973
83796,6054
99904,9249
100270,10798
88422,8219
102971,7856
106161,10057
91244,15335
81158,16489
98004,21511
84522,10376
81215,23988
94487,22373
78065,20392
97766,19535
86180,12926
87921,10344
76160,30462
104197,10416
100295,8509
96012,12984
95783,14024
104527,22746
77354,29362
106062,8249
84578,8941
99784,12806
91716,21426
97394,13153
97254,25181
87501,17719
95532,13857
91011,25252
106069,24641
105103,18017
84421,11134
87363,4967
108379,13259
83268,10982
94592,35459
84041,15887
88908,23932
85932,17578
96593,10445
106195,10123
107153,30215
104500,14278
85737,12344
75997,10571
79336,34182
77061,40087
88839,18524
86859,9393
101090,12704
87563,10231
107188,8928
95198,17292
86476,16289
99894,24612
88279,10698
108121,13383
99827,14212
107457,29879
96509,27941
101858,9431
93052,26741
91879,28483
107229,5959
87917,10027
82310,10499
93584,15474
94356,2854
76249,43454
88386,18390
104406,15116
98286,6817
95310,20467
95994,21773
79879,30524
97135,12567
81818,27843
108055,19627
96474,23249
104358,27105
77110,11838
95124,10668
100539,13182
102883,8567
94081,3730
100018,7958
101491,12508
89297,20216
99337,24532
78463,12753
97799,14924
92138,21273
83715,13951
90455,11800
89100,11432
79908,20756
91045,16496
78357,16050
83989,14695
83057,7831
92472,14700
77836,7487
91661,25915
103107,12560
95476,27588
96615,14241
76337,57397
85067,16511
95176,15694
104450,25044
104227,24943
94327,15350
97056,22014
79775,14540
91282,28301
98425,14286
79509,17292
79798,14612
82615,4441
106314,21783
88964,11051
94303,14794
96851,8422
104465,11973
89500,11131
100482,9138
102159,8146
83242,9981
104780,18464
83902,7579
88955,11653
83139,5486
88842,25891
99320,7486
81840,25890
103216,7177
80734,22960
102743,18773
76855,24451
89866,15403
106171,31848
76530,12992
77933,11857
89304,11216
77180,29620
101525,12726
83657,14360
92832,18155
102059,12981
98895,2698
87994,18765
86458,10296
95568,31059
79603,23662
77681,15607
105596,16404
100815,7132
77113,53328
95519,12399
82180,14363
105893,19718
96087,6773
102458,9840
104637,16943
78633,21142
101205,10542
90825,7816
77280,31604
94924,14794
92185,30508
101547,16059
88425,14804
95191,20669
82878,12456
87900,15410
90045,6778
85402,18697
78124,19385
100374,9872
96192,8771
108050,45974
98773,5743
105534,8595
89256,15391
102735,15352
101683,10643
80977,30967
98983,9751
91969,47791
101852,14681
77600,14924
95813,16386
85687,17647
97288,8835
76331,15891
76111,18885
84464,13872
102105,10802
92739,40850
87154,18270
76313,9820
80830,15185
107419,42736
103729,15802
93796,20282
85542,8370
89838,18517
93303,18182
86555,10115
81471,22379
97273,31340
84529,11327
86886,2359
77905,43856
78325,13447
91821,23911
79209,18287
107729,10655
88328,10283
85466,8595
105634,8956
79780,10997
107271,11102
77909,25706
81592,22581
90946,18755
96511,11141
101345,10747
94773,22749
106754,39599
82112,23318
76758,27978
99146,19050
103707,8674
84009,18355
84288,13826
107688,11481
98025,17497
94529,25927
78142,19237
98985,18959
96366,18315
96697,8727
93267,18504
98625,6557
90111,15473
94666,29163
102390,7847
87799,8601
101806,9260
92319,16141
82564,9374
80431,31601
90298,9841
83570,3673
85343,15618
104567,20774
107481,17072
80625,16926
98575,10714
76415,16653
95772,26828
85564,16817
106489,9364
104520,9640
85622,10645
104842,25398
81717,31008
91720,12619
93411,30794
91818,35479
103824,11392
106453,20993
96056,22855
87924,13022
76902,27458
107200,32562
98825,5832
84740,13887
94186,37775
87093,9549
90703,9283
87711,10547
89763,14616
107087,10501
97903,11648
105393,10834
77984,19030
93270,31906
83584,12382
95630,23870
92001,10619
104596,14711
108196,13752
94963,15335
103813,5394
97285,10209
102140,7812
82537,2547
105396,21511
92363,19984
87145,11625
83808,7495
98940,9721
79334,18149
88939,9468
86108,10271
107513,19793
93992,15149
77114,15874
106247,11837
106460,26859
90980,23832
91407,40399
92716,14509
94427,23371
79107,62878
97517,25125
82963,10182
95600,19817
105627,20950
94599,26014
93831,27807
77796,24367
86054,9416
103984,7095
79232,23837
86186,9817
79993,22967
106645,20801
100923,10505
79473,7104
78631,11955
98920,10486
93487,17606
89722,7658
86489,9814
77792,34543
83434,20681
81597,20729
93788,31990
105929,12164
83037,14871
96675,21862
85315,22545
88309,16722
80642,21587
85401,14743
81449,13845
108274,25683
106544,7421
91643,41735
77829,31108
78255,17604
106408,12021
96365,13889
89365,14394
98758,13994
82412,16628
103970,5371
82004,28349
76359,23200
77601,21791
87750,13073
103263,8535
103050,18435
106203,29711
107465,27008
89824,11716
83691,12931
83517,12089
87354,11104
80631,47923
88470,16577
85074,10194
106338,11312
86031,6554
77815,55255
94854,30738
92558,12141
105202,8801
79841,15162
81027,30655
81862,22217
90349,15467
95059,33159
100279,9068
106984,22256
92688,26342
79781,12551
105426,21771
76908,20397
86624,7880
77747,22982
104911,18454
100968,10191
103235,2985
79717,7187
93346,15707
81416,49123
105745,16609
89942,15285
99350,18819
77848,16129
98163,8611
79733,12475
106417,10626
98931,6815
79025,22052
96098,22590
89627,11708
100722,9478
89119,7696
106445,18946
80588,19363
91785,32463
79294,15162
105542,15161
98603,14350
103921,7698
98405,21557
79284,21774
104738,16290
104623,15490
105041,10527
107556,14393
103553,18241
88716,23609
88844,9634
87568,4044
84183,16005
104240,17970
87404,13002
95985,14006
95986,15426
102723,8521
93713,30905
97359,8527
91991,23449
77490,20061
106975,9998
98180,13113
80465,4468
98027,1644
79085,14836
92539,33131
92267,24141
87807,4588
78839,12816
102361,9617
76828,20210
105914,25912
80885,35251
89833,19991
81436,9929
94157,24731
98733,14332
102978,5279
81455,19144
88578,4495
105743,12453
94325,55316
79801,21384
105405,19069
80670,23336
91173,12778
80960,14035
80623,34688
93516,20008
101762,12485
104665,17378
93682,29308
86261,6868
97450,7429
97153,9222
82769,9080
81781,11544
108329,11090
93812,35379
81383,16397
84306,10279
78773,7844
85809,11970
86305,10965
88701,14147
99973,6844
106851,11815
89751,10672
83788,7822
80351,12136
84894,12820
97232,9516
82689,15135
102485,13046
96093,10606
78234,46192
83402,10702
96362,29982
85275,10565
106895,22733
87163,16405
94751,14471
93542,19413
77980,22118
76166,13031
89776,14533
106767,19266
84743,18576
92273,21538
97882,11730
76744,17792
86560,12700
93835,17131
94203,12111
88439,9866
96097,28126
105131,19638
100343,9190
90841,11053
90540,8935
92762,21262
107805,19118
102622,8427
108073,25064
86061,18508
92883,21511
82290,4984
87824,8801
82554,16796
102928,11111
77420,15009
76315,24953
99825,7784
89292,10930
87301,4593
103076,11847
93084,29286
96934,7833
85141,5734
101607,9780
106992,26867
95873,24930
83341,6603
78017,24134
83129,23172
92261,12841
83824,17408
86151,11756
88105,12575
101848,8523
89588,7505
93705,23426
93017,18642
77465,19661
105484,12220
76751,12056
97511,12297
102864,10073
85858,16817
94836,18568
85250,8914
78497,22091
99540,11771
97147,29546
81347,25268
95555,23150
98074,20273
104435,10050
107097,12393
92205,14321
90822,11958
93344,11758
84232,11797
105217,32855
76013,25113
102818,10317
106541,11823
87213,8977
94119,20680
105753,25424
90397,15701
87612,6063
82789,16270
102916,10259
104561,7555
105428,12335
86677,8058
95080,26632
90113,8983
77433,21413
106180,20364
101692,8076
80466,3573
99512,16770
104554,12091
89047,13406
93888,30056
89659,9724
89920,9816
86975,16983
91405,28233
83203,28205
104338,17464
91659,33007
86385,14516
81048,15063
102880,9381
100237,10754
97751,6942
85614,6584
106145,9933
105955,10167
100146,9431
107491,17838
80061,18732
94324,30129
97114,22662
106600,8129
90922,23516
80222,11609
99356,8620
92780,21678
107380,8735
86069,10486
107753,18784
97983,10916
88082,9291
82115,12057
81634,16309
89943,11797
104167,14143
91010,22507
85004,11920
96953,20774
78632,13613
76114,13921
78570,12530
82674,13603
91196,14234
93734,12107
96031,23898
102015,9430
108372,26118
98719,10494
83391,9781
97098,18032
104357,13376
93495,18093
86422,17097
99731,13059
94144,19257
88103,8625
105199,24228
97003,7271
99925,8513
92816,15490
98472,10511
91986,15071
84152,7944
87538,12739
93305,20332
104249,15866
85501,10788
82343,25833
80601,34155
99715,15329
90451,32282
98282,10435
98397,20460
76414,16486
99016,14333
85767,11086
102787,10246
101188,14339
85019,15058
79803,10777
107582,10010
98501,8948
107021,9575
82317,20059
105678,2817
77931,20364
101619,9157
76128,16795
86460,16734
106084,7893
80551,19805
77062,29815
98406,18109
103489,6375
107191,8997
88549,13351
85095,14029
83923,15798
87074,15698
94031,24912
99120,6274
105824,13490
82389,37933
91994,17521
85060,9729
87412,20335
94683,18699
83069,20902
77071,28195
81406,32041
89203,10939
82423,9644
88301,11280
86758,10242
94072,15918
102247,9848
101529,8210
100738,11960
101790,9484
96188,9125
98656,15705
79321,12067
80052,17210
85150,15735
102370,8148
107503,20217
76560,22209
85319,10127
89242,19589
89510,6730
104922,23350
86937,14996
107780,36027
102448,9703
89648,9922
95347,21063
97926,9918
104963,14745
92272,16725
76618,21995
87722,10977
85560,15250
92621,23593
87712,10455
91009,28911
76199,19857
99145,27303
103618,13990
106072,14514
102488,7098
79837,22363
102792,15060
86565,6050
98631,15386
106374,47020
108222,8828
92127,18959
96068,12357
84411,11624
102143,10493
77502,20786
105514,15876
76896,33011
104868,19283
99686,13326
96721,20344
93026,20088
95961,21996
97465,12715
86075,13944
106946,11976
97605,17462
83156,19041
88123,17853
106817,9786
103245,7649
78564,34270
81879,22853
102330,9102
98866,11991
87178,18886
83106,10350
78280,17068
101161,11822
96047,12497
93044,11931
90176,33757
76585,21660
99524,22354
97467,24524
95557,15157
102816,8697
87141,13026
82602,13165
80108,23218
77871,17914
89910,7042
76255,10959
76231,53073
87089,14268
107635,15003
80916,25576
95179,34457
90694,7671
87504,19083
95882,19975
82944,8917
90862,4005
89494,11019
81196,33035
78258,26192
98420,8979
84051,12025
97011,12810
97357,6773
82683,10106
107472,9721
101033,8390
86376,18526
97773,26892
76448,23097
94912,25207
100444,12029
92364,22995
104206,24388
82384,27629
78524,27434
82825,15294
81519,18811
89462,5554
94783,26788
99101,8838
102363,7418
107901,13311
107950,30768
94631,22337
85176,9909
93934,14912
99621,2997
101616,5422
86156,16352
96327,7363
89538,14290
98236,20843
92253,21111
105896,18524
97333,17967
83166,20374
96224,13987
94462,22593
82796,10795
103597,10387
99905,10499
107349,14569
76754,20732
90912,26120
108289,25641
94106,30056
86956,18418
82492,7548
81747,11901
89144,9829
85256,11662
85342,9417
108054,12412
94681,30209
86244,9315
81028,27995
86773,7753
108431,19876
102839,9708
77700,11829
92967,20340
91982,19803
80639,11545
97770,11637
100460,14143
100531,9930
84508,10876
103706,3805
79723,45635
88897,9948
88695,10264
87380,7201
76070,22435
99342,27038
79110,16823
89341,13640
90330,17627
93894,27027
104137,6061
89113,11141
91150,17380
79621,26182
86822,8339
104869,13804
93874,15683
77606,27488
96981,8881
88437,7930
87834,9924
98923,9539
108118,24283
94447,18924
99454,20958
82144,13927
83494,13701
76545,17204
85852,14261
107056,24093
95419,9838
76570,19674
91325,19529
98990,9526
107639,15078
100232,10721
83318,13887
82277,39831
105198,17302
107660,21918
92349,25962
105445,15632
98333,12117
100919,13062
94295,30673
105853,6672
100457,11214
77726,15871
96027,10148
104201,11929
105205,23905
94718,91398
96617,13528
81405,12355
98642,15520
89156,13346
104916,10660
107696,29256
87902,10873
106870,9853
106153,13085
85108,14740
106590,14801
97948,8875
77144,28569
91535,13484
83900,4148
107374,5943
106805,14823
101971,6842
103690,8204
107830,13496
105302,16781
90504,12651
91865,16879
107204,20021
93231,29810
94654,15940
107435,9553
78616,30057
102268,14456
81320,23562
85005,11916
98032,7832
92938,29811
76177,11107
83869,21676
85806,5804
77987,10418
103802,10026
104020,22926
93262,22060
92988,25304
84434,17759
95648,35081
77947,31186
76135,17387
80971,33189
105584,11521
85530,13319
106515,14348
80686,25738
85040,17951
77404,9488
91234,37703
99225,10445
88808,11589
89948,15830
107161,3640
83683,10934
83709,17321
80256,18435
83504,13351
90112,9184
93042,35968
89466,6551
103405,13386
86026,33097
86824,15696
79357,23004
78812,11510
105364,18673
105744,7495
99819,22110
91051,22514
95688,21233
102174,15272
91914,46641
86568,8613
98761,1599
101252,9560
91406,18749
78069,14817
86168,19315
105858,11984
83972,17116
107196,22437
80990,11205
101095,13315
93806,22603
104535,8182
99257,8932
94967,15631
94257,17563
100543,8577
96277,17378
78730,13318
82370,18326
86050,10982
104245,23674
89903,11387
106353,14620
90055,9515
78070,26420
84302,11308
101048,8440
97981,8970
85001,16342
79444,23287
88862,11554
90445,10158
92203,40050
100623,8298
94528,20090
94482,18143
77706,30054
100947,9068
94367,24674
108205,20669
77256,28320
88458,17743
102997,9637
88421,9319
86001,10084
97594,12477
76992,28503
92157,16130
106018,8008
85491,13433
103359,9434
101024,7784
95167,31797
93493,21196
77624,18707
76803,26354
77142,23675
86693,18647
101755,9544
82229,30766
105220,10201
81442,39574
92017,10609
106471,11979
86231,11056
92036,23725
93224,25621
87139,9322
107623,11474
81066,27197
97790,13248
76514,20789
85297,11713
93020,11310
88666,17144
98711,14843
107486,21180
79363,29955
88053,7725
87127,13798
104704,25660
103808,9268
90199,26624
92950,71659
92002,20956
108435,13709
86748,11093
86978,7887
79932,33029
107382,7063
82616,14535
99198,22420
96788,7711
92073,19904
92060,16835
79559,7994
105276,20274
78536,17615
86795,16233
103739,17133
105087,20789
106499,15969
81009,48771
77053,27954
104832,7115
81864,13778
102634,8759
90510,7145
103001,6958
97323,22962
77996,37688
89082,16333
106910,19353
83882,8103
106459,21884
99678,7020
92583,37489
76986,22056
90844,8776
94286,10339
85208,11244
81224,20249
85569,6612
78152,24138
93054,18055
93481,21429
99735,14410
88060,14933
97546,13033
81083,29162
100259,10999
77751,13082
105093,7522
94991,19083
91352,24451
99901,11658
83577,14681
95846,38461
89917,16351
93394,15748
102805,5936
105448,25144
108444,13187
100862,5765
95006,50104
86446,8396
90906,20589
95336,26928
94904,12567
81105,14423
78132,11567
87302,10901
101471,9915
90015,8792
90539,14515
82418,9361
79940,20181
77401,34968
79054,13223
78493,44110
87727,7905
100390,7915
86020,11564
106293,24524
105435,11830
81992,27994
92805,18495
92871,21555
101833,12639
98352,10538
98629,13949
79700,16355
99710,13896
84526,19901
98636,13681
106829,11047
99652,19358
85469,7500
82224,21209
81899,19115
94817,23894
92379,25904
94423,30016
94010,28617
84867,13046
84679,16423
103292,9908
77349,18576
77697,11738
103017,4034
79727,22383
86490,9931
101009,7437
96540,13758
106974,20025
80055,20342
102035,8886
87843,7718
107868,23178
100831,6517
98936,10060
96915,26641
88473,17901
89030,11908
95894,21083
92113,23128
105809,8790
99360,14467
86746,9222
101917,10367
96687,13357
101210,7709
101146,10067
104900,9401
85924,20038
90544,7490
93003,19924
98738,12522
99884,7115
108053,26018
90188,6552
91970,19656
103257,7158
83138,8099
104017,29315
105104,7570
100054,11114
87155,18158
107600,10759
80848,29028
86709,17908
106214,29706
91963,24033
97698,7192
106109,11697
88231,10360
104537,10901
99388,11422
94517,19214
76658,44726
107430,21437
87408,9185
105971,17083
90264,15019
78434,17815
88248,18971
103386,7150
87862,35047
83101,16272
92350,29534
98624,5780
97298,12460
81919,16985
80556,24586
98141,14180
88205,15613
102779,16059
99926,9700
101484,6474
102869,16147
89043,13442
92878,26187
101071,15580
106583,25427
106819,10062
79956,14872
90659,16793
82276,11456
85881,16933
76753,33444
102970,12512
93126,32261
97964,12742
81951,12044
101200,12722
96104,29667
78169,19698
90062,11581
100918,9968
108353,11037
96642,15083
104763,10630
100926,14156
107597,10731
102765,6957
85805,11803
102162,13159
82952,15652
94184,45963
87797,14040
101511,7313
107686,7339
95366,13216
78349,7873
100908,3912
96196,10103
107677,21445
93603,23052
99861,14754
87456,15315
82484,13254
89252,14480
104243,20178
107181,30531
90446,4013
81412,16745
86732,13879
103972,9865
102586,9603
82466,13472
84937,16640
103038,15455
104111,19481
101111,13916
107812,12072
81483,17888
81303,18741
105370,14454
80504,28624
85839,12391
91560,17993
92722,42827
86115,17713
88062,19369
104876,17097
98777,15719
92504,20512
94025,11443
87253,15246
106668,30097
100007,10658
100956,15228
104055,13464
83761,8499
79429,18890
104731,20911
104125,11569
95628,23532
80913,27245
85196,13669
102697,11732
98587,6130
106771,18740
90889,12882
99697,8644
101404,8271
96283,10049
83072,8570
84053,9403
92435,19042
99445,11742
94604,33462
105585,20404
106189,13863
108456,28084
107914,11622
105646,9995
99808,21008
101337,12978
94636,11207
100480,7668
104644,25966
96254,23340
105238,21502
99534,6199
85285,12525
82145,20296
79604,17332
92928,24567
82245,28129
100973,11654
76365,17378
79164,18222
75989,16447
96557,20569
95029,6322
107817,7212
98521,10427
103150,11853
95850,14212
102008,10043
106002,14166
106077,18937
83367,10741
97196,14510
76566,8197
104384,24761
80692,14820
101094,11158
81800,18445
86722,14617
100318,14184
104827,21659
98244,6526
94712,26489
98393,7452
80771,5301
86607,17483
80768,10801
96949,18611
87207,9850
84629,10386
76136,21653
76644,9185
107649,17082
90281,13507
108187,16065
92025,36327
99737,23164
90801,16720
100790,13237
102558,14422
98713,9419
103633,7959
101449,14655
81515,19338
98364,10411
83966,12496
99995,9784
99150,45454
86873,13736
83731,19448
80810,35901
94650,17570
82521,16302
100255,7414
80454,9250
105154,13487
79689,21524
86810,7055
82113,20613
85929,8178
77522,27042
103578,4646
102688,15013
90791,18163
94401,28222
76740,17995
81666,14953
100227,1298
85673,10572
108395,25699
100214,4820
95659,23986
80490,25265
88384,11639
107062,9030
105277,9262
79265,30128
84984,10674
77376,12136
77355,24312
86313,19753
99285,24200
98028,9226
77611,16148
90056,16301
84773,9764
99264,18961
100948,19625
82379,27267
85047,18072
104114,17857
107632,18820
93536,14405
81421,34262
104793,36763
88141,14945
102679,11188
81051,28927
101005,14966
97532,10000
102499,13397
89537,14007
93046,18777
79823,17035
98882,22943
97094,14493
82461,11221
86118,9783
89801,6889
83127,16387
107519,9918
82583,8444
103259,8573
81152,15174
106206,26216
96706,8903
88303,16789
94241,27827
95076,25743
107546,8565
78467,18804
98304,19524
95393,19514
98134,10994
104152,15543
76818,21636
84707,6582
87889,17103
104736,14455
87844,17592
88388,9073
83940,12653
99536,18529
83313,16707
89864,14674
106944,18718
105635,7714
83110,9916
78937,39054
91724,20195
94886,18862
91449,18578
81745,29116
93405,14903
99402,3078
94317,13716
78503,20459
87111,16233
108538,14501
90689,7699
84402,17761
80890,19776
101682,7016
81874,11277
84259,4756
96616,14385
106173,6821
102534,8071
81629,56689
104910,12691
92100,28291
98454,9846
81880,21806
83346,11898
95335,23182
106693,24379
107432,10010
82694,11344
100199,10830
107361,22873
88659,10140
84237,5454
83666,9793
104468,28814
95495,14968
84298,17712
108427,14095
88238,16988
103836,14195
87394,10483
77799,16521
97905,9124
101142,15805
103274,6405
88302,13207
76533,12705
80080,34527
105134,12012
100792,7780
81408,18040
80410,17754
86355,12393
100954,6592
93799,18093
100810,8005
80379,15946
107796,20907
94046,15707
99931,16700
85890,3313
106923,13934
98319,12510
94853,19112
91069,54076
78790,6991
92697,25210
94765,30837
102150,8545
105768,9464
81755,19952
96933,10076
92136,52489
96082,7516
108457,16086
95142,25595
85688,19029
86672,13458
107583,10943
93369,25977
97637,11364
80868,15553
102315,7898
108428,16337
99478,11742
98906,6697
96394,9527
106032,16552
76121,19035
92642,18377
94725,19296
84528,15840
104492,11823
98456,24517
102089,10304
105274,4706
91436,30103
99127,4333
80416,17021
83419,7761
76209,19995
91874,14967
107892,13586
86727,12437
83096,6493
107036,17205
86096,8394
89684,8781
105301,11097
79056,15588
103508,15556
102651,11700
76605,17491
99170,5804
94850,13865
78638,11682
106031,16816
104955,12139
101565,10490
105886,26520
86499,12435
91809,37633
86033,9115
90761,16730
104168,27841
88048,15745
106343,28946
96568,9383
90082,33974
85659,8590
102950,10227
96231,9709
101781,15360
103210,7342
95174,4004
105594,20472
107809,22904
81222,33243
84506,19786
83399,13199
88318,22288
106235,22532
83952,11211
103610,11680
107273,18095
102134,15455
77708,27186
99754,12958
103372,12208
90457,8141
80228,10553
105630,18073
78448,24315
86729,10112
108510,12276
79686,31195
82677,16916
94161,23852
93064,14836
103595,4004
107257,6800
81162,32593
106410,10122
97829,22234
92429,21620
90183,16185
83816,17248
88613,9808
90025,7845
89004,6732
107997,18047
97458,15949
82737,9666
101739,11393
86766,14265
77098,15242
93598,21367
108115,11906
107653,29059
94706,21506
105344,9721
87516,7598
98959,6773
104557,9399
99137,6175
102126,5338
104455,12376
104278,11233
80331,22932
90087,19165
93700,29302
108517,13265
97373,19755
83394,18989
100989,10753
82625,15392
93457,12206
103186,10193
85133,11992
101198,6416
102095,7378
99684,7470
83595,14370
76960,37311
103015,6215
91987,43059
78825,26051
87668,17963
84826,18134
92309,11728
90969,18896
92987,15948
105317,17226
93606,23533
95536,45225
92839,16873
102133,11025
105225,20409
85627,9744
79013,52864
92008,28749
80983,19757
106475,25762
99357,12309
79246,23387
83200,7750
79656,21727
99031,25083
82780,16225
88310,11110
98056,24225
77289,19761
105503,14970
79198,33819
93429,26569
97172,12621
105958,20033
103180,2654
85825,9003
81725,32256
86590,15181
92366,30479
80589,71843
95454,18028
104525,7521
107646,7912
99226,9170
77273,20428
99642,11961
91195,24868
98641,21347
107724,25909
89646,29091
85873,14719
81468,33975
97648,7379
85573,10985
102394,4554
77771,21297
88122,14004
85640,14305
97560,6011
100584,5677
97404,13227
82414,10502
84609,11941
100462,10304
91573,16656
94716,19013
107560,25973
79627,18294
83025,12891
91918,9333
87344,13504
91683,29613
77259,13327
95887,21262
96802,14896
103965,5870
78110,9529
99144,9466
86801,11270
88181,7440
88262,18572
85846,19679
97896,14044
92462,51493
99668,21305
89440,8117
82867,26686
85857,11250
79583,30353
103090,9296
104184,30814
100921,10509
83124,14175
93320,22914
81985,26396
89618,18036
90086,8256
80855,29550
105114,10455
92497,23712
89049,9772
88584,21065
88019,15532
80119,21297
84879,20592
99293,11493
82515,16506
97600,19269
103737,13348
102387,15538
80404,32188
105785,43914
76379,21013
100569,14526
101553,10114
105803,8769
89151,8725
102960,7248
103094,8262
92146,10773
97802,10781
102939,10773
101492,10582
84207,10045
86995,13359
90024,22279
87536,8930
103571,7810
87529,11062
96756,20750
92326,18247
97609,6555
75984,16735
80733,33690
77150,11507
102496,7545
86666,16810
78836,11513
82444,9646
104414,23668
98585,7808
85191,7315
88013,9892
78962,21039
101510,15173
103438,11543
99474,10902
87180,16541
82983,22991
87503,9406
90410,21304
98416,8901
104117,10984
84900,7126
88565,19505
93797,19655
108131,44557
78848,16735
88151,13050
85081,11137
78163,9672
106580,12870
104638,10183
103696,11540
99589,6999
79699,13946
95129,27041
102173,13391
92811,23578
84986,7994
84162,16192
77340,25152
79685,30168
81423,24845
93745,19986
101399,10120
91611,23494
76973,11897
83734,22387
79526,20209
80087,6521
102186,14182
77640,27864
105138,15868
79146,30154
91713,13057
104230,24468
101896,5952
107587,30261
76461,31431
95587,30097
96185,11592
103181,10104
107643,25029
88948,9571
97565,25114
83821,11419
103781,7359
81677,53927
107975,18581
84106,10080
93060,45462
81078,30368
106748,19498
79264,62089
84098,10076
87838,23098
102957,13260
89353,10966
85492,11497
107957,27232
89938,13700
90260,8308
89571,11766
106963,10472
97266,10959
80413,15588
86028,10870
93343,27444
105232,7950
107755,9887
107326,12718
107571,9554
100062,9637
91477,27305
104598,8720
98614,9043
104034,27885
98446,9062
103023,5991
91550,22646
81211,17905
90619,10959
91525,35336
104422,21211
93555,22600
88346,10320
102067,6389
107051,19885
89642,16954
83492,14908
99169,14019
85964,8847
85179,12042
100677,3210
85529,12279
86198,13065
99532,6586
80443,32034
93248,21398
86958,12878
77942,26322
88568,16781
81730,55784
98884,8665
82267,16878
88088,11305
89578,21357
83568,29088
85083,7998
79222,17186
82543,10722
82611,2511
99708,19010
97699,6424
91371,25709
101757,5913
104417,11401
99830,9536
88477,17088
104614,14434
76098,28908
92143,17294
81343,27789
77212,25762
78262,50893
95097,27399
84440,10211
96942,18869
101584,9884
77202,8067
85173,19480
82953,16484
81151,23101
104377,16289
86697,1279
96650,12353
77031,18934
82235,41932
91333,14760
103393,12590
76254,16417
101592,12728
101865,9605
90819,14406
76941,10656
91974,16196
102930,12873
96310,19695
77912,22826
108119,13598
93631,16081
76592,19048
94282,33693
77715,24963
93747,19004
94560,31172
90108,16103
102128,7405
85820,15930
79541,12827
102901,13315
102761,10120
91536,20846
82089,13488
108489,8786
98409,7637
79151,13484
95549,18857
85472,7106
82072,22852
99386,12799
92932,28277
86525,18769
99013,8760
99472,5745
89967,8307
106604,25439
91608,14794
82249,28604
85445,18073
106905,21144
89122,15872
87056,14800
98254,7133
81697,28209
102542,11516
86804,11510
92626,49433
76602,52591
87943,12302
95438,19696
95823,17540
82403,76579
79347,21958
99419,13650
88561,9002
104572,6350
108507,24009
97900,7282
89733,14495
86211,6927
96713,16058
107123,15856
78086,18391
100576,14155
102589,16307
104477,29726
103487,14297
79189,13308
89098,16228
79787,30325
84294,18505
79128,17678
90269,8510
78251,23246
80572,10446
75986,47213
77619,31352
105025,16324
93882,25413
78338,23077
80621,23832
103601,4111
88170,16295
102889,12820
76347,22614
106080,6087
98834,19586
76498,31872
85104,8376
87534,10371
89883,5322
88738,4243
99252,20286
102696,10791
95948,22465
105438,28184
103463,10542
100261,9413
95315,21963
104172,21401
76502,34675
91569,27773
96071,12677
105936,17055
97089,16593
85434,15966
88446,10713
93751,28438
105399,13804
88174,32151
88555,8187
102346,12899
87144,10596
101990,9978
102931,9964
108317,12660
87976,9418
97988,10563
101822,10783
82536,14888
80676,31269
91255,10164
94069,16425
91894,25341
108147,13111
76928,23304
82648,13713
79426,11498
101936,12839
107567,21309
88776,10937
91113,28124
84568,18710
78044,25288
76929,38650
102526,6013
92515,10750
90009,7713
82978,8062
104437,16592
101451,12984
76325,32467
89491,7509
98435,14069
92282,16644
82209,14663
88705,14107
104679,8578
84919,7526
89998,18380
103520,5190
106857,10484
108499,13192
78893,43334
100860,10711
91684,11921
80617,13965
76634,34858
92055,26165
83030,2699
86154,7112
96022,20266
100336,17317
92663,13984
102884,10555
80763,22389
78329,10270
87867,14204
104353,27142
94284,14794
107996,20532
95784,22321
101298,16996
95995,19056
102718,6581
93623,27764
89585,16871
77533,22239
107550,14482
87760,16042
86299,3779
83152,11586
91322,31612
91286,8312
89231,16276
80082,8797
105518,9634
100224,12132
97261,12198
99651,27884
76487,10722
76867,26005
84574,12035
92378,44639
103934,10720
108445,8787
76872,21530
76180,47151
106906,9508
76431,18465
102603,10106
78403,15088
100799,7319
104755,14682
89602,25527
101656,7295
79362,15398
102262,14106
79884,16413
97740,26825
101264,7512
76525,11248
101988,16079
102819,20136
95501,20026
82890,13441
94413,18520
77898,27713
92991,22429
82055,9619
100865,12888
107388,13257
94252,22391
105973,8049
100976,15961
106212,25643
76078,8431
79014,16505
104787,10290
92342,24355
86334,9373
94066,10251
76062,9840
99371,14401
91498,19103
86406,18575
95531,32983
93274,9672
100190,15798
90424,21081
99089,12039
94306,15756
88209,7881
90029,8718
103397,7983
82341,27976
92358,28406
100389,11117
104886,23803
98404,9942
85100,16590
84878,18955
78693,30670
91992,56997
105754,8591
89594,16396
84756,5111
91795,60640
108235,11136
95474,24299
103485,8857
107700,9528
86613,13100
85741,8540
89372,10505
79735,27453
76186,14206
93135,29127
108107,7178
95853,30655
106625,24722
94400,17238
84893,13572
97777,23372
82127,27771
102116,15253
84330,20193
105251,22863
104115,9720
93746,16039
104982,19008
105988,8998
102562,2887
100822,11425
104409,26799
80140,15593
103317,9963
96145,9250
105732,26268
100943,11213
92940,13852
108400,2386
108512,12653
92473,49293
99001,9907
81082,22778
108460,13251
108169,11621
106864,20829
84685,19852
77736,29934
94232,28047
89520,2850
104514,18549
87509,11809
102802,9678
91042,29393
79197,31924
76499,15099
100082,9792
91224,24517
95303,13765
96830,13196
88064,13970
81628,9871
84857,8195
82032,21227
93316,23107
104993,20553
82315,19124
95990,53451
89970,12094
93407,19256
84755,14282
84684,16294
79353,37687
79649,52787
81749,27298
107002,6544
82546,18189
97536,15086
77580,30814
95967,19759
108150,6777
98992,8079
108536,9345
102358,6423
91856,25744
93148,26370
84957,14500
95413,13071
102404,11428
91495,18605
77953,22946
87398,7866
95955,16681
93290,15804
88128,9768
88830,18757
83397,11966
81599,33004
106055,7015
77655,17231
92106,28617
96536,12907
104575,14745
105513,7883
92308,17552
82419,14117
96473,13247
76961,31160
104060,39344
91056,20419
87618,17097
95253,31193
96135,10050
98015,7674
87695,11135
79066,14575
95512,37374
89234,17330
89971,10885
103750,11330
94180,31105
107947,20656
93455,75030
86369,16489
78817,19822
85051,7639
79315,64330
92395,26724
82513,13413
107728,7293
90261,12633
101064,13626
79329,20128
88998,11324
102002,8948
87718,10566
87774,20368
105214,12992
103055,9952
103543,14753
104548,6196
90387,9234
83786,16978
108102,13744
101455,9590
100577,16605
97483,10354
103056,11606
78401,11074
97400,10985
97703,12653
101311,9000
87912,10844
97168,9048
100833,14918
93043,26416
80772,20857
99794,5710
78326,9944
98710,9119
92351,20014
87356,6174
96926,33213
100570,8319
95109,22473
85050,7609
84046,20429
101466,15087
90832,17450
93397,32264
107778,13659
106710,23077
83464,7074
93622,15577
88744,17433
107378,20248
83032,10503
89480,31088
92634,26142
81057,9037
102633,20999
101794,9466
78355,12449
76544,55255
77408,12989
104451,32108
89254,17615
85412,17231
97709,8920
105230,24127
87691,11318
90722,9569
86679,14050
81418,27887
76980,17711
105319,13944
80516,15421
88960,9195
82982,10247
105004,24441
78037,38322
105901,21013
77109,13815
85855,11407
107355,31280
106193,10178
97700,22125
86150,9339
76267,35655
102096,15386
102561,13604
101137,13202
92050,69704
103878,9577
94760,22344
102678,10206
79971,24683
85739,15761
79714,19866
87673,17492
107304,19703
78692,30771
107274,9474
88686,6228
90843,13166
97507,7907
92343,48638
78781,13307
84990,20490
92913,35603
92079,42710
98507,8122
97152,21480
78442,24830
79711,12861
96643,9618
105000,7881
89454,5675
102265,15455
94961,29225
76335,17565
82897,10461
94061,26731
90661,7338
78112,28042
95596,17529
94740,35717
83287,3869
96668,13436
101834,17599
77285,34227
102545,14200
96287,18890
82156,73473
87276,11605
77564,19477
105991,7515
107570,18770
94519,31634
78369,40667
92674,9961
90532,21811
85489,7392
103660,9282
81206,15512
106764,26519
97425,12512
96393,23089
84960,10853
78993,35342
85876,15518
103936,11238
84201,6358
105098,27990
85078,15311
89886,13864
81268,43399
79945,15282
97727,8442
90636,7216
80106,9792
76947,13883
83264,15837
101532,6679
91558,30966
93311,15559
101967,7093
85725,5530
104684,21828
89747,13214
105165,17415
104814,16636
101904,9157
99238,11974
80989,25336
93575,13916
101536,10197
86847,8370
99847,9922
89212,6983
93997,20453
93647,27675
87846,10696
93737,23171
77906,24895
80648,31206
102925,7397
103709,13181
86195,13239
76865,11718
83260,17350
97233,24095
104618,23339
83879,7446
104804,8947
100551,10618
90524,20348
99669,19739
102658,8172
101398,6239
103286,11025
94823,33632
83630,11473
86079,6982
102145,7634
94270,42430
105688,27284
87335,17526
89805,14354
95093,26715
76699,17205
83187,18419
84218,6410
94153,16502
91849,15786
96202,13991
90172,14255
98759,9147
86718,7414
103349,10257
93293,47837
94622,35639
93181,20713
104870,11534
83247,8413
87566,10287
77362,21040
79537,19467
85049,14601
81402,16894
108341,14558
92193,24924
100184,16384
106252,9012
98047,11888
105416,10460
90872,29752
100235,10020
91485,22206
90534,21622
77841,16093
105730,12475
84175,12977
103964,8570
105970,56011
99843,7527
102012,10787
76779,27164
80778,21135
106638,15303
88233,13088
102657,23985
107180,29317
108468,15617
86399,10884
85128,21972
99868,4878
100413,11648
91125,21118
80467,30898
78605,12271
90259,14198
106759,10484
101253,8782
100980,7401
83805,10639
96745,7344
90242,15588
76118,26055
98824,7967
78006,21850
100924,14250
77138,82762
87665,10576
78023,14291
96117,21968
86789,8356
88649,16434
96792,8261
79403,22558
100547,7523
106529,12547
83042,11369
80334,18161
86589,7881
101811,11789
94128,17247
95868,7493
76244,31604
88957,18958
108503,17954
84409,8860
104962,27054
105121,8198
94389,14386
105602,16015
88289,9500
108168,19422
84978,19541
108011,11087
79783,11654
89892,23644
91748,25068
105942,12174
106893,17358
85969,11357
105403,14352
80319,28377
103010,4192
76518,27123
95598,15042
101287,14814
84475,15839
87686,13617
91202,23350
85296,17022
89710,10164
108409,13550
104660,12196
91493,15259
103318,9242
83537,10835
93277,18375
91290,15900
107127,12304
87752,11032
82613,15389
104508,9286
100051,9585
84203,17080
88624,12212
99483,7087
96635,28084
78956,15822
105839,22498
92487,20813
89382,10594
100337,7164
78640,34891
99495,6972
95580,41264
85347,16701
100050,13644
97749,12225
76587,30537
95918,32618
93823,33695
80470,26217
95399,94154
101483,7881
94776,26704
97442,5959
79267,25744
82710,12584
77473,18691
105371,12992
84991,14186
93878,25890
107126,17327
90996,7552
87095,9709
80205,16683
100043,9838
84793,16180
80403,13181
88018,12344
92747,27582
104894,12774
108319,37139
99481,30944
98270,10973
88155,18469
84565,18622
80779,47058
105684,21847
106855,15026
103908,7882
100595,10688
89822,18996
100401,11259
101037,9302
96350,17682
104191,17895
87891,11604
97744,17197
105757,22370
98966,12585
91869,9832
81292,16637
108284,23330
83092,10264
78394,21578
97961,12587
77723,37034
87317,8445
95065,39025
88227,9876
108087,8925
76311,10538
100764,8295
87828,11494
77314,13937
107860,12418
100339,6040
106165,6003
104443,12107
79613,31594
92686,24833
97493,17496
78977,34569
82933,14692
80063,24332
92287,20215
103664,11561
102185,16095
94679,15914
99024,7859
99366,8977
96554,9306
95906,24937
85623,12429
84336,17785
96560,14937
107448,7495
104118,18936
88391,8129
100327,13990
89323,6587
106925,23852
98542,8964
93996,22360
85103,11336
76033,24118
77213,20540
98117,21491
81109,34209
78316,23242
91021,27249
78093,12132
77497,13296
83590,13048
76126,21457
90509,1946
76454,22625
82095,32312
88625,14445
100031,7956
99458,8077
88085,10698
91823,18606
77735,26615
91799,6850
91480,8728
84915,13954
83688,10724
102334,8691
97765,10836
99836,13808
98569,18683
105050,23596
80826,15068
78684,12059
99123,8864
96507,11615
104742,22491
93690,18383
107606,14269
87019,18542
100735,9362
101685,7522
82792,11879
100036,8119
102607,7447
97772,16861
96207,16703
100697,7905
96481,21931
89054,15883
97847,21976
87528,10676
97145,5900
95223,44251
104325,13444
93743,16324
81914,6895
79040,25618
107030,16330
106244,28800
79602,25881
107684,7224
105346,23215
100000,15567
79001,10277
78942,25760
87637,10685
102257,9547
103502,8139
84619,6003
91129,22724
98493,13948
107108,30343
101158,6755
80236,17799
105375,12555
93002,29076
91619,19817
83965,14426
94431,43500
104601,9198
92698,30988
84014,9144
91961,28433
77595,54900
88848,21765
106046,13840
99498,9388
98153,6844
83157,9005
107475,12041
100589,13444
81448,14953
102638,6715
104473,26119
102724,5622
99338,8934
92431,10773
84969,10268
108426,2042
103206,15964
87345,8463
102625,15864
84606,13266
99166,7852
94408,21730
94898,20078
93658,32545
98234,15301
99725,11687
103979,13415
77277,21830
84401,10362
80006,29593
78572,15719
88781,11385
78546,16190
103829,18966
79159,54931
104502,11279
95125,26321
80804,15106
96580,25361
92059,17822
100530,18846
78079,26938
95036,14952
91490,18769
103310,15448
88853,14789
105948,8944
93744,20408
108518,48019
107733,21032
106813,9719
98343,12808
83056,7886
105721,22089
89165,7452
106402,12292
77252,49327
89194,8570
76777,14719
90569,13959
93912,8816
96848,5278
87355,7081
80539,34215
105351,14634
108019,6363
91331,16774
80814,11402
95951,22697
98392,9223
99209,19269
86085,9479
84678,7721
96534,13617
93665,27969
89832,11823
85079,10663
79425,10707
96052,4931
96599,9878
103705,18379
78171,30829
92005,20814
101323,13841
80398,17618
82123,16792
90262,6341
93300,15624
76795,16928
91043,24954
97362,14102
98969,8008
104826,13281
84329,6373
97976,11970
96904,5138
88148,12646
94895,14556
91122,29587
108145,14579
85476,15863
97564,14708
107770,41536
106947,23062
89548,14663
79027,16566
96032,19730
100133,9643
83191,8914
82695,12688
79273,50111
95667,15550
99578,15706
84492,11673
92353,15440
106435,15568
86655,15522
106651,11725
90268,8286
98311,12419
86971,7889
88573,14509
93189,17687
87244,12777
108207,7392
95819,47181
105846,28280
102372,7601
83616,11165
92411,24845
90395,12737
104613,15945
95808,26370
98662,12376
86066,12162
77454,14682
80846,17283
89060,7360
91975,14276
84011,10709
88315,12878
95692,28414
98373,8587
97283,24079
101495,7446
81770,15074
87458,15599
102710,15398
81205,30200
97440,12713
82618,7353
104838,7433
103606,13442
91507,54267
81463,14112
76741,38739
94422,20750
99543,9043
104044,19438
83284,10050
100834,15201
108440,10191
96881,7229
103925,10295
102881,13837
78690,22665
78052,24758
103938,12399
101271,9168
76924,20371
100415,10867
78455,22208
102811,5108
85154,13815
103761,7286
77732,17231
85957,15671
96779,21090
99061,11788
106028,21021
85889,21652
97539,8585
100890,14927
96058,15312
80216,18097
93045,21439
95789,15283
89368,10738
80917,19868
93323,27477
103669,14981
81561,17468
92214,30394
86368,13266
95070,19432
80730,14929
105647,18037
104707,27188
80353,19488
98677,27070
89445,9263
98332,8223
95929,13156
88970,17612
81272,15714
77963,16643
88285,18508
88924,11916
93562,30366
89463,6059
105407,14236
80944,35680
108099,26129
89199,6394
82756,15671
79573,13965
98847,10614
100966,8162
108500,25047
103830,11723
84043,9938
84550,11501
83946,8521
86287,10576
77598,17329
92893,17382
106936,15936
101123,9931
83943,10288
89197,12869
80185,52205
82429,16431
95864,24808
100750,16124
85497,6241
99469,16011
87667,7607
78681,50067
106579,15682
97388,8563
82487,11247
80635,20786
96378,8969
77827,29404
79045,33657
95229,19420
95387,16557
101754,6634
90728,8331
77618,28277
79390,38603
79449,17178
107826,21461
87026,12297
77765,18951
89691,15019
91087,14670
79770,28557
79341,33538
87532,14311
104082,10040
83169,6995
107978,26964
97466,10757
98381,19059
87614,15210
84768,11724
103605,6081
107420,10317
76099,45151
81932,11516
96233,10935
103484,8897
89608,14746
91316,19924
80424,12897
83120,9629
95888,20550
103279,12188
76800,12772
102188,14249
100147,5877
107959,21145
93341,16849
87446,12841
103554,7932
83756,6280
86353,9521
107874,21725
78416,17029
100911,11974
86514,10148
92702,30945
76787,19365
98523,24326
88972,19805
87370,15820
107060,9725
108186,12811
90126,16285
103874,5920
88271,10290
81752,15832
78089,46413
102383,12952
76766,33696
86120,10897
82871,20566
78647,29259
92451,15869
91743,22194
96582,11991
79729,19064
78864,25457
94728,23389
90355,7753
103777,13990
96076,4857
79201,28530
106707,15675
83836,9738
82332,33437
106545,31190
107268,24761
105459,7381
99683,13746
98385,15883
103402,9155
89402,13114
87077,7018
94222,21867
89919,6633
80585,27405
102406,4738
95002,15016
78216,19530
81346,19984
78309,18862
93307,20277
87233,3370
77093,9718
86762,7053
94561,14809
76392,78575
76895,29342
85419,13627
101026,13905
102584,7363
81381,29926
81761,51764
98099,9941
91347,14663
100024,7593
97924,11968
100492,11172
93559,23588
103175,11774
98122,13630
84362,9428
77943,20448
87275,11931
79991,12701
102700,10672
79660,44066
105465,20323
94354,31304
96390,8014
88763,37255
87219,18828
77221,26960
78165,11199
95069,23330
85157,12679
94547,12884
80643,14468
97499,8554
81957,25551
82538,11144
83777,22480
87927,14273
82916,17556
104146,12514
105260,9684
85483,14102
102412,16005
86508,8186
102998,11816
94493,37906
93422,19599
90033,10185
92957,20718
96584,13710
103170,12385
83550,17425
76050,12639
99903,10007
95255,36301
106697,25792
91497,30523
97177,8741
101863,10425
99298,7331
106496,3266
98770,25273
101801,11433
85037,13509
104399,18145
83980,3958
97825,17600
81924,22955
104192,9666
87130,8328
79364,14660
81388,11266
94917,18342
102119,9992
84135,11720
94992,24950
81229,19775
79503,18789
84540,13622
77881,7739
104978,2552
107373,15875
76208,14685
88192,18659
107010,46567
93961,47294
83957,19631
85283,7678
104226,6668
79463,15102
102587,13185
90204,3095
103507,12058
94351,30004
95181,13893
107410,20813
86541,17790
106281,21651
77315,10984
84485,8434
77592,11030
104262,26914
81260,24719
94417,54145
83014,13915
78192,20563
85838,9808
98395,23000
92617,20570
107538,8943
102588,10751
88950,11626
101450,8885
96101,12692
90567,12999
94383,31250
82961,3772
96591,7755
77890,21727
77801,16293
85738,7577
88580,21713
88914,8462
82206,19549
107485,13590
105203,24022
82256,74824
80181,34287
88792,8515
92581,18764
101272,20381
102359,9867
85306,10117
106078,18942
82442,8728
106313,20194
107617,11203
89719,18557
91358,18781
89676,33492
86927,14901
76819,26153
96646,8529
81533,39587
89207,12906
90282,6773
94908,26288
89890,9051
103477,13653
76090,19996
84810,5882
98323,11085
100552,12105
104719,10344
90016,15386
84632,7142
99846,7606
92362,24027
81315,12901
85084,18067
86760,10527
80297,17624
93420,24859
78563,20637
100791,12157
89019,6985
101709,9162
103419,7291
96092,19907
89891,6515
86562,12295
95874,25080
99343,12087
87586,7762
103112,9429
82740,10218
81595,34465
77578,6979
94090,18694
102873,8845
103258,13075
107497,7895
101861,9120
103997,24378
79785,16191
90250,6584
93233,31632
86527,12362
86140,6157
104063,8916
77734,21197
91652,19270
97758,9503
95096,16332
106186,9720
107960,21770
78445,22598
91886,22853
82711,9466
99248,9035
91701,16514
88172,9644
83916,13619
88883,11978
90342,14521
102042,9316
96563,8035
82344,20231
102707,12932
101718,12174
102705,7750
92589,28190
84231,11982
83534,8089
85768,8986
82141,10843
87448,12969
79569,6805
82261,10712
80605,13515
91120,11049
92482,20209
99998,10763
82202,21336
105899,16073
93653,16668
94333,14006
107717,14044
107655,9601
86240,15710
88745,15387
81723,36504
84125,13978
89476,14992
79059,37579
77879,13420
82855,12568
108513,32315
83646,6915
95702,33705
84145,10455
107629,25060
81843,10219
98863,9386
95154,26053
93275,32123
94003,20935
81095,16846
81099,10204
105527,12392
89596,9569
91007,24236
80594,15343
82782,10868
92721,18602
91718,24420
87452,12319
78098,7291
84123,9096
104672,13197
105118,10706
84690,13673
88986,10306
76028,24222
92995,16869
76275,32897
103315,5467
98168,18539
93633,15117
90151,7624
105269,28882
102604,2357
89541,7959
105694,30724
80405,29670
96001,15654
96500,8096
95235,17186
88367,21345
98850,13762
105724,21971
86451,11527
86426,12707
81213,43011
98547,18592
86461,6529
99294,22854
99597,11216
92255,10151
90097,21785
102302,12263
105746,9986
86133,25073
94950,54694
103666,7669
94750,19718
92880,24827
82349,18090
107337,18674
82954,6819
89689,17472
99034,12118
79873,13646
107966,21666
88864,13545
97942,25798
97481,8894
100313,9311
99927,6022
87287,8871
99134,23031
104705,16147
86134,20965
93028,25287
80161,21282
76639,23315
79239,21323
94244,19845
103815,8614
84445,15764
85884,8920
103496,10682
88620,17693
101448,6929
100044,7776
98388,15084
87610,9884
82063,24154
82211,38276
91156,14694
83323,8205
100187,9077
93117,23656
82227,33180
94263,14518
88207,9255
87988,16481
104687,20572
79791,46977
82242,21288
80273,13337
81542,26923
90361,14386
83914,18868
103142,10511
80137,33544
103580,14864
98328,9055
95936,34232
95189,26678
97806,22083
95829,10757
98684,21032
92494,20540
83016,19816
80865,17188
94537,19916
86293,12084
100087,6084
95534,17392
80827,28777
80610,12656
97472,5945
85523,7210
100005,7453
96618,32214
104893,9893
93688,37361
86182,13418
105091,20808
103031,10358
99359,7484
101907,17088
82914,13087
83990,15793
98598,19767
85494,9215
82922,10096
82854,11262
89024,19646
91754,26406
102699,4055
96887,15220
102671,11724
80646,22273
88146,12050
82969,16652
77225,16820
87443,7036
91227,13879
95731,16752
95171,20525
97076,17464
98901,10147
86013,8580
80831,22731
100258,9434
103586,15664
84553,14875
84400,13773
93434,43564
86149,7141
80336,22923
104511,20415
93127,20503
86330,10697
105082,11898
101222,13916
92606,20950
90462,10408
102123,13098
83212,11118
90403,14436
79392,25399
102630,15737
85988,8674
107908,20717
80949,17336
80517,13326
97922,12995
100296,8882
93073,20530
97137,7769
88311,9507
78021,15500
81970,22063
98957,6944
99602,18726
91417,13374
89429,13624
96535,17179
80782,57769
86889,19002
79609,21167
99497,11030
99547,26318
93817,3508
91079,33230
81962,13405
85833,8320
103305,8523
94357,17395
88736,9091
105162,17403
91131,22538
84148,6970
76377,20360
76357,26348
84675,15809
83239,29872
86317,8074
93990,27517
96357,8932
89745,21609
97141,20311
82911,18259
82943,7336
96282,4443
105885,20695
80131,41253
99806,21407
105497,24971
106447,19785
107746,19061
89523,12581
84388,13562
78166,31476
103685,8394
105018,9415
102373,3812
76988,20336
81097,22537
105521,23554
99775,12589
99766,9476
101346,7876
95228,3321
75982,26298
107142,6225
86109,13947
94195,19054
80777,35261
92612,27570
99383,9473
81686,20218
88650,10143
95681,14102
100071,9674
77554,34998
103505,3917
93281,19631
107444,17920
78752,22439
103057,13226
100248,12607
98489,11209
89189,16257
81293,15402
83285,9522
99459,13975
90810,7051
82015,15142
96132,17077
80808,67016
104685,16767
80937,18648
103328,9444
76512,19381
83456,13557
95102,37624
79692,23480
107807,4022
99176,12117
89632,10352
85310,17642
105676,15923
96825,5808
76640,10484
99932,17126
103568,13395
100906,10959
97420,14078
86996,16135
86948,10984
77326,25529
89296,13863
83087,7710
100477,9663
84635,10506
95060,30437
79303,27478
84026,8870
87802,10913
85561,9130
95941,15131
107662,21203
105811,8782
81618,15437
95733,26169
93613,14416
82163,6639
91734,26878
87677,2185
89816,6717
106327,9162
101799,10155
106344,9621
97705,25804
86976,19278
104847,19751
103833,6237
103482,9531
96532,13972
105817,11793
80883,15779
77825,50301
98673,9322
107364,7140
88945,6495
108307,16387
78078,30315
92490,43294
89401,11744
81002,18040
93285,20373
76796,29828
99933,3069
103989,8634
77504,17312
77187,14834
76477,10810
104834,11735
90656,19677
86161,9095
82503,18190
95429,23286
86123,21865
85549,9794
101443,9623
89089,10799
101004,9500
98976,11532
106328,45875
101630,4476
79682,13914
107885,24863
97206,6256
80721,30077
96625,25298
87687,14808
91458,25389
104683,11204
104151,9767
108346,31848
101262,9581
96543,15554
102763,7871
81274,12572
95280,11131
82561,13893
77783,15573
95843,31029
99776,6124
79114,32616
102376,13231
101704,12605
77297,20137
80285,38083
83467,6361
101059,9850
102229,12182
84664,13974
107750,19846
102405,9907
85553,9321
89780,32557
104268,10147
102935,6939
97898,11943
103785,5282
98529,21278
93897,11105
101766,11182
95038,15264
108350,17688
103542,10120
106061,41775
82286,21217
93548,32321
89937,10362
97650,18180
77515,32303
87466,15687
87489,14237
83029,6959
78512,47752
93310,20863
99598,10303
91341,16290
82704,8979
80819,4676
82774,10821
100367,7507
80303,14913
84897,10717
81307,35162
99687,9085
85321,13551
80702,12429
103843,8539
98898,6733
87147,11777
97662,8613
97518,13184
100217,4884
94513,27845
77035,12446
103165,7496
77140,16678
103771,13040
95993,22546
83624,15980
97945,9417
87103,6622
107640,12892
99549,10806
80464,17277
99623,12807
103689,16305
97337,10607
84308,17455
81459,23554
104126,31202
97303,31360
95139,18091
93074,38173
102368,9778
78475,10806
80333,26841
80144,11907
100439,7563
108154,19363
107137,33194
92752,23314
89896,10484
90485,37217
83159,11865
76671,16425
96849,13487
93722,34984
107787,7571
90164,14559
84760,14955
90370,9384
88117,9299
89557,10219
98274,2316
97325,9450
78887,27665
90525,19911
86491,24327
81617,9398
96123,8337
79413,13992
88016,14509
104681,22493
83330,8086
99163,6705
102236,7998
78116,16779
81077,21026
81046,32792
93928,24658
96436,9372
93479,16538
92021,36105
95143,18472
90500,13037
78940,16852
94861,16610
81961,15109
87630,8902
101224,14085
103357,7140
99521,18476
103897,15812
76701,10146
83560,9707
83516,18607
76385,14848
87311,18007
102065,7898
81718,21179
100025,14333
93182,30687
79240,22525
96331,14211
84781,12021
100663,3309
76390,24190
87234,9893
85790,18679
91278,21682
92254,22361
99105,6328
101324,11990
104734,9823
103445,16923
103323,9040
78055,22675
101302,13070
103095,9591
88134,7094
79346,12900
81699,16257
96464,23341
86609,10706
96737,23747
100080,13219
93423,22639
79886,28952
89452,9903
81509,15446
83975,18244
81360,8329
98089,9186
104047,28036
78711,18420
81025,25697
79973,17950
102117,16059
78400,47812
87911,11326
82806,16308
102480,10434
94044,16409
76824,7827
104095,16783
98660,11052
101444,10846
92320,55455
105141,14865
106950,10562
81851,29485
100884,10913
95196,18449
103636,3443
80584,16854
92337,17266
85513,7729
85180,14225
103365,11558
85796,16426
78462,30515
87895,10347
99262,11457
83363,10087
103800,12981
78822,9236
107816,25279
90042,11479
99022,12857
81854,26769
102619,11696
80425,16012
102306,14677
99778,13943
105957,21869
102184,11672
105195,9805
98841,9915
78452,34788
98974,11830
86430,13136
87124,8381
105872,20737
108077,15908
103608,9896
89218,11420
106418,19797
94498,11835
89269,16131
87283,9878
97545,11145
85408,16085
104594,8871
103905,9319
95101,23278
83226,11030
89257,14490
79479,11431
77652,20458
96606,9365
95504,3295
84103,10443
102843,8659
99361,8672
91098,18986
92937,13625
85635,11593
105348,12166
96427,21238
89473,16926
79316,22295
89157,18679
92217,14315
99761,16993
88748,13093
96029,24843
92916,32046
81210,15567
83778,20021
89380,11348
103398,1592
92869,27663
105278,21341
77054,18472
94021,22046
85177,11315
77904,22823
99917,15398
77123,26794
95195,19757
81922,33450
84281,18882
101289,14572
108200,25765
90235,11154
81150,31875
104224,15495
90071,12451
93187,27273
84284,11959
97109,7918
102231,10300
108093,8874
108443,38782
92992,13870
80438,65447
104913,11528
82772,9621
83960,13064
83052,15779
82939,7404
91175,25246
80115,25145
99384,8367
101540,10817
76849,36057
97226,12692
97672,22377
97579,8574
92361,26782
91952,39961
79024,16839
98048,14930
95481,20477
90572,8506
91301,19831
103209,10057
78464,12946
91311,28664
105722,19498
96211,11267
105482,8138
80750,54918
85880,16679
106997,20442
99866,22324
107262,12656
98814,2899
98650,6280
93505,14947
103810,14743
92931,59314
96126,8676
104285,6553
96503,14606
76826,18874
102531,10206
86939,14194
98276,9557
89094,8562
89376,8069
101715,8083
98971,8316
98359,12598
101520,9809
86866,10351
80468,17995
84146,10569
82628,10822
88012,17137
78341,15337
104664,9339
80753,28628
88296,13897
100349,10547
95307,23643
97982,15293
99328,20879
84689,6877
86620,8540
105565,11804
94198,43263
81959,7811
92894,39091
95163,17972
81774,16591
97953,7111
83179,12955
83316,8775
88506,15366
83533,9916
84069,10693
103724,8142
76757,16775
88222,13812
77382,18606
86702,16272
92511,14966
100163,13482
78982,22104
94043,15938
87066,10284
79987,29818
83428,18343
88886,19176
79836,16842
95090,21494
77868,23404
81415,17146
76542,25288
99066,9899
98211,13032
77789,11139
102614,9839
100676,8972
95751,16148
95684,20998
108508,16455
82075,16058
78948,15819
93337,20813
86465,17463
76163,25640
101688,9612
97445,18739
76672,31192
108153,26577
92963,25230
88441,12355
76274,15100
107189,8220
79393,10634
94684,34897
77033,5712
106413,19618
90407,22846
86730,11022
79417,16602
93426,30961
86689,6217
94562,21090
101792,17249
99696,10791
84181,21453
83652,19343
87285,8261
105860,5281
80615,29369
100040,6877
88919,12428
84980,11818
83969,15225
103616,6090
105097,13601
81573,25988
85124,15786
82995,15514
106976,9852
97250,17322
91609,15069
92582,30135
106719,13155
95711,22317
81868,27534
86650,10012
84727,7673
79409,11169
90538,15946
90346,6979
94050,44307
82866,9421
93402,14376
95803,61879
88730,18413
84023,16861
85119,15521
80528,27933
103284,8486
87269,8493
80708,14283
96853,19252
77191,20487
89419,14772
106060,10767
98372,4544
102076,9502
79960,27958
97268,13694
101849,15455
96850,21119
99301,7094
81672,21112
100709,13534
104616,9405
89965,8571
93313,11789
104340,12897
103783,10558
78842,30977
87942,10953
96790,6562
97330,11077
90180,10112
78934,31308
90145,24207
78173,20152
92455,31023
81565,22100
78530,27955
103732,14611
91559,25437
100802,10865
104472,29597
96556,9307
85610,9496
81512,37271
94005,26335
88847,10555
105272,17522
88156,6998
102245,11888
103740,6478
98554,2127
82268,11803
80472,12666
77127,23431
94612,11118
91124,32614
85847,15414
95527,25353
83373,15978
86221,16582
83131,16109
104639,19749
108323,43391
95465,17421
96905,18078
104272,16634
90562,16894
81396,31069
107589,15608
78022,16285
89141,25310
87808,12105
92344,16378
85181,15763
101172,5481
107038,13954
108214,47217
90048,8732
92619,23097
106279,12980
103918,12406
96418,29398
97891,12143
90459,8298
90230,17807
82589,15519
84093,7121
84128,17773
77775,21680
80709,14430
87084,16456
78358,27438
99051,7105
81732,12917
94316,37906
95333,26077
84653,8117
94200,22347
77707,26055
78884,9695
87384,13825
84311,11300
106179,6216
77959,48744
101918,11886
82519,13969
90216,5656
99455,9157
78784,31641
93016,19704
102343,7210
91681,30418
94868,15311
87562,7383
96639,18235
85312,19551
103821,6504
101157,14711
98644,8303
91060,21481
87747,12243
77903,22350
99482,18525
76170,17333
83750,17681
95288,12390
83977,19321
78300,23300
80362,7641
101315,12331
88661,6020
96575,27078
87420,16125
76175,9613
95867,26002
80904,34084
106939,14176
97892,10156
102282,16170
81764,18852
103326,12176
94064,24485
97529,21714
97606,7034
89922,20423
104023,12630
98885,7935
83365,12120
81828,39063
100521,11073
76827,8111
89850,8680
90528,13141
80710,26542
104646,12963
102709,10790
93055,18481
103701,18769
103548,8264
96053,8414
77609,29899
99637,12503
99911,14923
87622,13453
95938,16101
93648,17327
105208,19818
82558,25522
89781,20236
94210,46917
97589,25464
96120,14538
79277,27725
93852,26046
106276,13827
104292,22083
103994,12908
83967,14560
77971,21555
76636,25093
105328,12307
89518,8446
107941,12296
79721,22456
96770,9530
105293,8700
81503,42516
97932,12386
101258,9437
83499,7751
85447,11497
98221,9640
105617,23646
103224,7447
82749,4875
104578,17361
77279,31146
106045,24568
106053,10317
99749,14020
102786,14663
87467,11126
97949,9045
91680,26433
86203,17401
102078,6722
94020,22677
97807,12635
86146,11916
92130,26214
108463,13744
79600,25308
89904,10370
105696,12346
105440,11332
78666,24380
87225,7341
92285,31267
85762,7851
107249,7475
86894,8160
86790,21015
98272,13655
95514,15824
103863,12667
85887,10662
92171,18851
105828,19499
99025,6261
77032,7326
96993,18016
95599,14328
77651,37893
99249,6605
82347,29755
83547,14765
90793,8486
94114,2746
98376,15119
88356,13377
97473,9153
84728,15310
99765,9384
95147,26329
93220,25268
91907,29751
100215,8463
93841,31922
99392,10327
100078,10359
98334,39008
97491,10293
76179,13574
96845,18635
99295,13170
101419,5890
88658,15211
82883,19548
76475,10779
99742,19014
93385,30501
96197,7692
103239,13458
89746,15171
84083,17137
90921,37014
81029,39684
85735,15145
100511,7127
86938,10096
106540,12306
95088,19774
106791,24486
101353,5672
90012,7374
87810,9891
78427,25279
105147,22430
99572,19267
95461,35537
91238,24835
89040,20926
106508,14903
84365,8711
98635,14152
95456,27296
82157,21954
107710,10250
102827,8974
79534,24138
81865,26774
88639,11157
106981,29407
105063,8898
89959,10823
76364,21033
82709,11124
97975,8008
81231,26870
91395,21569
102044,10447
78668,14994
78000,19345
105797,19255
97820,18983
78541,17672
83979,25337
92189,25277
92421,31484
104433,15205
94419,23816
81249,56992
83181,14291
101041,4030
84544,7279
82304,24686
97216,24984
106909,26279
88158,6092
97244,28206
85241,18347
93235,25763
84502,17830
100273,9366
99220,8129
100249,7593
98796,11643
100226,9323
76989,57397
101824,13890
104347,17471
83602,11897
105100,31579
87507,8655
105460,21537
106962,17001
76968,18287
102530,11200
80270,30936
76134,13418
81648,19214
82846,10774
107094,29523
88963,11452
85665,16192
83962,10598
96200,13290
89390,7536
86778,7902
87626,14191
76994,14645
95430,14101
99912,9516
79916,34652
77558,34804
102504,5375
79125,18526
90514,16126
84199,12717
88179,12682
93132,27515
103105,15729
91760,27178
102027,15666
99456,10211
97843,8848
98592,23723
101912,9034
99398,8468
78585,17665
99870,12057
86989,17202
86206,9229
84406,9168
86226,5390
86528,13002
84765,14287
86600,9675
97750,32249
90475,8554
103437,7671
106713,17009
84811,16771
79863,36036
79529,16876
87367,10873
93885,25611
107524,12268
77240,25230
100091,11341
77872,19321
97015,26081
78978,19451
95091,20480
107650,17655
76162,31583
102355,13542
101524,9984
78720,31079
108192,30533
94404,16567
100206,11678
94915,30038
101631,7249
84639,11835
108277,21810
103453,10088
105392,20436
82369,10567
104666,9458
95742,28539
96912,12471
93541,26636
82393,17587
81024,11963
81284,20303
78406,19830
99306,8103
108130,7651
106160,19441
102940,15439
76742,20892
108025,13545
77658,23951
84295,11209
91996,14930
103468,11026
87336,10594
103993,24755
90396,7706
97935,9581
80399,34656
105883,10672
92823,24953
82238,20767
98091,18577
87257,11660
87937,9744
97548,15502
105775,17319
81363,35442
76833,34056
91768,20585
99627,11007
