carID,price
89856,9882
106581,25203
80886,13608
100174,17060
81376,22386
85391,10215
82175,14291
95250,14648
85071,4928
96210,16724
80317,27395
92731,20372
107704,9475
98302,7287
107055,22723
94621,42019
91709,18218
98193,47272
76189,18008
86871,14313
102917,6750
90923,28341
101603,7607
94196,21343
85174,16032
103370,12769
107877,16130
79567,14532
90091,9368
76169,13893
98708,10917
107347,21717
89583,9326
101591,11350
92160,16036
99676,11894
85354,17739
81900,11771
80345,22097
78509,32624
100872,9696
95087,27923
86027,16645
89135,14155
80557,26364
108092,21149
102672,17022
83022,7943
78398,20738
95889,29082
81117,45529
93730,18771
101380,9603
81772,26861
85304,11250
86107,5783
88696,16609
104350,19669
87331,12910
85206,16571
107445,23276
106539,28136
98712,21756
96875,13255
108464,22544
99890,8020
87771,16878
79442,21419
84170,10880
103045,15155
101544,3868
77350,10825
89225,14932
79565,55254
82849,10355
94360,20158
103040,6501
105101,45893
97077,11738
98674,12931
93447,29766
84951,20075
91953,10620
102101,8301
92604,30775
89010,9546
102729,9597
88024,10666
104367,11731
101230,11459
82524,19321
95279,47927
106098,12550
89749,8861
101277,6590
108016,27468
81259,24250
97434,20562
105289,26436
103379,9894
78317,31151
104166,20984
106660,31980
107490,12091
90684,13732
90032,6705
79481,19206
102524,9263
100778,17126
77810,14601
98979,13132
76558,19063
94550,23527
107246,6217
77429,25375
106105,12434
105213,9438
102747,9659
104958,15433
96036,17068
92310,23252
100837,6403
82858,11292
90119,11040
77304,22109
89011,11410
84623,16977
99665,22465
100592,9845
82623,10634
92035,18734
84305,10968
92903,6331
93398,19694
108067,19021
85062,8168
81727,38419
95637,10434
89690,7888
83240,17618
89711,8263
96945,10252
104924,22559
79633,20192
89582,4592
98080,7480
85992,6587
86712,12905
105767,12954
100590,8850
104574,16390
97246,11849
78141,17461
91590,28447
80767,13577
100344,14689
88987,20703
96479,21005
90598,8731
83880,8185
86802,14353
103078,15794
84736,9624
84196,3356
102062,10006
90110,6138
102907,10816
81776,24876
102431,6149
80442,13484
78656,28689
78537,35188
102511,7341
93612,19750
99284,7976
96315,15195
94305,45008
100636,11206
81816,14746
100352,16044
101476,10503
93392,32957
93995,21956
94261,31075
89117,15984
86506,2204
88456,7639
84134,10904
81088,11392
103960,11220
84925,12859
97306,10042
83752,7715
100696,3952
76472,11603
101128,13340
105932,14152
86416,7388
79616,27834
83395,14168
88734,11035
106676,17769
102442,10432
88761,17606
79708,27716
96808,18716
103755,9623
86273,17169
97635,27152
80797,25564
108000,18949
95126,39726
105187,31492
81613,21399
103906,6557
105729,7913
100637,16283
82861,7622
107823,15260
85274,14349
88926,14886
87871,10710
97970,6743
98044,8153
90277,6760
85647,12634
107447,17922
79418,7858
80383,27846
79894,16685
105875,7134
86032,11538
104423,15671
78437,14453
79480,17935
89973,6313
94007,27980
93952,14666
84548,3056
97885,11737
86571,10109
77839,37420
102201,5679
98731,8087
82395,17804
76816,33111
97956,8247
86012,12891
106393,21443
81832,25310
82787,19654
103974,6648
100725,10173
86552,7147
80174,13807
99189,14978
102543,13036
98518,14404
100334,9105
92673,18108
88008,12077
105207,24962
106462,23537
106106,15934
79705,18488
108193,17783
89668,8157
86435,12107
101281,11413
104753,26920
79004,16848
89732,2985
89201,12884
87282,13009
101589,9432
87352,11797
103388,9808
93619,17277
101941,6694
106533,13363
90018,24644
101265,15705
104255,23884
80093,26982
82433,7770
77254,19468
106400,29574
79847,10241
95735,29652
106733,20431
76318,19186
95966,18815
101690,9748
82845,16073
96266,24029
104175,29060
97347,13792
92730,48968
84738,8981
102596,6271
78356,31239
94062,31197
101662,7055
81715,29055
103046,12938
108133,6568
96302,12884
83859,22385
104815,17673
95903,26823
79683,10329
88888,21703
80529,24628
81898,73537
83435,9810
80448,13940
79241,32419
76056,20421
76342,17058
98238,9445
85878,7985
102846,10326
90215,3531
79635,59528
77561,18186
101151,13040
93594,26560
78703,37527
87596,7590
92572,19620
90757,8183
95881,19627
98008,13477
84805,9019
100888,10042
82504,16135
82177,15175
89472,32310
82301,17053
106483,8719
79808,13282
83412,17223
89386,17499
89889,20770
108249,17925
98252,8585
83525,9726
102595,10039
94255,11242
91259,26896
99539,7188
97379,23623
104452,24989
88479,11341
95424,26397
94732,46611
89025,10234
89497,40727
92405,14720
95346,15075
91337,17787
97739,14293
81087,11603
80661,10082
105537,12764
81073,27374
102770,9799
99299,9763
77528,18753
95278,32990
106536,17483
79421,14694
105026,23715
97887,11465
106163,18481
103242,10045
103098,8211
76195,15716
103418,12607
102091,12287
102341,7370
100315,21080
100377,7546
78857,21985
93748,29422
107891,9676
77063,27545
86916,8520
108347,9929
94475,18560
100383,11440
80618,33678
98926,10062
77228,15994
106915,15258
92594,11755
80745,34315
78361,10617
95725,26576
105171,7648
87007,9733
104121,15829
92877,15640
108335,44368
101357,13862
89325,10173
103144,7853
101413,6356
85182,11221
84097,17705
101970,5745
98315,4992
89048,10813
106141,8818
87105,16849
88472,13360
93361,15373
87040,7867
99831,11485
95677,13016
89770,6395
77371,27538
107143,18149
100271,11794
83905,11545
101531,14309
90617,7949
83895,18309
89453,13700
106012,20690
76381,19570
106986,15751
84143,12848
91665,42683
81350,14323
80422,13718
84794,6294
81156,31864
77082,34859
97356,9231
82730,16991
99244,9734
85538,15622
101585,11230
90288,9347
98799,2898
93547,21159
85142,9590
82012,32740
89654,15606
102304,13476
79288,42165
77400,11843
98597,6189
103156,8312
95446,28541
97036,9011
101401,8580
80817,9802
84078,6670
95390,26901
79883,24204
104059,12878
103041,11459
81651,13024
100432,10883
84933,12213
81600,18489
78379,8115
90816,7609
107414,9493
105633,20178
99508,7249
100874,8169
104208,17159
84774,11953
96518,13193
91543,22818
107146,20415
94426,15882
99059,9606
96640,7861
81277,9337
102409,12119
104800,13483
107498,19131
90942,44380
80202,22611
76794,16885
88973,14406
91958,61171
80562,19881
103486,7389
95237,15695
105569,15381
106560,26016
107977,14002
90076,16313
93050,16079
80609,27995
88557,16397
90894,19596
83669,6685
78849,15922
101275,7613
91858,7260
96243,14243
106227,25778
105300,16432
93065,41685
78002,11871
82500,13746
78204,9618
107851,8616
86217,7137
82662,7381
93324,33666
79680,13120
104920,21778
96735,12317
89992,7695
106961,25883
80078,14370
101429,10086
95551,18895
79937,56588
80680,19203
99448,11471
93909,32732
96888,9676
104584,12694
107289,21245
84126,15847
101282,11774
92474,20977
88871,15933
107177,16000
106026,14727
96937,11720
83543,6614
81094,18492
77503,21685
85351,6197
96000,18113
87374,15932
86394,19576
108364,12398
91441,30251
97039,19336
106685,11649
95631,16930
101883,8545
78238,11104
97508,9040
98441,12396
80066,24196
79095,35159
80007,12734
100219,8813
82511,9907
89270,15452
88713,9841
100353,10909
102841,4276
90117,14027
81549,49828
82350,25050
76546,35351
81013,19421
91240,16735
91542,20217
104518,13267
93537,50157
94372,26365
104419,20415
97636,13976
96288,23171
78717,10094
105610,20917
97754,17220
81458,12401
86931,18809
90713,21535
90909,30351
77251,39603
95081,10345
95560,15031
93288,17649
105036,13310
108490,10296
96935,21498
89373,13676
98010,8750
104699,20743
86692,7756
85024,8108
79086,32656
89939,12772
79098,19091
86141,17614
105462,30045
92870,32804
92163,23204
87481,16334
83276,9855
79356,24300
103602,11747
88460,10464
100934,6391
96659,6487
83204,9074
104621,19799
84110,12096
99265,12396
79574,14039
78186,11301
87005,13991
104043,15248
81574,31901
104091,10739
77759,23317
78181,11153
96169,9718
98267,19758
97837,12410
80133,17258
98571,9936
88628,20416
78622,14861
88678,11332
87278,16138
86963,9579
100350,6820
78771,17973
95935,17803
107590,12857
84458,13868
85656,8687
81611,3814
92638,22384
87478,7922
98407,3938
95581,10299
100645,12259
97184,6863
84473,14587
88951,6944
100836,10366
91338,57731
94112,18979
89882,17074
97097,7546
99151,10456
99607,8978
78931,18190
97805,6674
97477,13026
87819,18606
76361,19095
99201,30712
103410,8731
108436,14610
105558,19514
88025,7776
101944,8107
80786,18629
84001,14942
78304,21224
100501,14879
99693,7649
94557,18771
82152,26550
92039,38946
83177,15501
90726,7777
82879,13628
87378,16569
91699,15825
85500,18673
97050,9475
88754,6038
79069,35047
89329,17600
102605,10524
93090,17688
108403,15741
91391,18578
80964,21352
89444,20337
84092,12354
100617,10406
107962,19633
106640,7199
95123,12868
99114,6063
94461,22157
88654,15826
80421,15084
78113,20057
100558,7117
78873,26814
85480,10588
103902,10522
104816,20798
89039,14142
95169,16408
93971,19062
84450,20455
80824,28145
92545,15886
89226,6573
93873,20523
85871,15956
86343,10500
93634,39301
106942,9018
82535,10461
92259,18073
88794,13457
77385,35207
76996,6666
102708,8350
81359,14498
90486,3590
100200,8187
87970,14523
107512,10612
79078,26819
108477,14360
80312,31537
82208,8115
100695,12387
99506,9746
85773,15796
101887,13445
90129,10972
84730,9384
107601,23165
89592,6334
84844,13233
96938,16124
84981,16315
100698,12764
103306,15479
107175,24236
95411,31250
101169,14106
99407,18319
78248,14872
79031,19783
91040,19289
76464,11573
102813,7891
86811,21089
81191,29475
78202,33483
82471,12265
103920,6782
79904,25504
95670,30493
89931,10041
92605,42307
85695,19836
98750,9315
101284,10796
91932,19710
98623,10105
82499,11363
93193,27693
106110,18659
78500,27535
89447,16204
103373,18277
87872,9382
99425,15145
96552,5830
105787,12521
82567,12660
102894,7402
77641,15193
100827,12047
97712,15801
95197,33171
102993,11545
94855,33072
81534,16645
95133,15138
107468,5534
86402,13000
102666,11885
92984,24907
93891,10010
94312,15778
91959,40509
91802,27639
108175,15552
78293,30504
104991,8069
104302,9877
79807,14843
87167,13989
78620,22108
81174,25721
83125,8848
103123,10603
94065,20190
78480,16217
98280,8823
83415,7816
92297,111794
100221,11230
78829,14172
93418,20592
83424,10958
101749,6274
103456,9267
88503,10489
84931,15371
107552,22094
108037,11760
94539,23830
83697,8334
87455,17786
103044,7809
104852,22166
93437,39979
92885,15649
80922,18336
102886,8131
104586,16799
81164,13240
106074,16264
87617,17172
84513,14125
96743,13057
81209,19867
95463,12324
95457,18563
101606,12348
97485,29767
91916,24043
91629,42789
84215,12885
108190,9962
88314,19949
104526,17619
82467,11036
91827,30742
77885,60035
83459,8011
98375,19542
101233,11130
97186,9771
95520,18659
95216,39532
100878,5019
80031,29345
106134,26146
103526,6624
104018,44909
83920,9750
88245,9677
86248,8132
86315,15404
108157,31450
102814,9105
84371,11710
95270,15043
107670,19393
78745,14296
88772,11354
82335,17604
100049,9454
84953,6904
98948,17979
95952,34649
93638,23722
91164,32571
87627,19510
89209,14588
94140,19485
86567,9560
81451,21806
94658,25786
103969,9261
90158,14763
107712,14559
102518,11440
91367,28883
78764,16426
87411,13980
80790,28697
97848,15761
97985,6143
99323,6707
96854,12302
103917,6407
86223,7700
101812,9032
102098,10235
93414,11760
86794,9926
81508,29387
105781,16325
103758,8873
100877,13242
83075,16352
100303,13232
85269,14423
95693,18493
85891,16632
85991,9781
89378,11045
79718,11369
96415,13646
87510,10722
95579,14715
96453,13230
80182,29765
103363,9641
76430,20470
86302,7896
78876,11661
106740,11296
101855,11893
78987,29071
100155,15650
76069,29927
79889,20099
104035,21703
102533,6844
85374,13612
82210,24748
81145,13074
99738,12518
98201,36612
88630,8251
94084,18879
79771,21789
91057,40928
92492,17350
103600,15762
105315,30700
106151,18997
87426,6520
85249,10480
77379,7403
76190,11964
89820,29758
92650,27253
82906,17122
104766,16408
104673,19004
103734,6327
87652,12422
107399,15742
97222,18121
100614,9551
95807,30742
88084,13981
97997,14639
83321,14622
83002,15278
103995,9728
102305,7086
97774,22678
87737,11337
102191,15569
78470,22987
81787,21568
90975,37668
76598,20447
88308,10454
105997,10898
97095,21659
100555,9263
106628,22281
84638,6766
106752,23410
88072,15829
86734,11348
105842,23937
102037,20072
96623,11185
80943,12252
107882,10363
96069,9360
86796,18970
83234,14733
85044,11719
76183,29559
102124,9439
105963,11946
108127,12175
76435,58687
89809,25001
98129,11837
95632,25514
77264,23018
102849,5532
106860,14963
90177,8573
104336,12733
91068,20439
85416,9569
92720,18670
105257,10534
94524,16289
87069,15692
79026,17103
100533,10583
107396,7499
77220,11623
76863,11794
89441,8324
86301,17768
82808,17305
106681,12967
100673,11479
87115,9463
84819,10098
99889,12458
100435,5494
91329,15495
105897,10949
94788,20551
96403,18832
105780,25031
81290,19817
91689,18186
93660,47746
84018,15420
79166,21118
99850,12648
89900,15281
76628,26387
99136,10689
89388,13402
86441,16124
100362,8015
99493,10226
108082,13691
94759,22620
91954,27194
90378,16428
86126,19591
92990,16896
80507,17853
105394,20077
80679,11395
94014,19470
78092,27462
92725,9817
104609,5625
89940,19514
84337,15734
80392,18380
90992,46935
88342,9735
83193,8092
83080,27135
87197,16533
106043,8912
81316,14457
105197,42245
86103,11545
107819,42857
94911,17276
76597,33728
96614,9426
102197,5799
104617,7286
101445,9200
94521,57182
107290,18195
93099,22664
82179,39731
96268,26703
83202,15580
101568,6947
89145,7820
82718,6450
84595,16435
86633,13027
91925,29164
100357,9830
93684,16318
106465,44220
84631,14724
97796,10376
82836,11375
81314,55020
96868,19572
94329,21845
85728,6476
78259,16720
107084,19783
96134,9022
81583,28643
104264,16328
86202,11899
102867,7925
83461,12189
77589,16584
94394,16561
87588,9640
98769,12693
76735,21235
105592,12107
95260,16806
82699,7923
95827,26623
89294,9603
90853,13863
86522,10051
80958,29175
94038,29415
88512,8178
80219,10057
86063,3013
87724,7647
88835,13295
105687,17465
83567,11693
106584,21837
98492,5408
94494,20055
89061,6198
103125,12310
103883,12217
80430,11113
95544,30294
105136,56129
105560,8717
108397,27004
82236,45442
89477,14121
98106,6537
85996,5746
103439,14113
90831,7652
100746,13325
81518,13155
98610,9928
100644,13999
105486,13932
79765,16026
107609,10047
85407,13351
81527,25932
80955,35768
79400,22040
101238,9441
87024,18517
88662,9420
107983,23715
93662,27082
81557,26769
94520,16324
97010,14325
77628,29331
89561,14471
104218,16242
99839,9244
87279,10838
93760,19245
89551,7655
82714,16883
98166,19584
83812,10544
102617,6812
76869,17076
103735,16961
94201,21541
107893,17824
78651,12373
85246,11636
81194,25349
81133,33153
95611,32134
93004,14614
81826,39698
100157,12947
103768,15003
93350,16295
76901,22089
88742,11418
102866,10667
76438,28984
86105,9873
107506,25374
108520,8601
106613,10702
94164,41642
100964,10657
92769,11610
82221,10457
98686,25424
79762,18750
84645,19117
107656,23952
97538,17146
99552,24840
102157,10794
80935,11030
100578,11299
94686,24894
93268,47940
91842,23553
95609,34262
91576,21040
93139,43682
101030,7725
80172,47385
106262,16438
101562,9326
102273,1999
87102,5106
78491,18353
90631,7671
94672,20663
77261,54757
80434,16339
86840,8790
95011,25171
90870,11506
97999,10362
77016,44042
96931,17329
85215,9118
105268,16571
99519,6534
104056,17915
91117,54553
107099,23293
80475,12036
76216,35686
93207,26025
105166,9640
107209,18484
100109,9078
87232,13649
102624,11616
81948,9293
93625,42066
90334,9273
79878,13694
105653,18430
108014,12937
105491,22293
87064,14184
106773,15147
93489,13153
89490,20752
100771,13403
100803,11897
92144,15558
88632,10874
78778,17697
99308,9579
77161,15146
97501,9484
100933,10960
77489,29773
84309,10856
108040,8042
97159,17858
95779,15469
89650,14554
80999,6194
91887,22717
79753,28946
84669,15130
76401,14065
90299,20659
80820,11597
80744,38019
96151,16694
101368,9907
106886,24823
90590,14563
102988,12104
96155,10406
98069,22468
99349,23024
105341,7061
97054,12182
80210,23498
105334,15511
88495,19167
101578,16637
103240,7556
84979,11308
88799,10109
83073,9062
107288,10906
102097,10563
99042,10107
87242,12019
77310,23368
87982,18770
95506,13637
106574,17758
80962,47943
102168,6718
102528,6878
99307,12432
89354,13052
96717,9819
99267,19687
84588,9789
88920,7867
101122,13094
100916,9984
90206,13614
100314,10123
91528,38716
82508,8018
77095,49527
105943,10474
92610,24975
76706,16366
101753,8706
97020,13140
103582,9666
89559,16257
91293,10522
76698,31320
105365,25002
102755,12724
82363,16320
94314,20190
92463,20636
107566,12315
99251,13170
108140,32733
99394,9629
107849,20554
85021,10870
98878,12217
80258,7926
85751,14910
77932,14037
92120,13484
84462,15699
104744,14210
78174,11960
76239,30007
99098,21269
78068,20313
80129,15532
92276,25084
84297,23558
99082,13444
103218,12055
100512,7829
100481,7410
77761,15417
90764,7094
103431,9787
96133,18149
80377,25835
93811,9808
99125,12739
92377,22479
84221,12254
87280,13085
91188,22199
83645,11007
105967,8015
89389,9945
78866,19031
82761,16253
95049,19708
80729,8697
76702,28607
93554,14570
98932,24456
91264,24548
86993,12288
102784,9944
79105,21835
102943,13008
77065,24756
104740,14487
95500,17414
95345,13771
103581,11414
86417,17996
87299,10756
101375,12841
97640,32988
99560,7384
105849,22257
95701,28224
89124,11362
78589,18642
86742,10361
84620,11670
91165,29166
88463,8869
87571,8040
104773,17806
83370,10776
105599,11256
104275,21260
87908,17783
92637,7164
101747,18698
99271,7571
77493,32591
100122,5956
96424,12594
103113,4935
107985,26872
103634,9083
93302,27811
93877,14515
98121,8538
91191,15406
99106,20276
83151,16534
87913,4985
105517,13173
99452,23059
95017,24853
98803,11039
95625,29481
76846,18100
101791,11714
79911,17656
98545,10202
106811,10705
78007,37749
97259,15475
96999,8249
101969,6393
107018,32468
76246,29135
77303,11063
103674,7099
100794,11635
84367,19397
101652,15613
95111,19016
96965,8516
76396,14570
80269,18622
87328,6689
85984,16033
80193,27902
98525,6501
77460,31209
85424,18608
77271,20510
104786,28317
103727,9687
91819,26378
107028,21071
94966,20428
78126,14987
86200,17206
100317,6619
88403,18450
102036,6484
78858,25345
85122,11687
107516,20657
103432,8890
97354,8249
100218,12390
92759,15107
107648,38782
97107,20651
90871,6250
78611,38265
107537,12160
84840,11195
79802,20050
96763,5512
93033,19426
76969,32905
106154,10063
105965,10033
83644,25303
83889,10753
88026,9990
81652,27659
77312,15571
102749,10154
84444,15781
81496,16942
107471,12176
84265,3194
92346,42061
87248,8493
94931,14463
93712,24721
80162,25055
79351,25135
85734,2095
106372,12661
96106,9049
96702,20518
76823,10712
102214,6027
81128,14612
88320,13072
83531,5607
104506,20523
84074,6419
104709,25225
85626,11020
98427,9294
78699,31903
94756,23585
101283,7896
82397,22755
77954,23810
81630,23675
87025,15377
81189,16773
107048,28038
99510,6991
85462,22151
99442,7117
85541,2926
81635,35069
83983,12189
96161,9075
90359,13258
86597,8897
77633,11624
80552,29415
87749,20018
88246,11637
100434,10287
102049,12460
84649,9773
80783,17634
102021,7877
107760,14510
98095,6766
103474,8873
101486,14827
78334,40141
97026,12479
87049,13833
94207,23885
90080,6125
82025,16662
94478,24086
90501,7373
86699,10141
91557,28757
105343,10729
80034,28908
84220,13634
79498,23315
96294,26698
107974,8710
80316,13425
99928,7513
91851,10712
87827,9600
98130,14431
96139,18296
93176,32211
90903,31648
77200,21175
95858,20490
77764,14710
93978,36616
78852,12757
82121,16272
91653,27670
88882,10496
107327,6781
86583,10353
90101,14542
90893,19678
93813,29630
79215,16009
96480,10681
78841,34777
101519,17664
77704,27549
95308,21088
106617,7445
92279,21841
77974,22542
96897,8879
84841,8529
80966,12916
81646,28878
83773,10293
80357,29931
93576,13313
76332,30704
100522,11876
95723,11569
97599,9220
83267,14460
107086,13708
80173,30351
90902,49547
85442,20777
82924,3938
106669,22582
77358,22616
86661,18752
101073,13000
83897,10731
92465,22108
105110,19238
79370,12810
106568,14638
106121,6181
97194,10985
89289,18924
77301,23217
89051,21709
90207,11959
95193,20006
98653,6810
98934,15765
102897,10749
90845,10619
101868,7700
95210,21107
106341,11909
101091,9725
98060,11364
90026,6945
88157,10773
97383,13589
87451,10186
103381,9015
93512,15196
77414,61618
79553,13079
96377,8575
105001,6905
106183,25544
95745,24906
107011,9104
78953,21367
85187,9365
87941,11153
77483,19406
101372,8968
83730,9569
106166,20615
83753,10092
106514,29433
101583,7724
105137,2162
105295,26955
77657,42628
88515,7301
93729,21573
88280,12992
102832,10353
97873,12343
101671,8041
85210,13481
80735,27281
87811,17593
97684,11732
99915,11431
97502,9435
93678,34684
78821,16668
93898,16318
100832,14111
104921,15099
83890,17382
85696,5143
89485,11867
87460,10771
81080,50109
87235,7819
87587,8418
96329,26028
108174,9336
106700,12702
98539,18091
105234,22960
104708,11364
79081,29385
90270,18565
106057,6414
80928,31559
94218,36803
107429,12350
107776,14034
105303,8383
107166,31988
94379,25525
94832,3943
83043,12373
84114,11616
84283,12445
107679,7138
89280,11291
89840,9227
89927,9708
92218,20169
97100,8311
79443,10674
96551,8832
101305,11591
102576,9118
84060,17946
92280,25665
105210,12221
104496,19848
104267,12798
91491,30779
78595,20515
100913,6427
103028,11732
77788,24647
89629,7634
93781,24461
76551,48372
84917,12339
106009,13662
96109,8868
78933,19747
80386,42587
105590,18976
87670,13785
84443,23613
95776,54168
96400,15014
90834,22074
88360,13986
106848,26061
91981,27991
89126,9584
104879,20476
90449,15248
90667,21624
78986,10968
84945,14312
104356,11453
105159,20128
87755,3008
80978,27289
87272,19196
77291,29677
84904,11221
99446,17726
78688,29041
86155,13916
79551,27887
78281,9710
94551,48076
103232,9685
104767,10399
88566,7587
77896,28713
96885,17386
95778,21393
86874,10096
91080,24477
107737,14869
104851,25125
85070,23310
87362,10755
92302,13555
93294,19280
83422,18428
84862,9995
84415,11141
78737,20003
84686,6401
95112,26513
86518,13393
84839,11380
81172,26623
89932,19649
87300,10296
105568,16196
76252,14228
80951,32662
83509,14435
108493,29983
89976,8472
102525,8158
88102,9046
89605,14827
92381,13756
81987,38114
91951,25677
108167,16148
89798,7773
97312,13282
106458,10934
80611,45526
83390,9250
84346,18252
88061,12330
91266,15852
99611,7470
106366,18786
91936,32888
82520,11334
84865,9132
80141,21999
91890,16704
76251,18501
84247,7968
91298,33005
88015,8990
92776,25872
76709,9239
105728,16023
103796,12988
81171,19606
88413,9846
102155,5601
81200,16845
95674,15481
96157,12385
79020,21300
103587,6332
104190,29017
80486,18532
91177,14490
76909,29144
97278,8917
77170,21808
78840,13185
107987,14231
104444,14682
98408,3679
90629,14952
85268,9113
98419,9562
90747,12924
105907,15189
88335,10646
104161,25574
101427,12929
87176,18853
94012,28983
106937,18871
106573,40294
96877,9689
102568,8131
93510,21561
78820,30992
76763,23461
106884,7117
81041,13791
93827,19895
100321,7988
81450,9536
95107,15628
93670,23863
103551,12072
106715,17482
100863,10522
79259,11090
105336,28435
88906,22779
93039,29351
85639,16546
98378,7965
93639,13078
83518,10386
79592,14056
95678,19120
87400,9877
98813,12892
79157,8004
76223,19804
95406,18694
83724,6156
89739,14659
94933,24885
82605,11416
91566,16643
76873,16059
96884,16307
85901,10780
106449,21929
90672,9654
78513,23431
86464,10730
82921,8731
93886,29838
76303,13176
98243,16465
103497,10820
87786,14914
87780,12693
99339,9433
95351,24860
106965,12348
87540,11705
99854,10689
102357,2335
90737,6391
85392,15108
96882,7639
88268,14433
106075,19943
88674,16144
77623,14224
80394,15417
94942,25357
101237,14433
86351,15335
87055,8793
94851,25151
79816,14610
97214,14223
88900,7763
97464,10925
76403,16336
79786,18786
83858,11433
83658,9623
96456,12747
106217,13414
88111,10819
86581,10583
98218,15373
93801,24634
87206,10842
88569,15273
104348,13840
76478,19240
101509,16957
100915,8551
79676,18583
102673,10071
98151,6753
77583,14334
106602,33955
90134,12987
84228,6218
100131,11473
92807,24993
95025,30778
79779,9152
77216,26013
83476,12110
88942,16005
87565,18353
97055,22044
97212,20528
97321,16379
102240,9394
91253,16578
90284,15501
83582,15882
81255,34095
93903,38519
96241,17560
99117,4644
79874,28826
105193,19176
98186,4458
103313,10621
107714,15698
101081,8747
79663,4560
81108,10851
86643,6352
90931,21283
107518,23882
84511,19568
80689,11938
86547,5802
79670,14405
82281,16551
102274,6468
107948,11994
97149,9205
95980,16174
108047,31213
94763,24733
106148,17666
84164,11301
93448,27322
103837,20866
91861,26286
87914,10793
85944,9071
83795,10615
97374,14199
80569,11665
106331,33035
93177,33590
85257,16010
80094,19416
98473,11712
98021,23549
91714,22086
82569,16046
96451,9572
86310,10748
89702,6896
87577,15778
85221,26142
100454,7165
96748,4692
91472,7324
88350,7249
84386,15511
107993,13546
101496,5735
96805,12883
82084,18519
94643,29901
83871,16722
82327,18566
90332,12656
84949,31575
83111,17666
92067,19698
106714,20300
85531,12343
97311,10044
78102,31629
98348,14924
76715,23301
77091,14310
105854,13173
85983,7921
80823,13732
102612,13050
104209,18324
97643,7771
95340,22704
81183,47502
87928,5712
89448,11439
98522,10102
94213,10651
91583,7947
90280,10470
93287,24925
84510,9990
98179,21203
88162,18208
78449,44939
94548,18262
95056,28802
106725,10321
97968,6718
104923,9650
97276,6809
97080,23213
90691,33214
88033,16602
90160,16711
81661,11615
101260,10899
79520,28316
78213,16274
76187,28678
85752,16056
90729,16960
77637,19936
101847,11235
86787,15940
105758,10241
79389,25138
98312,6495
100222,7713
87873,9481
92965,21942
89168,18745
82368,18833
76505,13293
100946,5345
85815,7264
87705,27473
106931,11210
95571,19439
80308,20396
91824,22015
106743,25508
101866,16152
95817,33239
108505,14866
88722,13756
104371,20583
93879,10680
96038,16787
104690,12231
93199,23402
85967,12732
88714,7856
99467,6894
85701,9020
103450,10302
96943,10524
88526,11737
79326,10460
92314,36278
106373,20528
76953,19987
89741,7561
100458,8966
91895,54688
92356,16043
80632,20600
106959,10157
96251,11786
97996,24341
90021,14904
94899,31052
93093,15989
100175,14185
89968,6598
102132,3747
99121,11935
92662,17506
96612,14384
77399,17241
86443,13171
93198,34203
98001,18556
97764,12713
94983,106897
82703,11561
94794,30688
79793,18939
93376,12401
76374,23699
84045,8147
106780,15690
93213,15301
97870,9303
97748,12933
97255,8648
102668,11855
105898,9727
101786,13616
87690,14822
86329,10932
77696,35041
104321,59785
86782,17092
97134,27177
86684,9600
95509,33904
82314,17710
84124,11280
87597,10804
81357,17621
95055,17072
100244,8895
79271,14457
82043,21874
96348,20585
76594,18978
79552,13885
97181,13716
99147,11043
90786,7211
96203,9199
100288,10832
81529,20537
84229,15636
94332,27626
92714,21681
107716,14601
107685,27474
97836,4471
98284,20883
83128,18315
105500,11733
97781,10657
99341,9422
91793,32172
76224,15863
80840,24529
94587,16690
98667,10422
78973,14597
85175,12594
107489,44603
95790,12557
108044,8695
80652,24004
76007,14201
96039,9577
102618,14584
80863,16556
95695,19623
78815,28945
98063,11629
83732,13376
83190,16374
99504,9616
82372,14196
77977,46843
81688,14303
80154,22506
108106,21807
80724,15633
89190,9121
102321,16243
97375,10918
99379,24159
84767,9755
89470,10775
85592,11491
80381,28522
92149,30639
96044,19651
79041,11881
103108,18276
91118,19260
96434,7916
86875,13882
100326,10492
106416,21078
88074,9354
91579,12029
96819,30034
80373,26266
82681,10051
88450,10456
95040,15288
76720,11957
94576,4167
82502,6906
101100,7834
104522,17991
108039,9931
77894,46662
80888,11589
80366,46286
87653,8193
98083,22436
89042,15717
102520,12248
101620,11505
108340,9736
98465,9620
82307,26287
107499,21117
101440,11605
82392,25240
79371,25028
103916,15024
81192,8749
108185,9974
81811,15037
97993,10842
80214,24553
79896,18110
86793,16603
100548,14913
98986,9170
82411,11362
98467,7587
98645,22809
84530,6396
86479,7054
90655,16386
97319,10870
107749,24785
77199,26047
79255,16667
85072,8367
99421,12101
95187,10623
103262,13126
94589,34988
77608,59780
89729,6430
99171,13549
90914,24495
83250,15174
83275,8237
91269,24379
83003,10350
98988,19899
105748,13606
77688,16766
91090,17838
100544,13888
96608,8323
98784,9299
85655,15601
104236,8779
97437,12840
100150,5655
96911,31193
87126,18492
88544,9321
97889,11341
76768,13314
101722,7438
96407,12051
80640,17811
88000,13732
103451,15051
80542,41911
82212,11785
102407,7971
79895,11827
95909,19287
79646,30628
77051,31135
79375,36558
92023,31609
87608,8920
77731,11210
94671,24488
107804,16375
106359,20234
102758,6336
76944,34990
92103,16827
81188,14557
84157,14151
77509,25992
87332,6396
101597,10652
84021,11041
79820,24642
102505,11545
82887,18950
98676,11782
89288,20574
89410,12849
76489,14062
85587,13221
93752,14135
104857,15707
91582,33681
100760,10088
95388,26372
105606,19643
93352,25245
102452,11811
88997,20455
107478,18382
82604,12707
87188,15926
97769,9074
77941,26290
91489,12073
84501,16333
97428,16799
107961,15169
106520,7749
82860,17054
93232,23357
106592,7192
81719,9269
81658,15546
92676,22047
102253,9191
105237,12911
78527,21182
97452,7937
106530,19157
84118,12720
84314,11545
92313,24261
91271,28843
86067,7758
100751,10019
99647,30940
79872,66554
89703,18442
82985,9509
86719,7142
78249,31690
94826,33250
80867,33939
88405,14466
92596,17426
90699,8314
97504,20833
88236,16983
90859,7696
84327,15701
86926,8880
98478,9127
82435,14168
105477,14538
91685,14688
77406,15342
79806,23807
95728,14199
79181,29676
89777,13417
104090,10541
106849,19667
80612,20525
78114,15763
93850,30172
91913,11752
104359,20348
103818,1951
78505,7394
78147,4887
98618,21824
80947,17836
104926,8777
87266,26507
100085,10666
99550,9802
100618,14164
88609,8800
95379,25779
97130,21151
98078,30240
81543,17125
94442,14825
88513,8489
104084,17351
77862,16482
83231,13629
80020,29971
88533,40525
89260,16459
82264,13480
84569,9662
94361,40155
76511,20527
79088,16403
85645,15609
80492,20697
82092,12400
80792,11993
79022,16359
92175,15423
87149,15566
94676,26276
82453,13635
88623,15780
93157,26501
91767,20275
82525,12484
83387,7319
104711,13155
82040,22271
90973,22793
85628,17122
96701,11579
95441,16065
104513,12614
91247,28125
88940,3170
77571,23364
104299,19309
92609,22299
85134,10691
81305,26462
77683,26643
89313,5799
85999,11041
100266,13465
97102,14673
101321,5909
108299,10528
85057,12833
84995,13910
84612,8654
94300,20015
93656,117259
89647,11184
84389,7584
90197,8093
80844,7309
105331,20453
98831,7328
89697,17874
103351,10296
99969,6962
99325,12390
89198,17145
78239,16663
82481,8958
83655,15227
83006,11132
81067,47499
82451,14301
107390,25766
101406,13101
91715,26987
99989,10429
93206,30205
85902,15430
85195,16101
78130,29607
76552,26390
89420,13454
89566,13505
94682,41070
87373,17214
83481,11146
84348,11142
88809,9603
107886,11991
84976,16210
106340,17431
87849,16270
78363,8138
86657,16056
89773,19569
94449,33729
90861,15887
91749,28106
87090,12380
80200,21922
79369,22725
101679,7706
88080,11693
103400,6961
100960,15437
106116,10817
76678,37346
86832,4921
80278,12797
92718,15753
80121,23971
84360,7799
98000,11218
86852,10132
84665,6494
104032,21036
88348,7069
85919,13954
102408,6026
91678,14456
86965,13780
99748,2121
79192,15373
100469,12092
102772,10886
89526,8755
96191,8783
99222,12602
77086,34807
84447,7239
99981,9360
106052,21197
79612,28871
106792,16425
99124,8015
79678,31009
101632,7781
77692,16806
84345,7466
95000,24703
83015,9197
99423,21671
107480,18395
93765,18423
105419,11169
94052,14376
97432,12827
79133,25601
93225,21997
82956,11066
101231,11183
78727,18776
92150,27517
103869,8034
98266,11624
85017,8481
76853,31523
93027,15516
88493,9752
104829,28046
87800,16535
94723,19896
77219,12625
94891,11953
81656,19657
97239,25495
83620,10037
93312,19498
83441,8572
83959,8779
83653,12125
103364,11481
81279,9912
94483,19548
78683,13062
80423,26016
104442,11700
102026,9430
105992,13648
108007,10412
81476,13393
82770,7333
97979,11859
103866,6699
83147,19123
102902,8164
105918,26155
100265,12619
86165,12086
107697,24868
94497,33600
83540,7849
76617,23498
88133,13392
92181,27053
90065,4565
94177,17135
86942,11421
82629,5354
92087,22245
94508,14865
81678,12472
88106,14575
82869,17548
81744,22284
89208,4194
93035,23026
94656,27800
105571,12249
86332,11221
76711,20563
87423,10739
97343,25133
89591,19379
83291,2205
76146,16572
86683,10951
100726,10505
102328,10512
100991,12807
98049,12489
104948,17728
103129,8147
87892,15801
90770,25079
97113,13963
102422,11389
82462,13506
99700,14732
103799,5322
96959,13445
97715,7742
90880,11811
106632,12013
102656,9213
106686,10326
97346,7870
88283,8286
102248,12268
89091,13348
100474,10885
103428,7723
82698,7338
107510,8635
99122,8774
93152,12297
78084,17569
103130,9924
95826,39592
94977,25457
90104,9100
89105,2349
95397,25858
77476,13955
80208,10503
96744,11947
81310,25163
88688,8329
100514,7545
79490,20718
89236,11922
106677,14102
90882,13538
105048,6562
92458,18886
91682,14065
104659,20074
99559,9591
82608,7625
98793,8586
101083,9046
86469,10951
106304,9623
100515,8695
97006,11623
87531,2942
88873,36260
91700,15144
90471,17025
88077,20672
95546,42159
77965,13973
91548,21741
101360,14766
89845,14579
95934,24801
103745,11396
85862,17328
98424,8845
81736,31123
93391,24847
76523,21525
83573,18716
103118,3711
84399,26912
84864,10639
104282,9029
95389,21221
108097,12427
94999,12425
99345,14929
92946,42203
104048,13146
76817,25387
90448,19072
107837,10153
91182,17882
102654,6827
95298,17292
93659,21228
87866,18680
99990,14228
102469,7122
107351,15104
82490,9000
80756,16399
82365,26038
92332,16280
77456,30659
81007,27786
82391,18489
84647,19393
76296,18674
100192,8412
84547,13384
88877,18743
84254,11190
87836,8705
85970,9113
94834,14789
107159,13565
106800,10263
101989,7342
95604,26065
103637,15490
104301,11547
83799,12094
107855,13161
101506,10738
86644,12179
81902,72606
90490,6834
76314,18735
95360,31788
96272,8205
103911,8743
106553,8715
106063,15766
84179,13407
106912,14025
103819,4494
94009,31884
98285,20904
81101,14035
76806,21085
79127,13026
107416,13165
93786,30351
101542,13428
101640,9695
98800,16695
91451,34662
104033,14459
105550,20423
88203,16995
77481,17091
83704,14980
94474,20830
101924,14853
93203,32829
104628,14946
93308,34687
81984,20965
93228,25786
94247,20848
85162,10628
104670,25370
80875,47055
80850,26539
79475,25782
87229,11565
79162,17344
107652,7537
89835,18046
77430,27688
97568,14165
78947,46647
106692,9662
97127,4751
80876,22245
100152,8236
88949,18547
95804,35817
106833,9029
89283,13249
78115,39263
86941,16225
104794,17748
103892,17468
90746,14285
92996,17521
88679,16626
101007,6484
97824,9165
85138,9711
87869,12395
84266,10088
88682,8020
84543,11048
88967,16872
78831,16944
80227,20778
88995,10648
95761,18621
82060,17949
78253,19773
81193,25758
97309,8135
93654,18790
91399,26362
107195,38338
82137,13326
108006,13537
78534,58203
75979,32340
78847,7771
94746,11193
76591,15623
97366,13111
88756,10762
105074,17546
107641,24236
103717,15963
92559,35710
85453,3519
91736,29359
100632,11975
93314,20638
82593,12846
105791,20041
104431,21581
77967,21060
91373,20933
86095,9071
90950,22280
105410,23827
86516,7717
79221,47224
86603,15232
84058,18867
101017,10259
103065,9622
102817,12499
106443,20591
96455,18554
103514,10052
88407,16110
104658,20482
83823,14978
106801,17518
100859,9322
97156,8051
99816,10613
87726,11423
88783,11976
107654,18213
102420,5960
104147,32366
76019,11325
86158,11103
82852,7281
100871,14813
92537,14020
92028,13326
78319,10836
77111,21852
81426,14819
108336,8383
106048,23568
108482,15075
91336,21048
101242,13349
108309,18995
106397,5869
82413,9735
79355,37400
92826,32414
102020,8988
93857,35238
88875,7776
81926,20233
79236,18468
101106,16482
99069,7069
90017,7080
101706,9197
89701,8313
96760,33552
103901,14189
96780,26308
78905,15616
101894,9137
94657,14074
93703,14134
98690,9142
90597,14770
80138,20934
97044,9728
84258,14306
98543,15722
99833,13547
99848,15017
89178,8355
105598,17146
95971,27047
94875,32756
96048,10298
82606,18299
104545,9670
85571,4589
103757,15796
80192,16623
100422,7315
88065,16752
83544,13965
76851,34309
90464,6270
106501,9613
85011,22287
102308,9588
82241,71756
100655,8815
86477,10839
90830,1831
83274,19208
83251,9437
82122,23452
105600,18324
87514,10831
82184,30544
84829,10289
90704,25007
86306,11429
105655,26543
98964,7013
87189,19126
80116,12710
78366,27894
103668,5947
95799,23345
97496,12966
107112,13403
79698,26553
78946,32218
82843,8329
108537,18581
93675,33572
93629,19505
103134,11198
76458,14667
79219,18436
93401,21615
87666,10391
97697,15038
77945,10975
76173,31486
94835,22363
86700,7383
105682,30145
88546,20300
100486,7493
98187,12155
81395,16062
104408,12886
79922,17549
102955,11043
85515,11558
100490,14347
91070,39921
81321,27093
90925,20036
91291,31237
83986,15598
91729,15145
95830,22758
103720,10147
97023,15070
84892,7518
86618,15005
93094,24584
102487,7820
76952,33202
90121,9145
89687,34958
82663,13995
80253,19844
96004,14111
102267,7606
77777,24231
85135,15366
103806,10660
88031,13387
84252,9435
80246,25426
83445,12019
107528,9757
95161,43781
105132,31846
107504,11271
96720,20298
86060,8936
76370,14614
102092,11665
93523,16517
87963,8350
94183,22303
77548,29291
91116,30426
100013,12639
105525,22215
104210,17625
91137,18146
101960,13286
80662,31082
84914,14443
107857,18513
94916,24763
102858,10693
88182,9946
85339,10501
98692,20288
98460,9118
101787,6070
105924,14502
81440,21208
107043,14840
98747,10166
76065,17251
103452,10824
87162,12106
85972,5474
95159,29525
81106,26247
106324,21587
86957,8136
76900,13423
99319,14859
105884,22798
82889,8173
82253,69446
80818,9304
97074,17263
103269,16579
78298,16765
87216,13109
104853,7131
96298,19973
86803,6780
91326,14302
90948,16908
102795,10546
77163,18167
93519,35547
94980,11062
106455,23741
88860,7494
76536,31073
106556,22632
103002,18355
104193,9174
98247,9603
82529,9250
90499,7193
89400,13880
94595,20826
85870,18984
88424,14953
82715,14371
76324,20444
102259,3907
99192,21983
81437,15148
97208,13850
76420,16212
107557,5918
104202,21661
83400,20559
99664,19458
87781,11882
105706,33060
86320,10222
81907,33991
84881,7573
78575,13587
101857,10546
104378,15965
80281,19194
88208,22199
85864,7427
86973,12418
101072,3668
102664,6437
107949,11202
88832,7550
87046,2224
98930,7990
98721,19122
103249,10090
88230,2550
103604,6614
90645,6886
94246,14048
93604,19473
99287,11777
106684,18061
89506,18403
98726,12757
77060,18782
107323,17168
100559,7297
94511,29378
81367,21872
107185,14424
87243,6319
93241,15553
90899,22699
92791,29949
97429,9283
81883,31598
82428,9270
85224,11279
90818,32670
107186,16398
104489,10872
77026,18079
103119,7875
79360,39535
97763,6924
81434,21569
102270,9159
86171,24956
102255,6964
91018,25293
93219,16824
107667,18594
89301,15867
106869,9537
101867,10249
92922,18544
80057,29914
93951,23031
89450,9649
99681,14654
85661,16334
76072,30760
81693,27435
77375,12521
77649,29816
105904,19902
81679,22045
105555,31738
78762,15746
78590,17365
92784,16421
88497,6354
108413,17352
88994,16591
103426,4864
104394,21378
88703,10490
97376,7113
97470,14978
88681,16791
76599,18420
104274,9888
89590,5959
79749,43020
107386,11517
94829,25592
105123,12745
97602,21596
93900,28483
85986,9755
78014,27346
90073,18921
91815,20367
88067,12972
79079,33754
97590,12960
84491,10409
81997,14287
90875,24761
88805,17213
84708,14860
108010,5404
96549,10707
79023,9011
80493,23812
98860,12086
99938,9528
91154,28620
102202,10290
76479,17578
102548,14960
107979,9911
80905,31388
82630,11944
81130,16472
105382,12873
101905,15475
103353,5586
88275,16123
88052,17421
85537,20866
82742,4780
105960,20251
95151,37277
102555,10670
87742,8310
107219,21756
106170,10081
103341,6080
98947,18996
90933,17537
107651,6341
107937,10831
92742,31406
91138,16405
100134,8570
83718,13137
86977,11248
102165,10642
91372,17049
95812,24379
98911,49088
86966,6092
107280,11841
89020,10977
85167,15950
100394,7719
93450,15732
86838,9918
107563,19602
99692,20492
103946,8246
89586,8358
90733,9448
91071,19777
89142,9492
79359,17633
94435,19750
86980,9071
92661,36388
84734,15624
92829,19341
78925,31808
88863,9004
100507,13223
97469,17644
106358,12874
94446,19041
100068,6696
80005,21738
106548,8861
85323,14088
92629,61872
78057,14148
99591,12685
85307,18105
92660,30402
89525,7643
90953,28715
103312,10542
107912,22747
93292,18108
81638,37887
105433,16509
94804,33790
85666,16022
87338,10577
98818,24927
91960,26621
95612,23931
93399,17136
86492,11174
106169,11529
106699,14868
102175,25629
83555,10793
80941,21008
91366,17056
98045,18839
86988,19931
89139,13954
106277,13579
76317,13799
101300,11421
93086,12129
76936,20572
80711,21577
106659,12122
78296,9244
97527,5055
104494,32768
77982,31888
86456,10508
85161,19127
100583,10251
93063,16151
85331,17646
101731,13800
97389,32886
79902,18148
89643,8007
93175,17041
98389,6555
91334,14758
98514,12162
95382,16648
77018,12913
76437,17010
98250,14147
77104,21488
103059,8108
83308,14603
95106,17707
88684,19638
100870,14443
103498,14460
105342,28572
81398,16630
91833,28640
95311,18093
77369,32007
86011,7889
84952,10855
94056,18693
104796,11185
101571,12153
77188,15769
94304,16536
106008,13553
79849,16864
106099,27288
105086,10961
85658,8232
102040,11150
84343,10537
104882,6043
88582,13229
90328,20160
90536,11041
90805,12347
106058,29787
78871,26684
95489,26064
76637,15785
87818,6033
84478,20147
108394,19201
91676,34851
104964,2562
78506,38278
92557,25444
90715,16005
101721,6743
80715,23289
81705,21997
94219,38353
85893,17035
80550,15420
86662,11511
85271,20799
107075,21840
100992,13131
97396,6547
103943,7835
78916,15718
94516,21349
105411,9177
78377,23173
103977,13611
106716,15146
88465,16965
77421,14505
88866,11860
97787,20268
85063,9574
92555,15416
83695,9834
81797,13818
104241,36667
94730,17976
105191,14474
84112,9178
90379,11920
88992,9382
77423,19738
85126,8695
78691,32063
80320,30840
96309,9199
92577,15311
78891,17048
86056,15840
82129,13163
102436,10339
101469,6139
95885,29800
92879,20555
81484,5222
95550,28080
102726,9642
95252,21641
90695,11193
95863,22984
108338,22237
105327,25761
91616,16111
83077,7853
105582,16990
84382,9228
99666,16012
84818,17576
78498,44540
78378,49263
82799,4788
81429,1658
107572,16665
91279,27647
100475,6670
86325,11034
76825,29828
107657,9432
82346,8604
86687,7141
103471,10523
78209,19955
95328,12428
100363,10484
87672,8332
98994,9557
83549,10003
96370,13713
87842,13897
86297,12793
96716,18867
97492,20377
92786,11146
78254,15545
79291,19575
96050,18422
82240,22947
107938,11021
85258,10997
92512,22944
79919,29724
101410,5636
88700,17705
91847,64084
101835,7700
99878,13164
96318,9330
96245,16433
96194,21616
97973,8837
76985,23311
100002,12940
91364,20985
106980,7568
76285,19062
101396,16490
83368,8720
92820,14643
92264,16370
84052,7861
83928,10188
105324,19985
98502,5536
94457,13615
79073,20690
92738,19145
91008,28063
76447,30681
81627,18341
97016,11281
83182,8934
95791,34350
87449,22835
90013,25196
107223,17639
96785,18580
81473,23166
85403,16342
106473,11238
81568,19399
76748,15981
77020,18430
93210,29938
103955,8176
86509,15564
78291,21180
88895,10119
98026,9956
108410,23667
88039,8251
91193,114966
88087,2001
88708,15915
98485,9512
89847,14851
81318,51799
103971,11467
85649,8539
96137,12336
81112,22608
87825,18116
103890,13435
92845,63406
95649,25839
79000,9975
91668,10749
94544,31187
107024,19688
79725,11942
107343,20396
107612,17402
76647,9490
100922,6980
88583,10508
90425,16256
86258,9010
81973,15600
85370,14783
107854,9492
78195,12172
82124,32844
79050,16223
78880,30134
88596,17485
89033,12667
78792,10408
98664,21895
78544,11005
89184,10804
83109,8208
101759,14600
87164,17681
104156,9948
107607,26492
99705,7836
79398,15234
98401,8400
91911,24662
88175,6523
77275,21902
88946,13140
98293,8726
95991,19596
82196,13686
78514,38526
102853,13830
93984,19659
104689,28854
98534,10452
98744,13281
100456,7603
83468,9323
104432,22996
86752,18854
89762,6989
82788,19883
105604,12312
105490,11438
79447,16344
107405,19044
102782,11422
82786,9595
100557,14655
77711,19925
104935,7034
90750,13241
94396,28175
99628,15606
87360,8990
103238,10194
84883,7500
91450,26486
96221,7791
82400,24394
91940,9669
101320,10108
88653,7376
79446,10767
92672,33659
85552,16476
89858,13093
96610,11138
90447,6805
90357,14805
83266,12101
106259,33680
84489,11990
87875,11482
78430,31115
77249,18004
84094,12550
102218,13755
97151,19065
102064,8165
97655,15890
97387,8386
97118,15261
101804,11409
81888,21018
77455,25486
99638,13735
76845,13201
85493,6967
99781,3702
79322,29398
96766,21736
80513,51573
83907,18537
93217,19975
77426,12051
105044,9457
86573,9698
95251,30512
86098,5587
93674,25496
104392,9978
82340,30915
85899,21569
85579,5366
86725,12331
104810,34687
94570,15462
89607,8087
108478,17141
91464,26216
77613,21164
83067,6283
104585,24161
94473,20725
98756,9957
81199,21210
83741,16059
84972,12174
87486,14115
92290,24225
97049,6666
81960,27421
85765,15956
81319,21714
84335,9731
98897,8025
83649,11544
89567,2659
101958,10382
108211,18959
88326,13558
106424,16327
90848,10079
104944,24227
81300,31796
76804,142337
93569,17144
76839,18879
92611,30218
76006,24027
86953,10225
107767,17580
87949,12712
95782,26264
94414,29558
98483,23354
95988,14214
98640,9280
102899,4294
79367,56342
88430,16394
79428,20816
76247,30894
90955,23198
100711,6110
83720,18330
93618,23121
94754,23167
78740,30384
106522,22605
90165,8230
99615,6109
88112,10353
90759,23624
91835,12947
91563,31262
92736,34068
96939,20064
100301,8701
80143,18694
108141,10159
99743,6804
98627,18408
86233,12189
104568,18941
96489,8461
79018,18097
92173,25220
81198,13597
102450,11438
105038,19916
93284,20105
85848,14696
89587,11206
91457,10106
88804,8764
97228,11306
105841,27793
107331,16633
81008,13243
81853,24215
103283,11035
79036,19605
90376,15567
97271,6574
82967,11379
83663,7322
81640,18957
99076,23848
107790,17277
96460,8489
88286,16126
86545,11441
97634,13155
94452,16142
94409,20542
104877,10412
102952,10800
91502,15802
105695,7785
78608,13877
77384,36713
82188,21322
81054,15821
92709,20470
98260,9836
78996,17907
103868,6430
81809,30568
84251,11140
103762,7155
101479,11272
90533,10096
84636,8230
103208,5959
90274,8837
87517,16309
79671,31966
81486,29895
89338,23144
76912,12469
89675,9509
101294,8132
98316,9189
82457,15753
78558,16520
107933,11183
87555,17427
80873,15258
94717,22308
78922,17265
87376,11158
79203,22230
83801,13161
80314,19184
96011,9403
106585,22961
94122,23568
101723,14029
95561,18876
82751,16013
107424,24160
108316,23719
79229,8146
104835,3832
106289,11091
89876,11260
96917,10836
85982,21949
105023,16536
76749,30720
76453,24683
98954,9542
101783,10980
96734,6390
76884,17110
84277,12737
104756,10375
89268,19432
78955,20976
99279,4360
77361,27412
97823,18767
84313,10371
80520,20010
105472,27560
77671,9105
93098,29723
86559,16867
86582,12942
79414,11637
97179,13300
94617,20207
85780,5291
90904,33603
103178,8483
105752,17102
82636,1695
81069,16218
76784,3512
105061,43160
100732,8213
106562,9052
102833,8033
79029,16481
91944,27023
99849,6605
85213,18945
92653,18341
90824,8913
102752,13387
106732,19493
77076,13116
101825,16644
78920,30993
107404,16714
80053,9012
108062,10062
88256,16374
93809,29936
97342,12067
101308,6194
94366,21901
88228,9955
91471,24114
92294,14927
92018,24991
77448,37374
91091,13397
90892,10175
93754,30183
103644,10326
101170,3549
87238,15526
103651,17122
108015,18084
96704,8969
87938,11359
82456,11637
94735,32492
79831,20007
99435,17611
77407,20065
105163,14167
90450,21667
101144,9581
85101,10960
102152,10043
96445,24914
93062,47958
100172,8623
91519,22408
77563,120076
106245,15459
78606,31350
94171,16523
82263,10576
104528,6882
90918,28383
85512,10755
88317,11221
77807,10634
96992,10462
93802,22998
108022,22608
97029,13159
92027,45661
88331,10957
81387,13492
78465,8873
104119,11915
86438,7739
78315,13093
102212,14085
83625,14637
99983,6254
93838,17926
86485,15450
99164,16026
100640,14909
91693,25681
90195,7654
85076,9656
83090,8340
84161,10092
85985,16620
84759,10302
105838,6980
94748,19314
108188,14055
94465,17229
81856,13012
102715,11440
106448,18253
103923,4638
79482,30101
86062,10109
95217,20426
95712,46768
98498,7819
79175,13215
82244,16788
91792,24638
81626,13897
83185,16176
83134,12374
97667,10937
90780,15661
79383,30426
78440,33477
93657,17622
98771,22269
103569,14343
84696,24564
104235,23686
89916,14583
108238,10274
97737,19401
95184,38380
77985,26035
100680,14270
105919,32808
102177,10618
99133,7075
85097,8937
102464,7189
83036,7075
82142,23066
92118,9164
79734,13381
107861,18742
98253,9818
103183,8026
98112,10905
82339,21856
84875,16987
99774,23038
101808,5641
88731,11276
84055,6309
87777,8101
93362,14997
96195,8532
87650,9314
105329,7337
84167,11278
79667,18513
85111,16407
79561,18083
81753,29282
99584,12404
107389,6357
77634,60576
97353,10656
88362,7974
78923,29797
78687,30854
79611,12275
97264,6805
104372,7505
88340,8175
81409,13195
102716,10321
100489,8160
86616,9544
96450,9940
103898,12548
78965,13689
77910,16382
85534,10435
81814,20000
88537,14492
97930,7103
98346,9938
96397,18859
106812,35867
88599,14968
102760,10615
94884,25942
77319,33609
77255,9664
79483,16013
93869,18051
78283,30462
79491,14280
79679,16409
104817,9031
81355,38582
102513,17495
102311,7833
94639,31936
92057,26961
108057,9880
78415,28132
91755,16913
94507,15789
77368,24896
88838,13513
86482,11623
103032,10267
101482,11198
95744,19722
76424,3282
98537,16727
100039,10169
76025,20900
82426,6722
88387,10598
100785,8100
84030,10585
107046,13337
80159,9581
81743,31875
85348,10564
79901,27075
108373,20194
79436,13906
83626,12422
84211,11435
107879,8934
107245,13224
102868,10477
98034,14699
101634,10455
78902,20733
104908,25297
108265,10166
89613,15552
100852,6621
101045,12599
98194,11199
87876,9841
88436,7238
103563,12814
92679,11628
97639,12251
101310,8890
107398,24349
98740,7131
103081,4151
93701,39323
88341,9756
91276,19197
78877,14747
100579,1477
76474,21908
100963,10876
98672,5156
94737,18695
106382,8691
90771,24968
82118,20574
104839,28196
88881,6247
91400,32692
89615,4463
95916,35121
99952,9409
95605,19865
108251,12120
88507,10695
97142,23079
97129,14179
106320,5777
104569,4972
86018,16374
98054,8917
85925,18560
82859,10059
107329,23145
90943,30218
83393,7827
108091,10704
81571,17695
102704,8952
89511,7906
86361,17532
86449,10028
91048,30594
88932,10753
97096,12742
92493,27179
106005,30327
92101,21327
85618,11438
92275,9377
104354,7657
100165,7491
102137,11783
92251,12743
102299,13995
93358,25393
91807,47542
108402,12234
77155,23905
79195,25272
96974,9245
105848,9763
105425,10097
103620,12944
79238,30576
82292,20159
84451,3381
93942,29404
104577,8934
105690,25314
93421,11768
94411,20339
103746,5829
104927,10770
105798,11244
88601,8401
87898,9236
87580,12215
106294,27360
83194,11405
76073,17730
98161,8495
99152,8483
78180,12545
102662,7774
98915,11441
103302,12251
107764,10823
79227,23089
96799,12899
106081,17651
107508,23970
97995,13741
97586,20106
87104,28516
92790,41779
101900,13067
107104,13221
93384,24440
100649,5327
94525,25371
103004,11573
81477,58615
94774,14261
86403,16798
95958,10203
85977,19147
106000,25463
80189,37192
105330,19762
98119,12672
108242,15972
86122,8877
90847,15849
78649,17279
78043,32204
83454,16759
98842,9964
80378,27475
100525,8638
101979,9289
93192,29376
96062,12145
96319,10454
81121,49679
96527,15759
76762,56157
89658,9090
97136,10362
91941,23105
107113,9804
86846,9140
102674,12609
85905,19294
78034,11634
96919,7021
81474,24515
92121,12488
108308,23247
105113,13707
77939,34967
76253,22516
86272,9934
103786,11035
77663,24279
90143,12805
83487,15484
99629,7591
78016,45031
97062,15845
87499,18888
104580,5435
92086,20158
81704,26194
85458,18096
94697,23948
95730,23248
95533,28204
76852,11811
83813,16691
91465,26047
98380,10653
86923,17153
81159,32540
99462,10148
86553,9367
96547,10132
77542,11371
91704,27697
103567,13895
98508,10319
94989,11102
96305,13558
103772,14603
89923,10726
84616,16217
99970,9019
100286,7129
95785,21279
77239,8833
103828,8811
86204,19759
96855,11031
90132,9275
83949,5153
97042,9451
81439,3876
78200,26314
96583,16850
77935,16886
91759,15785
104912,17985
95613,14709
105447,9719
89828,10588
97297,25943
107599,17091
103109,7007
76094,14309
104324,16625
82877,16484
88953,14298
106644,17347
100086,8884
103949,11018
87447,15275
103384,11873
108506,18544
82045,15553
86346,14120
92643,33315
106532,10400
100209,15794
78371,19088
79815,17985
99946,7630
85965,9411
79558,24498
108318,16308
100907,6430
85301,7872
86214,4035
76307,14147
89487,9387
90272,18769
92470,20762
89056,16438
108376,12880
90393,16835
90202,7837
95164,16743
80501,19788
80614,27799
86354,9331
103851,7999
91517,2467
80179,32476
97710,12779
94083,28610
83733,8003
105032,17558
91064,24942
94799,26801
105548,20823
94248,47267
91984,26266
105390,11432
84137,6632
84643,9104
94173,29145
89789,14375
99329,8008
107125,11115
81011,11533
92062,56769
76630,24542
89022,8980
91463,28749
101563,18352
104307,27848
95572,19104
91019,14989
76966,18740
76916,30600
82319,24160
93863,21810
96798,30724
87072,17704
92771,17908
105915,8666
106830,12851
88798,20063
81750,11037
90415,10864
91110,27196
82187,25215
102386,12698
103517,7212
86270,29053
83526,13038
83728,15055
76878,12321
99712,14323
92556,9490
89879,7023
85276,7292
85272,13199
82645,10933
81445,14317
97841,15151
97088,16557
87735,10017
100748,16888
94315,34376
105218,23487
79295,21726
85482,11137
105112,11177
98458,12208
98177,8285
92392,20444
106885,9000
94239,26838
98355,6122
81111,21577
101464,11588
92070,24300
98707,24326
91095,18451
84486,12380
82898,16118
108233,9305
80001,29030
83538,14243
88563,7133
98871,9905
80645,63640
82054,18869
86397,10635
97865,14678
81700,30031
100417,9382
91017,20557
95218,23232
105519,10451
98097,9761
89232,9576
104997,14481
94952,51578
87017,13259
94876,32804
87741,15738
82776,10556
106221,20323
100602,12162
105337,12365
94476,21876
82899,11646
79145,34880
90481,16530
92396,32848
94605,23822
101668,8508
79742,9841
84465,10333
86828,11427
84944,14653
93680,33579
85778,7532
82841,10946
96597,30625
106852,9889
88003,14682
90461,9661
91184,12029
88055,15357
99180,10705
87766,16288
86691,13920
107751,38124
94882,31464
78637,26846
100601,10563
106271,6966
94355,28522
103261,10019
84449,4506
79799,22894
78481,12262
76569,30709
90516,20426
91054,29866
97435,8149
91203,16990
86130,3975
93768,29253
95494,27973
94319,37022
83638,14418
82289,36721
107990,15131
76261,14045
103466,13591
91403,21010
106025,16088
79465,25999
102871,17060
108446,12423
107305,21642
80190,27232
81649,8166
104611,13193
79821,22449
106756,9856
94209,30534
81524,20788
102947,10968
87868,11414
95933,20136
86850,8783
108381,16258
88771,6125
83105,12042
93264,42246
93240,24695
94060,29248
95003,10400
105812,20883
76675,27995
91421,16460
102047,10475
76316,18312
108385,39737
80043,21943
80122,11541
76885,11585
100765,12880
90748,6768
90799,14747
98792,12273
90085,6674
96967,12740
77008,26461
100132,13500
90720,16063
105966,13292
75981,15358
83312,14263
106478,16395
107800,14432
103769,10952
91814,20374
92683,24469
93319,25526
90670,16314
105982,18465
96565,12208
89299,21369
87406,9779
93260,48439
101201,16545
85414,16154
87273,9369
77653,17933
94848,24340
81983,10929
98927,8173
105078,16587
102825,7841
91211,17962
83862,9759
76624,13887
96502,7132
93149,30796
105761,17405
81327,10291
76688,13408
99302,7849
89052,36627
106892,21009
97157,14411
87715,14313
104669,18780
108522,20910
104725,27471
86473,11942
107402,25183
99376,21800
105473,9707
101761,16219
100229,5488
104122,5331
103433,10550
95259,24209
76691,11924
81526,21435
90817,15371
106577,25218
105900,14870
86342,15683
100902,12179
84715,9120
90605,13871
80255,10279
84484,7185
82894,7028
86148,8991
100981,5673
104559,28753
96603,8964
79461,11457
83864,7147
99364,12558
98182,2949
85145,20133
102591,11140
91416,29138
89032,16708
98530,8735
98214,10945
87931,8958
90835,20869
82398,28179
104749,7932
90735,13414
105444,18980
90324,13571
102500,13697
106702,7470
90727,7874
97427,18446
99844,9034
94541,49702
84483,16456
100773,9714
97910,8057
97461,14865
104846,8384
83951,14804
90276,11206
85508,14095
90153,9892
89830,21653
89708,17652
98504,22625
80397,28656
76172,43067
85446,11075
96732,11567
90781,8044
86208,7845
87814,10155
90938,30180
91231,24689
80979,18662
85098,16547
82160,49822
82809,21227
86468,17128
104758,6456
79772,30741
94343,22711
91304,28574
88751,12947
108437,41321
94059,31671
101856,8224
76319,17091
77918,30364
81976,41601
108377,20536
95984,30703
102208,10645
84420,18478
103716,15275
106428,11262
94602,16093
101119,6878
77387,14669
107227,13803
86164,12972
85096,13857
108198,6639
86401,9390
86386,9796
82726,13496
91977,35903
87805,20747
92810,60952
92387,29429
76117,13971
103862,12445
86962,15399
77023,52090
102863,11654
85375,9236
84363,16448
77485,17811
99266,9958
100253,10715
79037,16313
92228,28566
84144,15444
96577,9621
81837,12797
77791,21052
80717,15311
88865,12500
103611,13607
96150,25264
98071,24169
90964,16045
108523,26741
89431,11806
107595,22927
94778,24675
91385,18398
99288,20316
82885,15371
100437,10967
88938,18042
98801,15693
107023,7449
88675,18987
90159,13914
85804,11356
80088,31089
94929,27683
100421,10530
90603,8721
101899,11011
83201,16187
96023,9360
102019,10426
106863,21934
108263,23367
100605,8117
100998,7787
105544,22093
104343,9023
89692,6605
106309,9334
86065,7129
86436,9666
103991,7751
92712,36274
89709,14112
95415,23939
84959,19024
89069,15710
85580,16097
100728,10901
80638,35803
105713,7205
98494,9588
94819,29523
83800,7739
91085,16492
102276,10514
96111,13242
90891,25134
80010,10394
99501,8783
105431,15218
82161,10793
97426,7704
100242,16362
102470,12243
94769,35026
83472,11687
81138,30205
82719,16919
97305,12810
77744,11792
83536,12695
85355,9572
84273,12354
100061,10606
78109,31059
86119,16469
100274,9104
90390,15573
93338,37056
97460,9631
87833,11951
107064,20201
80942,9762
87473,11237
105869,13191
91776,26934
85853,15804
94909,22992
82407,15604
97633,11584
80176,22633
88572,6167
97971,53696
88633,17405
76234,20968
98579,8327
90034,16342
80857,24753
85633,11018
97760,17070
88831,9670
101303,6197
104373,11646
83512,8569
102692,12021
87092,7501
104305,20816
95344,22557
76629,27817
83699,9696
99290,9845
93528,31026
107251,7423
103980,13197
94469,28615
96448,12355
93511,21287
101249,16937
90543,16194
94928,19685
102623,14849
79505,14176
90175,17801
77417,15903
80974,25692
78874,14314
103376,6071
106490,26133
103267,6239
92434,28043
94016,43989
107217,20663
100783,6262
104306,9779
107691,43790
79101,23426
79607,14860
96910,13794
104648,16410
97752,6909
91917,20461
78307,32337
77462,10806
92958,84619
92148,47949
93317,26677
77824,22191
81043,17562
77339,13544
95942,22593
106865,17789
100781,14387
82907,8421
98541,26750
99032,6688
94935,20305
88567,14825
103765,10247
82436,11240
87940,10243
83542,19231
80229,32646
99988,7960
83379,13675
100404,13183
76340,20192
104105,8848
107460,20456
83058,9818
87987,10427
105926,6172
92263,21045
76100,16516
98059,9213
97622,18961
100124,12351
85132,15869
90849,9076
89461,9425
104144,31270
76429,37016
95660,36128
93649,19881
86295,17968
91313,45967
77778,39899
76003,13482
96131,11280
80441,14384
107065,24699
87237,8971
79135,34769
79471,14038
88444,9776
80954,12708
87030,16716
82803,13687
92307,16726
103846,11370
81505,50099
96454,10180
92723,24008
85406,9163
94692,22187
96459,10171
97045,4163
88125,15945
107173,20908
86708,12092
104799,9754
99726,8488
83300,9281
87117,10375
100398,10419
82731,15873
106322,28332
83937,12065
76509,27834
85158,11397
90411,17225
79751,18831
103864,8346
85183,10015
83429,9887
104401,7296
102908,11560
82107,18599
83546,16435
101326,6938
83489,15543
95464,11617
95312,18670
76958,12658
87284,7432
93565,28537
91521,26755
103751,11928
102806,8353
83404,16156
78539,19994
106376,7500
84742,19881
80991,13585
99185,7477
81160,26112
101309,8109
96620,23072
85514,8868
104504,11126
90442,12892
78824,17751
93907,9675
92574,40214
87966,9727
84013,8010
76192,14901
101039,10659
93377,26013
89911,10103
82649,8781
92244,34689
79456,22031
84577,9178
101829,12187
82454,10512
90738,8412
78614,42444
105723,12532
92281,6016
83361,6262
87484,11220
94268,29328
102791,7012
80098,41973
91058,15070
94029,29827
88543,10441
81670,22599
101579,10486
78436,17255
106875,12064
87655,15000
91929,26421
91251,21810
89471,12599
97578,8739
82672,12694
78444,22043
100808,11953
88869,11205
85357,10107
89167,13194
106862,25443
91281,47866
87788,16293
95287,17521
85680,8992
94781,20189
84268,13453
91867,32493
77714,23047
103499,11366
83996,8233
84187,13232
94237,22700
86917,15169
99891,12946
100901,9225
78556,32597
98139,21624
83447,18288
80732,21822
81168,14651
101789,4663
96183,14520
104888,21470
79944,64494
84752,9129
99274,4502
101601,10800
100509,14925
83579,19092
78657,16328
97894,8143
98305,13972
81298,13611
98132,9544
83681,12725
103875,10546
96447,21658
105060,19956
79150,49733
105628,22777
84027,11184
98984,25085
103343,9511
87304,9987
92483,33043
78555,17518
78697,43835
102830,11873
105192,19157
88749,11184
97670,20901
89034,7528
101691,11461
79307,21132
92856,15174
85540,6876
86841,11808
78144,21072
106175,9180
101199,10546
106284,13349
107920,3910
85677,19365
80672,26668
87751,12502
81660,24637
104608,15783
90356,12384
96037,19423
85376,8310
94596,14586
88457,10980
92475,14073
81195,16700
92529,41144
96471,13507
107840,10222
84210,10755
103192,14292
101468,13638
105529,28779
97367,10629
86100,6483
106778,14346
81881,23811
89597,12318
95589,27406
78552,46818
105240,18635
83448,12057
83290,9485
93867,40782
104187,22140
90760,16476
89599,7333
94415,13968
105080,6790
100371,13029
80360,37372
101046,6831
76264,16513
93041,24571
104160,11104
78058,49802
93770,13332
101223,7019
101983,7623
98730,13400
89800,9505
88196,12302
97641,6145
103870,10270
84704,6074
77526,20705
77738,21861
90078,2979
94292,25904
78838,17342
81836,27987
80276,26472
108312,18825
107467,21938
79713,22098
93468,35945
97220,15872
98297,9129
91141,44649
105107,20353
89334,12746
80077,27693
85326,15529
88677,16643
86517,11241
78770,29017
82840,18366
84256,11127
92318,26263
92119,19825
94970,28395
76714,16387
89170,11959
90548,14120
92194,30638
78522,25775
83527,17169
104239,8961
98128,26549
80712,18388
80259,15619
78469,31859
101923,4937
103655,9083
101481,9771
86550,15800
90289,11779
86255,13305
80411,16377
97263,11124
91086,6970
80675,13171
77800,25446
76613,31760
87002,16963
104952,12151
94790,36896
89888,8609
106268,33022
76926,13021
90503,10956
89083,20668
92741,10615
102911,15836
84601,6940
84846,9824
87884,13737
88305,14762
85335,11354
89396,16860
101992,9142
90693,15970
83262,12282
81620,17550
88435,14321
80013,38200
79539,26307
85226,15310
93522,32056
77175,47519
104947,10383
100869,10440
91575,39276
105880,32863
106564,20595
100585,5604
107332,10606
77295,29318
90575,7186
102261,6903
108080,14377
80364,19333
92476,9709
104078,17420
79184,18675
107575,10685
79281,16584
88560,15974
84166,16111
78054,13537
97324,4066
85558,13888
95710,24779
98600,4570
89622,16500
81838,23086
90646,15767
88110,6113
104085,12919
98242,12308
106226,10458
87500,8559
104807,16041
100160,10023
105379,6255
96754,22783
84863,11348
100130,10920
93462,33531
91640,10533
95922,37620
81137,31053
78194,10607
87308,12253
106775,9745
86629,11520
87659,18380
76404,20810
87258,15646
100560,12045
78660,14106
76485,18780
99545,20648
103074,11008
77874,19038
97514,12475
103308,6959
94753,30510
80045,22031
107089,30408
101236,7420
103264,15552
94387,15596
91926,15387
99972,13101
98651,7011
94873,28088
80722,6177
95907,53879
87746,15676
90574,11360
85387,13371
84204,9703
80453,18118
95244,33932
79952,14262
105770,11124
100419,15028
84200,9951
88059,9904
85615,6349
90795,7093
97219,9523
81380,12895
78928,17675
85613,19426
90529,13922
89825,11957
107431,10088
97707,6532
76203,19471
107808,18884
106497,9852
101925,6489
95434,20286
103718,13831
103544,7181
78735,21227
101803,7292
106491,20907
85594,10284
99930,14488
100927,7288
76097,19127
89406,18267
103773,7358
107843,10259
83507,17126
89693,7923
101441,11088
91438,9305
82189,21538
94224,30061
105046,12994
105441,11971
97014,5163
89955,9645
85532,15785
99916,13226
103336,11490
102567,13934
77309,12661
95074,24369
105279,19000
77443,40338
100797,15428
97954,5959
104854,10172
77615,12683
99982,11550
91956,16926
79467,25882
80293,12728
78335,13514
96252,20774
94301,26018
97832,14654
103557,12701
86997,9811
78106,11664
107176,12070
102079,11702
87624,17331
108178,10461
82226,11824
85709,14997
78061,42413
98092,8759
77846,17348
91751,20816
89344,17950
78458,28639
90444,14163
100411,6934
76272,18369
83891,11988
87391,26639
83460,8943
98018,6916
99334,12794
97352,12782
85704,16548
80151,13118
83044,10895
98476,8046
82495,22032
100766,7532
87429,10379
80457,15508
97923,13497
84002,7874
100461,17218
101414,14175
86834,14554
79455,28578
89913,8220
88592,7517
90339,13788
94894,32846
76725,26104
95859,25521
92694,13257
85619,12001
107634,12205
101014,7493
91174,27472
79521,16363
97334,9167
80761,11505
81867,14625
96925,14194
89478,7756
104606,20055
77120,50096
94436,17870
96562,9223
100076,13930
100900,9574
87706,10957
84868,8251
77447,9853
99633,14478
107182,44227
103805,7110
79968,21831
106861,21289
81356,27630
90962,30402
102794,10053
102702,13766
101649,9272
92766,9472
95750,9596
102296,15598
106629,13224
98746,10894
95417,29451
91178,18227
103915,7511
94148,26890
92159,21282
89562,11330
84575,6378
98654,7745
96212,21627
102653,7575
88269,13370
79684,28915
83922,13294
91288,32009
97422,12662
85223,6057
101422,13350
80295,16687
88778,20250
102400,3782
106858,16674
91510,28479
79257,25883
106694,33323
86646,19959
100380,13313
79631,29721
83337,18649
92866,13895
93764,20514
100701,13349
85085,9913
102731,4211
107928,21356
95668,23138
86229,11622
102872,10256
95063,29261
86474,28574
80950,47893
84432,7900
78964,8737
86914,17284
97272,22575
99757,11862
92235,20118
87764,9893
81233,4543
91506,32606
77920,13178
104487,27857
102823,13981
96590,11358
101069,9244
82549,10428
77585,22309
98854,48359
82501,12973
101386,9552
86959,9022
105135,20113
100304,13680
76999,23134
93936,15085
96755,6524
102115,9787
81953,10056
80238,48630
84324,9731
105850,13284
86327,8558
87989,5896
93530,41123
99610,11156
102129,10233
100985,11446
76008,51553
77703,21483
94691,15161
103293,13682
84439,14654
77444,17449
85455,10809
93989,65666
85336,10825
100517,15683
108179,26616
77395,11188
98462,11399
84943,11840
78028,30453
81596,23589
95852,38998
88816,17420
94448,25882
86470,11796
102503,10159
105474,8735
88119,10740
96141,12095
85763,8509
105011,7658
99747,7416
108392,16631
90949,14144
105446,15560
95792,33861
94956,21285
102277,5218
77366,30424
91112,19372
76355,22888
79142,22487
103859,4881
82352,15928
86826,18959
86754,9708
104363,9202
93154,28819
90930,21079
107269,18231
104109,5948
100487,18407
106527,17434
96225,20308
89925,8605
76775,28396
83082,17808
105115,31153
103481,8674
105642,20571
92703,18836
90864,8552
96072,7713
98628,11240
102378,11613
85185,9846
93707,37525
98795,14094
97577,7167
79804,21706
95541,13288
78568,54013
79608,24239
103860,9846
98449,14325
91377,26494
103436,6015
102582,12553
78381,8519
90999,18130
89764,15656
99515,10591
89133,6403
81859,36554
108005,10589
103733,10111
105155,17374
100185,6022
102347,13237
107943,11616
104445,9393
90149,22402
106593,16225
94733,20042
91481,31082
100201,8339
94149,19764
101639,3054
81577,30177
80120,31097
85995,9604
85199,10164
85909,20886
78676,21777
91948,32963
88041,15818
92848,26005
87598,10364
83613,12674
85054,10506
96903,17326
78725,11459
94869,33192
89121,6619
79858,60862
89079,16092
77639,39816
84498,15738
90431,15682
80553,10089
90257,7597
91607,28305
82794,13951
79243,34342
93687,20867
91774,31339
104622,6966
94152,6712
107441,19218
96359,11898
105873,19614
82415,12025
106807,5574
82732,3826
105350,17525
107206,12726
82693,10687
101998,9643
107032,24388
88200,13820
105801,12907
86649,10468
104334,17049
101972,7367
99530,7455
96201,14619
105972,9371
100425,9168
106763,25563
90434,5961
88690,5495
88747,10977
92158,15106
104298,17831
91527,21178
91731,17348
89575,6934
107525,15900
80805,19626
87001,17142
76256,30267
106726,13836
100912,15270
78223,21860
78232,45506
79424,21448
83551,13720
98945,5648
101673,6996
108525,13080
92543,47543
92373,18370
96994,1404
80957,26187
104185,12712
107318,22359
89348,8132
108046,22554
107385,20508
104247,23700
79675,19078
95374,20885
108422,10909
76584,36218
94645,17080
87779,10988
76043,18482
101605,12840
83501,18515
95444,24173
92724,42519
101099,15083
105469,7676
78289,31284
90064,12790
93527,14718
102951,11926
95138,18642
90436,21168
86900,11603
107779,18719
98096,7054
89305,16247
81735,14491
91537,17440
79302,13016
106769,15337
105306,12169
106670,14708
80113,31409
87168,18851
90710,6490
90995,14186
96388,13206
88029,16450
92389,15856
102649,12910
97530,8401
88501,16179
80998,22195
89624,7650
83063,8324
90128,13524
104897,7135
85490,28712
99453,23420
107743,11900
105662,14522
89186,16294
93355,26292
100497,12573
104389,15075
104476,12512
94822,14426
102639,9192
86493,9070
95602,29847
86924,8490
81852,10305
102319,14494
107863,11866
82938,13318
89666,7517
92812,28679
97393,7848
92386,30151
77152,9404
107259,20524
90094,8285
103704,14137
107194,22000
86326,9030
84993,12001
83853,5225
98484,24241
91880,22603
89715,6445
101393,9156
87375,11366
81722,14543
91249,17867
103603,15160
96576,7420
77094,13354
97706,17255
76932,11926
86648,17874
95671,20268
87831,15532
82577,11011
87475,11885
99557,9523
82882,2593
97798,8999
99009,30742
98120,10213
86637,9178
91310,15549
101677,14188
105146,10551
99727,12630
84169,6966
91121,18375
87151,11033
107732,21327
77136,29997
77148,4468
104946,12693
88249,8729
105127,17338
89504,19050
81927,32942
86452,16816
78250,17354
85921,29017
81378,12649
106286,17510
82085,15270
100957,11841
98903,10857
93994,29365
95727,44518
102483,15615
85566,25588
97406,6127
76120,4041
101642,9585
86245,8043
82830,15756
85386,11325
102072,13139
81015,15923
76016,28499
103157,18472
85980,12595
107548,20260
83411,17695
99745,8812
103338,8655
100366,10186
107718,24398
91888,21133
106559,15989
102293,17089
88007,16553
100545,13419
81498,21075
81632,58256
102626,7119
91621,18737
88591,5147
87743,1708
79289,35806
79813,31072
93561,41421
99218,8245
83575,21896
86909,9805
81952,7408
82101,35143
79912,12641
106129,12859
103614,10639
108271,10030
88813,9305
105533,29927
97693,15677
106423,8398
88858,12704
79568,19751
78667,45877
106744,19353
79183,18188
92329,18506
93551,77306
84807,6549
106251,20449
86816,10603
85547,8905
101577,10708
103281,8555
101919,10893
97281,9621
85353,21136
99143,6980
89606,15734
108144,16901
94628,21633
78418,30449
90238,19263
97412,10631
95368,19146
80945,27499
101657,13516
92454,33886
79075,11973
81257,15405
99019,9447
91946,9456
100356,7986
88464,7271
82081,15949
97199,12214
99762,8778
101497,6954
83716,12552
99067,19702
107895,18366
84198,3259
106770,21771
87767,15654
102945,10343
95956,20696
81644,21805
86278,6587
79399,11338
80474,14671
94588,29715
108471,13986
93417,14873
104702,22622
84151,5504
76589,13087
104490,8503
86365,9366
90620,5929
81071,48597
92311,25369
103019,6580
100231,11391
83298,18313
97958,19721
95436,25765
85413,17174
104619,14148
84835,6700
86314,14257
91780,35323
88338,13182
98012,9501
91161,22294
108156,6260
80607,18058
105607,18608
106586,10044
93442,10381
101779,11202
86324,10998
101056,7683
89524,9074
96619,6404
102914,2319
105085,25152
88414,17282
94174,14894
77296,13475
93567,16743
90823,11303
83440,8615
91053,19315
87349,16091
93853,14683
88334,4563
97251,15791
108429,24947
90331,10485
86234,9845
102632,7479
82553,7565
105227,19099
76476,10870
99277,9085
107214,18241
101622,9605
91446,17600
102009,9325
87852,8242
93868,19317
106100,21955
84477,16262
90371,6413
101643,4901
92270,31260
91036,29474
93120,12522
96986,11792
88712,12734
107673,10302
94689,47457
91664,34411
101139,7039
100211,11348
84843,14405
99077,10897
86601,10469
82207,27834
83457,10102
78306,34293
102397,13203
103423,15627
105818,6912
97146,15554
95680,18121
102459,7253
107092,15893
92734,41848
95647,25917
77576,13034
101530,12969
87264,7550
88978,11037
86197,8292
107810,22871
81681,17154
105951,10379
103476,12983
100268,2812
92647,21735
80498,18317
90634,24635
86670,16655
108110,4585
83881,14499
77006,15094
83528,15106
86178,7207
105430,7936
84321,18847
90491,14002
86339,14962
92286,26435
101926,20260
106776,16900
82619,14774
79817,17311
79626,16039
87043,15245
106571,17350
87059,16669
97729,12858
100298,11015
98256,12824
97907,7255
95953,18835
91657,57124
101343,14922
82111,61232
108388,13888
88818,16212
77029,29606
104074,18812
86201,8179
81545,14984
87713,16965
92371,22473
77156,10005
76880,23607
88282,12707
96654,30985
97866,26364
90293,4478
91292,20982
77320,16259
90383,7937
100241,10678
107973,9768
79074,31096
92862,20230
96379,15592
100683,11004
76236,28406
99113,13439
100305,11424
86570,8676
93251,13356
95890,18863
104632,24845
84213,21781
107818,24171
101521,11522
83053,16213
92890,18709
107449,12886
84022,9234
90915,18559
80324,49673
81352,21619
94642,16692
76123,29857
79202,27763
104174,25032
91030,24743
107033,16487
102759,3802
102192,11706
101885,8425
97716,15514
81631,14132
81759,27526
98702,9462
105784,23202
81817,21532
86529,13019
97857,9656
82820,18952
79072,24598
92301,25727
80309,13468
102835,6470
93599,17437
90253,7233
92875,24106
83698,11311
104398,50036
96860,24289
105925,28975
97861,10253
80226,21222
92699,21404
85949,7753
92215,29637
84214,12984
106157,13381
87047,16632
102413,11754
97955,12194
81441,31374
101029,13468
91634,20598
84859,7530
93328,23699
97318,8010
108048,15032
97815,7329
101921,6948
96260,6629
93491,16717
95257,14987
83326,32039
82475,18561
107393,10768
94132,23385
103233,14369
88140,12764
88395,8654
95094,84533
95939,20852
108234,17767
78788,26593
93021,22378
98301,31043
104221,9834
92384,23307
76288,25366
99805,12865
90900,10004
77888,31740
100126,8190
82197,40560
90987,13247
105383,20994
100476,8617
104238,8743
89211,13535
97794,4894
105692,29103
98699,13015
104212,17915
107544,12019
107748,11943
103427,7477
84063,7285
98384,8062
91209,11298
101379,8801
78090,66349
88321,17229
78786,19394
90751,8170
85706,18121
100853,10845
106131,18790
89397,12614
76263,3211
108441,37586
88221,12654
92526,23840
81169,24925
99853,10580
105516,9590
85227,12391
101567,7166
84331,15880
78187,31022
94441,16026
100067,5615
84660,16460
98951,25479
93815,7082
76848,17745
83378,15585
79966,6475
98219,12428
89076,11612
86619,14818
106225,14057
76793,33583
88351,10531
107927,26381
93374,21554
84067,15400
100355,14222
82099,36412
96457,11996
103061,18245
89169,15893
97340,6653
82912,20377
82266,13357
78561,52002
100839,5104
85302,2528
99375,11826
99881,11165
88083,7154
86412,7324
84852,9469
89087,16762
77702,53275
94308,24607
100896,8177
88225,11071
89796,4312
101985,5459
77360,25527
92220,32984
83866,16707
103140,5146
78348,15519
95353,24659
81413,14183
77106,22124
103700,17777
88524,11336
87461,12895
78565,34526
82507,13235
95578,3657
91998,18386
98342,17870
96413,12405
78273,30406
105735,14327
83640,17676
100599,11415
108024,29315
85550,20003
82875,8271
93272,9943
87870,10145
83279,11701
105742,16412
96152,25201
97215,20103
76322,58936
104938,25503
81197,13905
94638,14783
78474,31972
78282,14452
83765,14111
81798,18686
84877,15270
107924,11599
107870,10492
86640,2845
90317,12391
90787,13978
102045,7553
95893,28172
104067,12107
83702,8457
88581,19172
76140,20386
87782,16042
96924,29310
81993,30396
92440,24376
97803,7023
90468,6783
77617,30164
108325,13819
78387,23041
93953,127263
87120,9368
103344,9159
86899,11178
79585,24939
86908,9747
101362,17061
89150,16285
92083,16733
81913,17588
86370,7820
78733,20188
92552,24117
89154,18092
97775,10232
94930,60437
79476,13545
76220,10921
98869,12872
97474,16487
99008,7441
107702,25948
102495,13822
76423,20839
76460,10888
83918,11285
90937,25285
98893,9028
95015,61118
94231,20664
107866,19283
91935,16845
94141,25188
84712,11364
85125,15692
102606,15645
82305,17297
83086,8218
87329,9686
100213,9463
93661,26547
95973,26001
103243,7021
77036,12970
82262,8133
103648,9203
91920,22956
85960,10847
92632,33605
97381,11496
100466,9236
77087,15252
89734,15086
83766,11632
91812,65143
93927,50320
93439,12859
98318,10479
86863,10842
95233,18268
78974,15291
89793,8970
92799,23319
91635,22270
78414,15203
90596,13192
80519,32948
89515,8359
86481,12061
92047,15801
77635,17770
98546,7926
93556,14090
76764,31940
104600,15482
107170,25426
104809,9472
104957,42092
100565,13990
82733,10660
90487,5693
104778,4232
106916,30674
85771,9468
99896,9987
94796,16164
105856,16970
85845,12501
102590,9301
95913,42207
104395,14816
96422,13737
101279,10562
98041,6146
90702,8790
104988,13293
99996,16061
103713,8847
79170,36674
80452,11672
105657,26208
94986,21593
106339,11426
98568,7513
88304,7239
87628,10556
92003,21209
97111,10396
98892,14631
97778,10463
95960,29497
80575,16220
94709,22257
103647,9309
87784,9824
77344,30539
104068,13352
94747,23406
82797,15165
77079,15592
99217,11047
84624,9693
79999,42624
107791,10919
86274,7165
92407,14444
98109,23901
104428,23875
76693,18046
96321,7820
107222,10748
80693,14229
87795,10858
83814,10452
85548,10015
103252,9479
104453,18542
80578,29097
103826,6304
103199,6430
97338,7179
107287,11432
77059,35096
93965,17383
89513,8624
83064,8354
103490,12448
99116,6892
99690,11670
96405,10204
96969,8675
84317,17955
86480,17142
78305,50818
96458,16790
96847,12401
87888,10086
92753,41276
84191,7337
84830,9619
100910,6975
94969,48990
89103,7814
93092,19040
106511,19366
100549,18288
90741,14915
78118,19137
94087,12514
87584,16343
107254,12509
105985,20609
88323,14545
105221,11953
101901,13996
90944,32420
98634,8709
94057,18604
77391,10633
77284,41348
95838,38497
105720,12317
97257,24447
96339,6865
81848,32591
79581,24369
97762,9213
101710,7458
104892,9045
98689,11942
102340,9595
103335,13897
80348,19419
101717,5800
84797,16148
80101,21018
83224,13750
93736,14812
78612,15497
80009,11985
90246,13844
83348,14212
102263,15137
84153,16711
90556,15940
83726,11005
86153,5667
99219,12324
79008,22274
76574,17633
93345,9229
89271,19290
84424,16070
104788,20489
96178,13291
90344,11724
105532,27469
83994,10941
91151,27433
77889,33228
76382,19045
97738,6570
86371,16719
79800,47788
79323,24082
88652,11190
94397,21274
80125,11293
103621,8733
103073,10465
104977,20852
101232,10301
92921,10088
96524,19123
108206,7178
98011,8643
82282,56617
92162,11421
91162,22994
98222,6330
106388,25453
76194,13088
93165,15606
77080,21104
88188,10424
95987,10532
82919,20912
106334,9454
92868,30884
83314,14774
83498,19717
99081,9609
101875,10888
76353,38003
97969,24103
86292,22180
76622,27767
103480,18809
85818,12661
83971,11418
97382,16417
101439,8120
96661,12993
77795,12974
105731,21710
91696,13510
93939,20434
97415,11832
103354,9978
98909,21877
78125,20560
106866,9207
98910,7647
106208,22194
89885,6922
76580,12765
95892,15264
91957,18794
99645,11807
79562,47787
82838,6696
101076,7994
81361,23662
108419,15731
93085,16378
104426,19192
88313,12150
104866,17771
101788,10341
103172,10964
98374,23302
107111,22808
93480,17522
94099,47938
100358,11725
82106,31634
92783,28990
95978,14974
79394,13295
81521,22357
88260,7563
98649,9547
81422,16344
86500,11112
92997,11958
107940,8766
80225,48295
94805,25860
88709,13146
106470,10544
78835,17075
90721,10826
105429,39691
107998,27038
89287,10693
77311,13177
87200,17540
95348,13864
83148,9813
100616,12079
81487,54812
85031,11636
86761,9522
108219,23753
106290,12925
81428,9524
94572,30642
99173,12377
85760,10422
89013,24996
85726,12355
98647,8584
76300,43460
76204,14905
99199,24225
81833,14119
79245,22279
83196,11236
85013,9533
99200,10176
96238,18435
96548,33257
104251,20504
91169,28440
91530,19272
103143,6789
106804,11253
108066,21742
76048,48246
75977,15249
96347,10837
90190,16488
77081,28873
83861,4999
100546,6135
78182,29790
89589,10922
85606,7575
78359,20078
97559,14900
76721,15766
88097,22823
87435,5342
80798,13870
90537,5813
100528,7659
106401,21096
81910,14476
92691,26066
100615,10081
77234,50273
78332,25511
77572,4757
90150,7339
105917,9866
76449,27263
93412,17456
86269,15803
87995,8563
100075,6810
80021,49087
90343,12417
106349,10189
87255,10660
85507,17307
76232,12489
106308,14981
92289,18146
104499,31456
81788,8041
100405,12521
106380,12769
81018,18058
83259,13318
94489,34297
92430,24960
82401,12621
79510,50739
84456,19148
98445,11282
88466,16313
94340,17991
104411,18131
85378,11476
93363,28457
108217,24932
84003,9513
78674,13996
83754,9099
107659,33773
104134,10129
80428,13330
107034,11303
105024,21247
105501,12686
100183,13246
96262,14073
102419,11905
76520,18025
87564,7943
95034,16064
102071,18013
92236,30154
108245,13485
90472,5747
91733,18189
86418,13886
91544,15972
108294,6495
103067,15977
87683,13027
99427,7295
78592,14738
79477,28953
100575,6833
103629,20971
86341,17033
87901,7797
100467,11633
77769,14270
90466,9614
105120,29635
94434,28901
90333,9326
100483,6175
91083,21196
86536,11469
108361,14746
102652,14275
84120,12840
99541,9841
80658,12426
96028,22528
82478,8531
99296,15327
92923,20023
84564,14826
83515,10947
80070,29799
104027,18984
79391,19588
108108,7695
99156,8187
94668,22034
107534,11609
88509,10131
78713,32092
95033,27795
105878,12977
84590,11318
104297,17596
93140,23226
95943,40987
87298,18836
105774,9529
98658,6932
87070,18820
99465,13464
105845,7896
85369,21869
83600,7212
93030,33370
82159,24290
88527,11315
94866,12657
81680,27110
85293,13020
83020,10982
92112,10508
97809,8929
83970,7480
86745,15798
100652,10764
78837,24746
96354,9229
90084,10724
84838,16415
90416,19670
82908,6840
81469,20170
97939,16266
84109,4566
94042,40569
78843,19809
94386,32087
79961,41269
98556,12647
78323,15249
98349,12227
104599,12094
92804,15847
81485,20046
86984,12727
84902,10761
87230,16986
101698,9357
81187,30381
91728,26396
90136,19856
96483,9498
103424,14909
85712,17024
85509,7754
79976,21089
93406,22878
84108,10456
82598,10351
88086,10042
78975,61575
78989,19272
93597,15560
76707,23408
99370,21286
90372,11408
97227,16546
93053,27408
99724,9724
101261,9988
85273,7364
105019,21004
107234,13135
80816,38162
101175,7238
105866,40026
96858,8737
96226,8349
97454,15702
94540,27028
99937,13438
96637,11378
82607,9074
107708,24672
104404,20889
80758,16538
99346,13360
100310,14976
91670,27543
91353,25285
96061,11196
88206,16769
101814,8756
82298,9875
94958,22076
80444,29787
93957,28503
100830,7421
82523,10678
96073,9112
87933,15549
100553,10462
86623,11447
87445,9752
87890,11412
103149,15333
102862,11252
77553,22423
104728,16414
77884,33982
85105,21209
76064,50883
86071,9472
97148,22482
76161,18246
82950,7158
87334,7800
104120,5711
104591,5488
106665,14814
103766,8277
104087,9571
95947,37285
87165,6598
76294,21746
108455,19803
85399,9303
84698,10790
80713,11220
85799,7500
100254,11008
80264,9793
94211,10150
98839,22143
99631,21442
81506,32284
76167,15315
91308,35718
78803,18380
92010,15219
99424,7231
82042,15091
89760,8399
78489,28883
102712,10904
90935,29649
102912,11240
99041,7923
79903,41578
96670,8651
76729,34094
91107,26240
87286,12196
102303,9346
106623,22425
86955,14018
90173,19767
99829,6182
106155,13689
95426,53171
82218,28660
97534,7396
104186,15514
94450,22262
77720,33218
83278,11975
90401,16316
95842,21022
77025,14903
88288,11243
83552,18494
91467,30812
78417,25785
81312,26980
106656,13666
93396,21605
89063,10408
94830,17825
98183,5128
101338,11784
86784,10487
99315,8811
100058,5986
89181,11162
92271,26423
97562,12968
79601,13639
95361,14834
82021,16752
80766,14567
107591,20104
97689,8432
77322,16820
83942,9760
80703,37872
84304,8750
92976,21671
104652,7215
81684,27580
90189,11049
92960,37701
91335,18690
105310,15598
97940,10176
79726,20161
97677,14608
76868,28495
82008,55427
96078,18548
87835,17152
79247,16677
77781,12389
83214,13905
108215,26213
93824,29489
80787,12952
91615,39785
80389,33823
103596,13227
105821,19473
82476,9370
95265,17611
98399,22897
76238,21880
99100,6123
104714,9497
90919,12455
83623,28638
104865,11710
82002,16168
78910,22249
95502,43646
103857,8863
97624,12287
85720,11531
96531,10617
83085,13676
107580,18997
100283,11818
82635,10827
83319,6351
82752,21698
89036,14622
83309,13016
91103,24331
78064,71486
93250,42400
104512,15216
79857,9049
105526,20113
95901,33072
88558,10057
106352,20280
77802,16762
87315,8843
78742,27450
102737,9695
102515,8307
89811,7313
83376,17199
81478,26835
90640,15888
77782,11170
95954,16774
102593,10966
103795,9691
90806,9256
89657,17116
86003,14396
95380,19613
105152,20574
89783,8688
94941,11014
97059,12588
94104,34623
108398,11550
84930,8807
107156,18968
95687,17806
97033,8963
103036,7537
85849,11095
103638,9925
76938,28951
86884,5393
88711,11871
105179,24606
103858,12048
105362,31338
77038,16864
98935,17630
83763,10547
106254,21151
96326,21474
91225,34297
90336,21753
99070,8456
88213,15756
80925,50376
99202,12764
98190,6647
93632,13675
103377,7569
106788,20828
104266,19705
97957,9889
79055,26136
99963,11523
104883,13562
77565,19768
104641,9486
92456,22803
90989,33629
96336,8369
75990,12695
81685,29948
93610,27940
92156,24706
98823,15598
92141,37209
87756,9135
87211,12020
93983,30213
87098,6430
88453,16643
78408,15772
82661,8950
105658,9350
82377,11950
86738,12517
90498,7881
96128,17127
81136,23031
96840,10125
104970,20256
102228,10150
77466,16912
77981,10464
94406,61038
107110,12213
106442,20633
90593,13085
85731,8649
91243,21635
88327,16736
101596,12059
91216,26939
82093,46500
106882,19666
89713,13030
93144,4945
88299,17837
78242,20431
93200,25260
97874,12134
93836,41599
77774,33588
94322,24561
98230,11560
96006,10280
85959,15600
88398,16648
99305,6208
86936,15146
107147,13538
89432,17737
104475,16571
93164,15333
77276,17074
107454,18357
89979,23052
105360,6090
88586,10379
84105,14653
104625,12894
78707,22276
98962,5160
105679,7667
107418,12182
93072,63284
78519,17519
98281,20610
99872,7364
99188,4714
102719,14845
107129,11294
86785,16014
80533,17694
78168,19000
96300,33125
85605,11526
77676,16084
86360,9555
95177,41104
77263,8555
83488,18949
106949,20258
86400,11795
103763,11296
98495,11207
94363,6947
101940,9325
81366,18404
99546,12725
80651,15560
101196,11752
102050,10566
99804,8204
87153,8363
81225,13427
76181,22977
98469,19271
93979,12434
87480,19207
76369,14932
88375,13155
79983,13777
87393,15593
88732,10075
85383,7643
101126,6017
95928,17569
103011,3586
80083,37777
96118,10803
85674,14045
82917,17432
91143,14454
101645,11087
92817,15337
97402,9091
83885,22406
101758,12499
98594,9987
102018,812
77568,17928
92202,21805
83954,13722
92567,10577
99006,29440
90732,14090
81955,14144
82585,11649
106285,11408
93620,20073
90725,15969
92088,13548
107174,5902
90304,14278
104127,17175
98880,8592
83303,6238
94770,30921
89074,18590
107549,20415
99624,20518
105181,8839
88189,8234
76455,21732
101020,9531
76745,14713
89568,16543
83478,9720
85747,15944
106272,28062
82872,17190
107532,9412
90049,9026
81364,12159
98040,8945
102958,14526
79260,29516
92243,37362
88478,16978
86621,18292
104072,22164
90813,13798
107620,19760
85958,8680
91758,26516
92388,37222
95940,16258
95423,27470
78205,12953
92781,26493
76964,17989
91309,20645
87312,15007
99960,7647
105615,18377
81777,13441
90088,7835
101916,8310
102032,12172
78757,28908
85089,11165
107536,12287
79554,10747
100053,12630
102087,17444
79180,41351
78292,10128
87547,19959
96714,11781
101388,11493
98889,7460
90037,10680
95831,27851
101678,10141
77780,26312
104014,16433
105304,6755
77837,19080
88541,6969
89143,18825
90294,18055
94097,21637
99108,14170
107044,11540
108467,21464
88739,22298
102441,13467
86183,9691
106346,12508
84130,15155
107757,9565
84412,11215
96522,30810
79372,20569
106945,17615
88312,7659
97814,15054
94724,51268
79892,17158
94500,19575
102161,15661
85073,11332
103316,11871
81537,14285
79187,30836
93646,27394
84942,11673
105305,34322
102440,7822
99694,16045
97189,9707
89680,14595
104471,10714
98066,5326
104541,10665
90039,6987
99640,14754
85034,13664
105699,9680
103097,8932
79154,26401
79730,21681
93954,20105
106821,14275
108129,10263
81433,21643
106810,9967
89340,8354
92137,31073
89457,6283
91797,23104
92334,21181
99141,17155
104901,16267
98189,8889
95071,21472
85149,15989
83164,14095
79589,2382
96533,23056
79514,20808
97024,17355
84010,7690
77716,36453
99999,8293
91937,29590
83222,17380
83874,12971
85379,8345
80923,31183
87263,17747
77648,14725
90784,22579
76092,27720
85877,10361
108297,10069
81020,31415
80092,25997
94008,18943
101425,7176
81218,23079
102599,15524
79959,23428
88223,17369
97792,17557
98438,7548
107986,36173
83947,7354
105867,20098
107403,19378
88885,14407
98450,9712
83554,6875
92398,27467
97238,4933
79115,51365
92394,15160
86813,11930
106364,9455
93974,24591
96921,7631
76493,15615
76358,13964
89895,8797
91354,22499
105589,19978
96412,26190
98970,10716
103020,9661
87261,18894
76112,30048
96166,11115
90696,14236
94089,26129
78422,16831
106298,11856
105489,18288
108304,27283
102353,7352
76411,18359
84847,13120
91646,12475
76141,17324
90730,6248
100429,12080
85989,10842
105539,11804
79951,36753
96676,6727
100762,5625
92509,27103
79582,26645
108529,20259
86542,12029
80669,20897
99953,12967
93023,16004
102223,15217
102167,7155
84525,8261
76654,31351
96998,13447
94337,18011
105106,9537
77494,38551
91245,27430
98303,24027
96838,25673
82064,17136
101129,8578
78108,12942
95497,18654
81175,11970
89631,33049
93976,20247
86199,20366
106842,4303
78263,12589
89187,16342
104396,21986
87198,21839
78994,13401
82655,9882
76432,18791
95404,21206
83767,12671
87719,10126
105980,10083
99851,20805
80432,8805
80344,28669
83694,21649
96247,20305
86395,19613
103276,9030
80262,13701
88698,4215
101575,9795
101293,3458
76732,17008
108287,21308
100140,10140
85239,11241
85252,13409
77174,10978
86250,18694
101740,11402
108134,9168
82406,32531
88667,12194
96978,8971
78635,15436
96572,9170
87841,11120
77951,18010
77253,10951
99102,10630
105959,6257
91687,27387
83483,6396
80361,45837
94647,12344
100857,8108
82465,12490
100672,9539
88369,15564
89345,11981
89610,7423
108452,49975
77913,54318
94990,34761
78501,12554
78393,12948
101975,7612
93585,36175
80079,22269
92292,32434
88595,11898
107865,19138
106687,16856
101741,14352
93999,19647
107722,15152
80167,26282
81844,4699
77048,18747
107873,21518
84939,10325
106486,19608
84683,9344
83721,25743
95371,16504
77370,25725
81285,18905
92306,15551
107739,23945
89483,8585
78832,20474
95190,26913
100747,7006
106957,13433
101143,8527
92745,31610
96890,3759
76809,10966
101202,9912
98845,18405
106599,8898
102195,7732
92630,24076
94558,19667
93959,23719
77993,32546
105814,21600
90144,14119
102474,10416
93582,38467
95183,19192
102451,7106
90109,3856
78889,19114
94338,23106
88104,15854
99955,8507
91274,17685
82254,30757
94279,18968
84677,12613
86814,21948
107316,17972
108497,21342
97403,13923
104859,10423
76106,29176
77307,31348
105083,15263
101644,7594
75980,25961
80678,27637
96987,7203
84261,13848
103391,9467
84290,9040
103179,7848
92887,20785
88486,11612
95325,20091
108122,5290
85364,15139
80688,34952
84356,20712
82717,17297
95166,24196
81154,11952
105294,23046
101409,19812
90808,14782
91000,29530
107931,31121
80058,18868
90511,16811
92525,31210
90057,11401
80266,12987
84467,13857
90576,17212
82575,15798
91601,30255
80196,20170
83418,14569
97121,16906
102024,12601
85225,13973
107001,28866
82592,15578
96681,12596
87462,10197
96787,12818
98868,5985
86472,18722
91250,20053
84328,11300
101840,7689
78225,20566
81026,9683
82325,9595
106596,13081
99810,16829
88054,17734
80041,29563
102577,11006
95870,20398
76937,19869
108359,17134
102482,11711
105228,21572
94110,50010
91022,43533
84243,7915
88868,19526
86994,15086
103924,10630
102415,13333
89954,13099
98212,6511
101117,9880
103865,10191
81944,15262
87371,15723
103778,6776
84310,18561
78146,24909
83910,15523
96498,33930
103937,2211
97439,14565
85156,9723
93197,17478
98573,7671
96816,12707
94610,18485
102536,4575
81021,13783
105037,20731
82891,16558
83601,14497
93413,15515
84517,10748
98296,9579
83442,12880
83641,11657
106454,26079
88540,6618
101350,17906
86741,20434
79411,47813
81400,17913
92460,13947
76076,28373
85593,11963
99476,9489
99991,15277
80184,19868
91365,35002
87967,9965
97960,7250
106216,9733
94470,35948
105054,23149
76801,19895
84376,13234
95818,27732
101354,7991
81184,12582
95386,28273
94813,18672
100188,11554
97816,16059
101948,7126
108229,21322
77604,23984
103052,15892
83998,8944
103163,9263
78407,21427
106267,13998
84808,17551
102176,5194
103807,12005
102936,9671
77803,20115
91153,18528
96806,27135
107797,18969
92654,9381
82110,36786
92570,21204
84350,12633
82022,34939
101036,12280
93012,17714
104053,10443
79339,19936
79767,9329
97252,14274
95098,27377
99791,21847
95121,21018
100598,8511
88806,17364
93433,16030
85064,19529
103820,5474
86190,19834
96438,18065
106282,9722
93667,18140
93191,15787
103899,9553
93568,38065
104546,24227
80852,26389
91782,14906
100867,16935
96727,8137
88787,15372
80175,13269
106215,22789
82884,10147
99701,8834
96972,9220
102844,15863
85912,7464
105580,13911
92949,17767
95794,26530
81410,16435
103413,7958
94880,23361
87634,7874
94036,22745
82130,14547
97256,12733
103817,10767
104456,8836
78003,14588
104097,14027
98797,7099
107315,17718
106755,29112
81147,20275
105271,5666
89017,7660
90194,19831
106608,6969
106146,27002
105471,12790
104538,9050
78198,34826
104720,14279
94900,26450
94045,33315
100816,12685
85400,8298
96876,24424
93515,25112
94077,25635
87247,22905
105067,21336
95538,47623
79301,13766
89679,17513
90677,22899
100348,15497
82373,24076
104030,14986
91200,27881
108132,10102
96587,11826
92498,18903
103409,10605
91232,21802
80016,20006
98705,9614
94058,45606
107248,17173
85165,6191
87202,14616
84291,11514
96682,25689
76451,34353
91004,20530
87541,12702
84735,8407
86029,13112
87675,10774
79434,30190
104691,23209
95401,12444
103975,10382
106441,12368
105335,21901
86453,6150
84490,22414
96908,12579
87472,10783
99908,4503
84898,10097
87539,11200
100666,14441
82231,17564
92648,23414
84694,9193
81594,8630
82685,8949
76620,35252
76943,19657
80231,22902
94782,10502
83815,15584
101713,11087
86358,11443
98701,19334
106421,11567
97920,8544
108072,17273
91315,22315
98550,12167
99263,6392
95373,16113
80445,10513
76982,16778
85544,10729
101977,12007
80279,22588
102808,7349
107325,14034
79988,21251
83473,6154
80074,24460
87094,12741
80523,16296
84129,14410
100159,9746
94256,27044
79199,26202
106674,18569
76299,15018
82217,35689
87294,16551
87361,7626
105782,11139
99109,12375
97733,23426
80963,21887
105129,16441
103322,10995
90068,14775
93845,17908
104956,23562
103473,7189
78167,21704
80718,35797
85621,15965
88490,9714
105456,12641
98490,9823
86488,9469
107303,19921
106463,10455
100403,9487
86991,20289
95381,39691
85219,9518
104635,20553
99004,12070
80747,26562
97854,28863
102646,7765
93364,37197
101209,5904
89140,16399
96244,10970
93727,15822
82138,24898
97759,18472
86015,15605
81090,25018
106085,8140
101600,13268
94831,22720
96566,12728
82361,27782
80479,23421
82068,10434
104750,10467
93539,16858
98127,10061
96971,14556
94105,21540
95326,19147
107438,15046
100536,8956
92659,18772
94809,31238
84186,7108
85631,8626
86381,16674
78721,22516
91773,19255
90453,14904
107225,15834
89949,11827
104531,12407
76979,17098
104743,7887
87731,9313
79915,8296
105072,29549
99332,9349
88800,6037
89522,6779
105361,9687
96528,13942
101546,6161
78680,21241
87029,13973
80591,53732
79887,24453
76107,31436
78272,15222
88116,12219
99644,12207
87595,19738
79324,17804
76408,47158
79173,14217
95084,11033
95455,23800
83809,12040
107320,14459
78828,25877
76284,14972
105622,11159
99344,7524
79395,16703
86906,11781
107576,10744
99418,10896
89050,14351
83758,9767
76289,31130
95798,32872
76119,23025
87583,19702
93110,18408
92911,20807
99758,7870
91697,29967
85260,17709
108475,20483
84184,10363
95737,18919
105286,13836
105354,12551
101587,12803
99526,12188
82328,14927
91052,16250
81332,48938
84562,18642
86175,18792
94828,27277
76792,35835
80436,18896
88143,10530
102644,15808
79459,25683
82225,14084
83772,12497
82109,22683
102803,10397
91947,51378
88498,5000
104204,17419
103303,17366
95989,21925
90917,31099
104994,14667
91408,21247
79084,23845
94840,9560
103127,14117
93504,16002
88642,12035
95535,30081
82775,12878
96490,10313
77545,46842
104939,7495
97679,12490
95462,15268
82601,7107
91541,26129
82997,17856
86757,5814
86498,16505
78468,15825
98262,22608
108488,25322
84813,10889
84965,8483
78478,29570
98819,17025
101543,14020
82061,24532
101359,12175
107203,11379
98811,29377
102982,10238
89603,20893
95083,58538
102426,10593
88264,12139
87119,12915
86554,16092
103454,15892
99382,20921
84255,9283
101580,8674
82690,23950
103650,11551
92587,82265
92831,13932
104410,20079
89264,12415
82865,16598
76984,22337
94265,24933
76786,9671
86379,11441
89735,12273
97066,12999
77007,19943
89137,14278
78243,15169
76669,27746
89281,18586
105621,23074
84020,11558
90142,20750
79677,23739
101025,13516
101821,11032
77424,15306
80188,20632
94655,29640
85282,7739
78763,11148
85774,16175
79278,9857
84460,15142
81489,26477
90788,19658
90191,10887
106772,31691
108112,20564
84380,12272
93636,62786
103749,8666
93435,13509
81394,11616
82146,34335
98362,3079
88250,10447
107041,17635
103478,15987
89273,9604
93583,33010
92107,25540
79557,7789
77861,10652
84591,20287
102756,5387
91798,23813
100309,15586
94987,22793
89991,14371
81523,23132
82815,14671
84366,9208
105609,7318
89695,6722
86242,16428
82477,5835
83774,8528
103676,9199
85371,18838
77386,40095
93572,11022
77535,24010
97174,11414
78330,35462
94032,13472
97537,14158
93975,13949
80657,27137
85971,13551
77536,13375
81757,14948
81232,27426
88606,9725
107709,9218
79596,20828
85671,17148
93617,26097
104211,16407
98843,9914
76153,47553
105258,8263
94812,28190
82892,17533
87816,14040
90058,6758
95471,10094
90419,12561
88777,13872
101559,8157
86808,15929
93637,19742
81562,13939
76442,33446
79967,28294
88683,19625
78139,9065
86530,11029
77000,28773
101915,11234
90706,11520
77396,18496
83475,17912
104217,15240
101461,7705
82676,7347
104438,13046
94757,23995
84916,14658
85934,19263
93051,19043
85136,8520
86448,10347
102828,10101
101564,9335
85740,22316
107725,19124
77165,21314
107859,14307
83065,8351
83470,28972
82147,23979
103691,6246
84024,13319
99630,9625
105243,17717
103804,8909
80130,10310
97317,8357
78532,35463
98989,7077
87716,9121
103640,5281
100541,17123
101428,6091
100899,4757
91739,27066
94502,41647
93919,25733
79707,49833
91516,35780
93156,25581
93340,27895
86892,9895
80420,17542
91660,54931
104006,12616
79833,39982
101663,7440
102471,15084
105380,8652
107076,21716
97009,23139
78577,33543
100281,7941
81075,52715
105712,28818
90807,14464
84240,15116
96951,18519
77270,17808
81760,12334
92040,39600
89339,16737
95256,26138
84788,19103
83686,12109
98633,8585
76608,20602
98918,17876
100264,10206
93998,19695
90051,7693
100506,13586
95747,13551
91393,12832
101051,13091
107844,15321
105479,18533
102468,11769
106785,16313
91577,16925
80832,10137
88616,2685
78897,22148
83228,14525
90389,7459
90154,13165
107664,21453
84602,6968
103155,7488
94290,22461
84292,9832
82455,27754
84453,8370
89161,17047
104207,15022
85660,9727
80032,26931
75996,20671
83712,12193
89784,10141
101364,3734
79099,19861
101423,10390
89977,7617
87688,9403
87401,16049
90723,13799
85875,10396
106387,27921
76002,11491
99436,10034
107239,13240
80251,27093
85127,30556
90351,8944
95526,24314
79335,29891
104754,11219
91081,30272
82005,15225
89414,25193
102366,9412
107017,9318
88810,9885
86694,6980
79641,8445
104863,21880
100526,16543
80318,21830
100931,13316
102375,10571
78617,22363
103552,10389
108268,15845
77842,16035
88774,8334
82323,13910
94125,25865
98661,9002
100997,14585
76933,5296
76957,37910
84347,10125
102000,7485
84626,13806
82214,45653
105909,29097
107442,9178
102342,7898
104461,20507
80095,49600
83558,15772
104376,19787
105494,12592
81702,37359
108056,13711
84131,18872
94242,24492
102987,7086
99643,16896
78954,30788
85511,18014
85380,10343
77232,28131
86585,9438
99729,13309
94946,25565
97768,18504
83855,20709
92397,12330
90311,10072
99324,8025
81167,14950
80030,34403
103679,8937
80164,11649
103198,6558
87658,10618
102090,9000
92710,12839
88551,10598
91001,23791
100653,10284
106050,14466
92084,14419
77402,20552
101296,8939
107242,16200
95646,18676
99126,7721
90982,20510
94896,27470
93011,16192
84607,17618
83352,7189
86097,17948
99312,7819
77584,29280
97372,13075
107179,17548
105835,15138
92924,25675
90798,7626
77487,20437
87523,9549
104328,29642
91404,16164
105702,20406
86051,11183
98136,12487
91149,18986
84015,11392
78227,20037
91810,43208
92345,23065
102647,17558
106549,10173
97007,19910
86887,16998
103983,15068
89554,13728
88066,11733
98778,19197
91459,32253
79659,28426
83978,6574
88036,16999
80483,12313
101770,2175
98220,22653
84427,10947
94491,15432
83782,12782
101945,9919
96613,11679
80126,44907
83381,16405
100263,9600
94953,21624
84413,14099
94816,47011
78578,21608
89766,15660
78560,33495
106444,17047
100883,2473
102769,8835
106426,33478
92404,38188
84800,8203
90714,11215
96274,17018
88259,8733
90683,13626
78878,13141
78675,11462
102189,20014
97959,17366
78324,21616
100397,10828
89808,12292
102920,9286
77724,11583
97183,17504
102360,6957
81748,19667
100225,6633
101411,11682
93887,25866
94437,15014
102317,8091
100939,10515
102016,7150
88651,9661
99340,4946
107078,25671
100937,10919
86922,11044
77864,28730
105180,14388
85599,8272
94556,44677
88368,22435
81005,58068
79083,30812
95200,28372
94374,23541
94160,22440
104549,14741
85933,16627
104848,20779
104424,28697
78183,16085
99280,22078
97928,7278
93122,15063
107991,5110
92468,28388
97451,8973
94463,16229
77629,17651
86008,11897
106210,29743
106181,14241
87485,10746
107645,10313
100084,12083
88201,10609
86236,17237
97090,15542
83909,14922
77686,29957
85505,20577
92046,27067
76681,13724
102648,8071
104998,44659
86349,10292
77229,17064
93379,19325
84973,3998
80681,30503
97876,10860
89330,10969
106836,22582
96449,10848
88765,17363
85710,7399
104002,27622
99224,7394
96767,26298
91035,32195
91531,10607
95857,23250
81338,22315
97921,13360
94040,26713
88240,12844
104643,12314
84702,8434
79809,14337
82171,15698
102481,11035
99514,9609
76656,54924
86176,13972
85784,11560
91529,24790
96184,8547
94982,26097
89887,21096
91306,15704
94801,17917
84873,13183
105262,17214
78755,18584
105378,21790
107314,25754
88401,17467
104523,10838
95968,16170
106940,17327
85854,13228
100090,15978
94299,25403
95815,46788
83336,13444
93357,10336
83671,11900
95352,17436
81447,13410
82530,9915
84072,6898
79590,38272
81072,17704
100894,12187
94501,25746
98410,16878
77356,33395
89008,7539
79270,70821
102768,10015
104671,15797
91482,28812
93496,25604
89699,7093
93711,19878
92768,23528
102118,9892
99410,6795
101552,7811
105876,9019
106386,26165
94563,19511
95860,16638
83636,10838
98837,6163
78724,9796
92579,27313
82223,28599
84289,9835
77579,31283
83896,7220
87389,8401
88139,8886
106790,30684
82260,26991
101627,8597
81876,21446
91029,19726
84583,3462
108158,10312
108203,14999
98582,7818
107003,40214
107777,27376
90308,7914
76799,16105
101387,13798
79964,20991
91606,26094
103952,13835
88622,8277
94559,52925
76143,17853
94903,20489
104486,25300
87551,7309
78063,49141
102556,6040
100052,10546
107074,34028
92069,25468
107850,29922
104540,13679
96846,23297
92391,26497
84659,18684
84117,17123
79120,12601
91389,12697
84349,8841
90954,45131
92695,14771
107811,22660
81971,19493
83450,8617
75976,26030
102965,10243
90287,21922
77605,45758
91214,27749
108303,15345
94860,44032
79366,18220
106091,12982
76439,35819
87417,33679
93478,13891
107216,20620
103764,15867
86879,13084
103625,14383
76402,10219
80311,19507
80391,37040
100880,13422
83171,6014
88078,7794
84318,17864
93526,23377
94190,17628
97052,11901
86101,9277
87543,21167
85029,10327
83740,15565
100089,6028
98227,17188
98248,7681
107138,31347
86854,10331
102785,6934
87839,13387
93906,21424
84661,17391
87432,10443
85654,18727
90678,11454
95299,19193
95236,27710
107608,31047
87004,19489
100566,10646
80665,12026
88010,7403
102663,11941
85485,10668
101269,10273
104674,24816
89263,16675
95420,20174
102691,6396
86663,7794
106138,16505
91571,22900
93819,14122
78571,19442
94985,11386
93301,17667
106718,11849
86771,16786
87704,7869
79666,16529
107584,16144
84895,10865
108408,9943
98171,18172
83310,10588
86673,15908
82853,13749
105650,13098
98670,13088
85066,5125
83794,6480
80583,11244
88130,14799
98999,8851
101330,7073
94984,20426
97990,7673
86985,19294
105865,21062
108519,24802
85264,16588
99920,14198
79757,25610
102991,12305
82734,14810
93798,25774
78739,18602
94102,26715
107720,14539
104818,24243
105035,5589
78882,12353
106768,9671
104488,17659
83401,20201
96513,11995
103742,7547
85746,12343
89503,7535
86162,10452
90081,11352
87809,17271
105903,13463
91476,22666
77323,25595
79344,41100
86967,12529
87631,13109
91478,21961
87477,17446
97456,25224
91210,29063
88841,22618
86262,14416
98038,23694
108461,17637
95645,20921
91233,19038
81480,27057
82671,17603
105275,10936
77852,17819
90565,21963
89172,10917
102384,9480
88944,8698
80531,19792
101795,8056
90744,6127
78179,30189
94388,29784
92546,20089
84282,14361
87078,17455
93190,35809
92014,14169
104501,24904
79523,22268
81096,21073
78193,33237
94720,38843
97242,10674
103784,12083
100186,8988
91494,13055
98765,4298
97370,19943
76295,28758
105840,19870
100641,7683
97160,29857
96440,22785
84853,5805
105223,10139
105879,10548
80347,30775
84534,9750
85045,10991
99348,24724
105487,19311
101906,6635
84905,11482
105810,12028
76346,10388
104163,9804
91997,21968
94182,19520
98583,12838
78048,21411
91650,16571
99045,23234
90167,12726
81936,6718
97322,8634
79506,16113
101689,10119
99677,5666
104364,7682
104493,20686
85811,11843
76088,19707
107014,9885
85517,13202
100065,11700
100700,9161
100178,9684
86072,18628
89071,8254
76027,11847
84394,11119
97989,17641
77527,11472
89342,10396
94118,21357
94468,33106
76061,20355
85744,9355
105185,8365
79043,18908
103948,10784
98325,6959
77056,17762
85262,10806
94885,28054
92436,68472
105339,9804
85288,7217
92944,21440
83145,15485
87905,10991
89188,11822
90245,14449
80370,16975
92165,38838
91638,16546
103657,11633
81016,19614
103792,17286
94815,15113
78957,9958
83141,8974
107365,12387
95563,26409
76918,34139
87215,13603
108328,11503
108027,19320
79325,36114
89545,13821
103967,8253
77530,33906
95330,35616
78671,2051
102103,9303
80024,13461
89481,9402
89138,10582
98762,6688
86166,18078
91396,15892
94749,42660
95788,17650
99730,12071
102801,13975
87208,12031
83098,11031
96015,26629
107970,24214
77471,32841
85822,7689
100518,10223
97282,19605
107193,8212
104825,9187
82687,30509
83026,12582
77470,13982
79254,13476
108020,5276
99103,6469
78665,31725
86932,13156
79269,16985
92024,54614
95652,30051
96170,10026
83586,15565
100804,9245
100758,13298
107628,18761
108337,10965
83175,16370
90838,6476
102741,14722
81263,13943
97071,7816
95004,21875
107019,16706
95503,17469
86249,13036
106921,29485
89972,18159
77660,24440
77328,28868
98264,11259
86800,16253
76661,20219
81734,38626
84741,11638
89926,32058
79502,12845
96963,11668
97855,27654
86877,19952
96814,23060
94648,35947
103104,7259
77999,23139
77500,24770
108189,11730
107124,17119
105320,15586
84589,11935
100502,4032
84272,18946
90146,6086
89016,10637
92360,20809
97341,14367
99635,10485
93758,20536
104345,20457
104346,12468
103219,18672
94240,14823
100510,16360
97788,9827
87877,18772
83993,8212
95268,35821
90857,12182
89897,17662
103642,8050
79712,25141
84733,6461
103510,10015
82151,15026
89275,6314
97022,22900
89964,6799
103169,10563
98586,11648
78199,8494
78507,21212
88856,14397
79309,19027
85685,11105
76527,14135
81636,14982
86638,13299
106517,17360
102023,13438
91620,47170
101886,6914
84887,13775
84751,8813
92613,25595
91825,24631
101895,12641
90560,17104
105545,8987
78700,20049
82886,19214
105649,10765
77577,17838
98003,22895
80537,26214
87387,14275
97626,6444
92948,27331
104000,10825
78385,21558
103301,10019
100102,7103
91401,14585
105726,9900
108002,11886
96055,7828
86533,21704
84966,14436
82750,8948
84780,16710
99760,9660
96353,26385
90252,19156
92114,22198
85641,11300
78846,30575
97479,27025
100657,5215
92553,19858
87684,7961
76579,21640
104441,7584
102915,12199
98255,10597
84716,10932
85426,11513
76829,18114
77899,37181
93875,17324
94170,35256
96206,19184
82777,14900
99399,8685
76017,23319
78785,15265
104195,7630
100767,10601
93500,16519
103248,6716
101828,7891
93209,24098
96665,5050
94208,20950
81789,46103
92578,16761
84750,13619
107543,13582
83294,16162
82408,9528
104836,26749
87366,8894
100488,7805
87296,16591
99820,7403
103856,6536
80536,22228
95407,22338
78024,21627
88166,17827
79046,15084
100829,7612
99250,9401
107164,7995
83857,8468
90031,24075
97531,29855
78237,17512
77205,19555
84796,17350
79769,18669
79899,11908
81570,28416
96209,8288
108012,12524
83784,11196
95293,30890
107894,9227
90118,8280
81548,15149
91246,13704
106066,30023
76349,54806
84792,10769
94792,19117
98772,9799
81023,27565
92760,14882
81049,29633
103697,7363
82248,30808
85475,28678
80927,26780
93520,21358
103034,8089
88006,15708
80697,17178
89565,18076
106983,16127
76042,21304
95214,21392
77712,17378
102226,7547
106128,30601
94347,42424
84176,11088
92633,34560
89147,11275
76200,18282
91972,26086
95624,16180
88237,13267
90626,18006
79402,28944
92751,17793
93494,27616
77785,31503
108502,10699
76356,11736
90256,8145
76286,19155
98835,24183
78799,26649
99864,13378
89317,20857
81235,35197
82980,8650
79032,12737
94549,17607
86872,10565
101730,14082
82684,11545
99516,11630
80017,7230
99863,12831
92792,36509
100593,10755
86135,6691
78870,10888
107586,23287
83757,13752
92765,21971
84890,9450
108290,13245
82893,29252
89660,8703
105543,12653
106368,11859
81799,35549
102757,5665
87520,7962
85172,7744
76593,16253
99431,9042
104403,16813
102932,9660
81998,14404
81391,9701
108151,12583
100164,15333
77950,37774
100416,10831
108237,13024
93464,19711
83899,11644
107184,16465
78001,32477
98816,6899
98737,22323
105432,20208
99160,2882
99195,1797
90337,7995
85546,16383
107128,19805
93327,32484
81501,28651
78485,16056
98491,21738
91265,24260
97185,14553
95708,18647
92269,22119
90122,13580
84219,9976
95920,18681
82679,13103
105174,14600
90879,11347
77507,41839
88757,12850
101256,8313
83426,18365
76075,32431
76871,17927
77695,37144
103555,10484
94893,21918
95836,16538
92061,12557
79710,10847
93899,13487
83299,10232
95620,31782
104279,19396
83705,17335
95472,33088
106260,16356
76886,15157
97248,12130
80660,15073
101333,12025
89360,7119
85450,8576
88836,16543
77416,27111
79577,22140
98503,7767
76778,13799
93681,14643
98418,6789
98615,9933
91857,30029
85059,11870
84064,14238
83511,11039
87961,11408
89756,8371
106904,12026
78218,22979
91503,24465
77126,9900
97801,8839
87474,11655
77057,23485
79478,24483
90041,17969
83374,11648
102094,11331
103780,20596
105079,7770
80462,24351
101705,12735
105756,25078
88993,10128
89593,7753
86338,18760
77853,27638
92077,29531
102494,8410
92534,38773
78971,27678
84687,18803
88376,10394
105707,14125
80939,23803
82258,20322
104917,8647
95086,19021
79275,15997
104721,9440
107939,20867
106703,9551
107820,12742
79947,20205
89961,11659
106451,10146
98821,11705
77748,34293
104802,24762
81481,46402
93544,17159
89611,14039
79850,30355
81466,23759
90668,7051
89743,16341
106672,24103
76030,17304
97231,6387
93484,30750
81393,12320
94369,13591
93507,33174
100752,7724
95565,26078
98749,14499
99634,11777
86127,7500
101842,15314
108481,10583
82863,12620
90043,9949
76857,30510
83241,11935
103197,7858
95458,14047
76515,12344
84987,13018
80199,19161
77835,22620
80809,12611
77245,24624
104828,14384
107338,7788
78811,34060
76708,36973
88559,10059
99380,7499
89411,7455
94532,24523
88046,6091
99155,10734
80986,14574
96122,26543
78618,19479
98205,3493
98995,26002
102432,9547
78709,10466
93586,22002
98147,8589
95468,36677
95425,15991
89106,10429
85764,9775
87674,10972
106365,35975
106263,7431
97423,14226
86855,16137
101637,9164
100129,7343
89346,10728
80037,7878
87439,7962
76329,55591
101234,16447
93715,22708
96728,21233
88023,15127
100289,14164
93685,11305
97301,12874
100588,10840
78240,17324
91194,33696
78088,20891
103811,10156
79852,18734
77718,19364
99968,6862
82937,13779
106774,18367
85107,9731
77329,25178
106498,14095
80946,20823
89630,21587
105995,26777
79926,47797
93982,13901
95152,41521
102460,14185
86797,18526
98696,14105
87491,21730
93185,19307
90910,18718
102510,5933
99707,12931
106468,9209
97505,14607
85240,17920
89795,24557
78677,16618
94311,21158
79406,32618
85528,22030
95656,16363
102783,13107
76191,26983
96193,11340
108352,19541
94226,25145
94472,21531
78628,8337
96861,17426
89698,14715
89021,17475
98919,11862
107511,28786
104317,13177
105587,15055
89244,13818
108221,44118
104558,20822
99691,11751
81153,21764
83019,12448
84699,7942
92354,46241
77258,34247
81991,13977
99191,14973
80072,18623
97195,26277
83104,15856
104712,11554
100443,11510
93443,29459
85543,12920
82977,17275
92597,30626
89182,16804
89737,9590
103093,13567
103417,5766
78550,14520
93081,32919
80992,13096
83725,11411
90755,13636
89727,23526
82723,13858
85046,7317
105507,20731
102497,7674
86897,9742
81522,13776
106201,22496
87615,10747
84646,10637
104296,24719
84433,5906
101470,12895
76641,21779
88265,9113
101728,11956
83541,9619
93807,34048
83873,10791
76785,47059
83629,10485
87576,18156
93395,17195
95537,18598
89598,6921
78074,34166
102980,9218
104929,17045
97395,13392
106751,22377
101628,15321
103613,12905
103641,11648
95834,19375
101797,1920
80042,23001
81608,20517
86535,14279
98235,22402
94784,16968
79342,12525
97906,18362
84622,13097
85948,19838
88274,11956
92480,20557
86378,16956
107558,12233
88531,13962
103681,12998
103559,7364
102821,11886
77372,30178
108078,10493
96014,9479
91072,18719
78981,16038
85860,5175
91538,19315
100904,15072
83903,11936
89075,10265
87210,5124
95405,17003
101957,13373
91384,23968
91816,22390
93271,19244
106951,17847
77457,16972
99216,10280
106683,7787
79593,14153
92575,15969
106332,21322
99751,13586
97844,20000
90776,7633
107788,31032
97552,9105
85396,8924
90072,7281
104380,9749
108171,14708
82534,15854
77917,23784
76212,18678
77975,17808
96718,25952
101250,7669
102875,19922
97385,9484
93943,20805
76389,18670
104653,20101
85000,11244
100844,5755
94384,43845
91625,19288
92124,24591
100983,11782
97669,23096
76674,20105
104012,19835
100742,11812
97937,8496
99509,24140
99834,8686
104037,14753
96369,15040
86125,9839
102999,5403
85473,11102
90508,7705
105281,30980
90368,10146
84029,10057
88603,11053
102423,6316
105253,21237
76230,18237
100316,9869
102553,10552
76308,43783
101348,11101
105689,26333
78347,22875
88127,18828
97320,12159
98421,14096
87422,12037
90886,5514
82580,7608
106420,9080
80218,12808
77197,8719
81116,14423
103847,9968
76611,25369
80677,13002
91546,14031
83706,12275
83288,9933
83664,9920
81103,30345
104136,20914
79754,26300
80794,28544
90027,6241
99186,11647
79957,11323
83420,14907
106971,10522
88929,13077
79354,17259
104624,19880
103631,2662
106329,13079
94466,27476
79495,12576
92262,15830
103626,10857
102620,9813
103026,11745
95440,25556
90675,8179
92169,20335
85598,8727
93980,14392
89884,7654
100361,9946
95314,20062
102984,12917
97290,29513
88702,8182
79250,22532
101218,10878
85994,16405
91181,16435
105974,9925
92222,26827
91691,30503
103472,7902
90116,10321
94185,17903
95705,26333
92442,8430
83759,11923
106311,27449
108531,16567
88487,7850
88956,11168
80477,23923
95422,12362
77410,12225
91873,25033
95274,22474
90023,7202
77204,15821
76504,20831
105902,4934
81820,14213
89405,9640
92206,15408
79328,18745
94971,18705
91185,47575
103332,11906
105983,16763
81775,20086
81946,25265
97846,24969
103884,10477
105182,8960
76148,25291
99255,18074
87785,10840
78903,12793
94578,23544
107853,12956
76717,29145
99052,9526
82390,35108
83676,8489
87748,20173
95443,27696
94430,15474
83886,17191
78492,13214
97540,12674
103167,16462
82621,11097
88729,21878
97779,8814
87179,8429
83693,10580
83068,13564
87978,11085
77547,12603
104135,9905
91838,21252
81044,17157
82100,32147
79196,12411
103420,8909
84430,12053
95116,28618
88758,9706
102600,15195
97943,22533
82923,17605
84173,14987
91455,25130
104107,13487
84031,7337
103307,4941
103516,11350
94534,13493
89498,16644
78100,8611
86728,10000
89787,20916
99604,6725
87920,12658
95679,28170
106342,11108
105013,9284
94526,25080
79217,14246
105206,18968
80930,14599
101748,9141
108486,12619
93949,30428
99658,24576
97561,19209
101617,8382
81330,49726
101771,7234
97270,6510
101595,13895
98215,10927
84007,13269
92680,21040
78992,16690
107596,22075
77206,13973
82743,10918
83701,15330
99165,10948
94432,20281
86548,13639
76397,20973
100070,6392
103513,8145
80091,19424
76782,21663
100886,10893
103951,7626
87351,16913
85974,17600
79314,22772
102475,12884
101614,6818
99033,9541
97666,12794
99253,9435
91658,21409
82007,18723
76687,53016
83921,12319
92186,24454
85865,13740
78521,7877
77902,15219
101697,13263
98102,10322
88037,10832
87226,5011
107492,9875
100723,8312
78581,13853
104777,9376
95606,14969
101145,7526
98544,10762
96417,23319
102714,10645
85830,11099
80541,26704
88142,14121
95553,30279
107711,17894
82572,9672
77820,55362
94456,19304
90433,5667
78161,28059
98322,35076
101884,9389
98723,9125
100828,9809
100612,13100
78754,16201
95053,50092
87293,9884
83679,16079
102810,7053
103021,15125
90497,15165
106798,12295
96234,13622
97962,7372
81585,10822
101255,7896
95824,17778
97053,13191
106657,20258
107453,18561
77979,13722
93717,18508
100424,9257
105579,25826
85608,18788
107878,24358
83229,15538
95478,28312
104405,22335
86681,7424
81901,17073
77806,13882
102650,10344
80845,23595
77445,16646
79206,31909
105219,18396
82665,3673
79532,28806
98125,6428
77147,18737
84836,9840
105376,17763
77343,27937
108114,16055
94994,11651
88610,6085
99609,7218
107243,20979
98829,14002
85362,15963
87409,10778
95322,24457
86185,10712
81792,32169
84113,11020
86139,15797
84719,14980
85120,14617
101693,5020
77413,20591
77179,18219
91580,56479
84116,11990
93025,46772
105224,8349
102854,11366
76237,22485
105595,21492
80155,34251
92056,27931
103229,15777
98783,12078
106357,9528
92305,29985
96312,9192
86890,8244
93354,14099
86898,12003
76058,18944
90555,8824
107136,10843
107052,29969
76384,49249
101670,13845
102438,10407
81063,18240
88254,11386
87041,9791
84909,8171
79053,19579
88187,9740
85814,11736
106396,18930
90460,15747
79261,17474
105167,10585
84047,17656
96771,12889
91074,49792
92357,25660
99588,8829
78138,31351
94328,17731
92019,12885
77557,24799
83024,16477
94888,14033
94193,28586
97909,19075
79111,42809
97936,13534
95276,38223
107815,17071
92806,20186
91317,21140
89507,21014
97462,17960
93693,17644
81331,27598
77260,48667
105287,13861
86064,5198
94906,27180
94965,17999
105863,7803
96962,11423
82573,16554
83271,9370
94624,9542
105014,22098
99965,10563
98009,11878
108442,10429
78211,32887
87609,4142
95639,15324
83389,12506
84086,17034
105956,10714
108384,5397
99053,7917
85503,10600
100879,5638
102238,16577
107311,19010
90740,8259
96463,27031
96521,27095
100020,8342
86048,16614
90310,16034
95810,12099
106809,6775
90420,14599
77189,22829
103940,11150
99054,20168
86669,15752
108226,8466
107731,16370
102410,6891
107012,10041
85117,6489
89298,8928
80880,18244
86954,16570
100029,16397
98943,11252
81089,31074
89148,11176
98024,9636
84621,15710
98748,21304
106824,19146
106049,21716
108266,16837
98763,4914
100238,10066
107279,10892
78188,50750
90443,14853
95384,1617
98928,22024
83992,8667
94914,18471
92340,13919
77677,13519
90840,15985
106434,34058
83736,17409
90022,12989
87633,2348
101312,14856
92614,26046
79410,11153
83220,10104
96064,10531
96470,10020
77247,9475
102732,18071
92569,21302
103467,12722
102976,8136
87220,19266
82183,15625
88173,11696
94227,22567
83048,16298
85320,16424
90217,15563
97112,13610
78246,10371
82000,22235
79672,11872
93499,20596
103355,7410
93334,29381
77302,15386
87100,14901
92568,39938
102148,7671
81098,22055
77544,33734
92644,30078
95996,26523
79138,14273
97082,29529
85843,8407
103831,11162
78047,27886
99184,12364
83023,7489
100629,6682
106087,16918
87161,13729
97572,10279
86106,18814
90163,12717
95623,43047
104349,14239
84422,9178
107061,10345
78175,36525
87468,12653
87136,13167
84238,9705
85432,11319
85363,19552
105017,9456
80633,29634
82273,29488
76668,20777
100970,12976
104985,10692
76457,17960
102241,8009
90884,8751
79706,21977
92608,20061
86284,11285
103990,10582
106152,17571
97553,19150
106477,8705
78423,24731
82766,17790
77477,50909
97680,12360
96346,14475
104141,17943
80807,24045
100442,11286
107029,17673
90213,6534
88434,19792
96441,9747
80102,15078
105520,30039
78279,31248
95023,9027
76739,19696
76776,31972
89754,22365
92585,15811
83197,8996
99947,13475
108399,13373
99140,8203
91454,10904
104130,6074
108320,13244
93440,31758
105567,14598
89460,7965
79662,26961
88491,15186
77034,17079
90404,18648
76014,12151
104971,9945
92516,13733
86856,8797
90648,17951
97201,10770
79186,21143
98204,9251
82568,25441
97595,7090
101703,9966
84202,9692
97310,7080
105498,14011
78896,35115
106029,15781
90047,14089
83277,18789
103503,11718
104327,19971
78026,31809
80909,22079
85733,8724
103986,13357
103236,15479
94181,25807
78518,23783
88239,8313
94503,49177
76074,14502
94424,20721
97663,17822
82357,21516
92631,27236
95482,47280
90697,15762
78798,20178
103348,13986
83659,11702
91108,14495
77916,15931
106086,18504
81928,23111
108406,9511
89731,15451
106178,14122
107719,22828
90633,17529
100003,2849
98978,16129
88009,16153
96631,13914
93628,19895
87288,10434
82057,27902
82925,15640
100038,9489
78420,15724
96271,7751
97966,14333
96110,9005
80393,14202
78706,19137
107484,19646
103084,10643
99792,6835
93476,35282
88975,10282
83981,14009
79492,16486
76802,31620
83781,6098
95719,28674
106177,28978
80626,30578
76158,13334
91434,18597
80463,24505
86263,10828
107666,23179
94262,22239
103501,15120
89996,15314
87306,8819
82265,15698
106825,16525
98851,18148
80547,27360
100440,10957
103194,12789
90394,33800
86111,6551
88528,19825
86857,10261
78099,9140
92331,16952
96016,18958
91750,28261
92459,21630
107321,24797
87091,9834
97925,3408
81737,15742
99093,9258
99531,11345
84423,12372
76406,23266
107350,19764
76326,48558
84338,24152
76577,24766
95385,13423
90391,17416
107624,24126
99241,5561
80248,21451
85295,15721
96343,9523
80926,12775
94027,21610
79544,18817
84425,10508
105264,12528
82643,6900
93474,14206
107072,9036
83519,3492
85962,17175
96932,31184
100759,10440
107022,6921
77012,36884
100651,8567
89430,22553
88981,16012
95740,24017
101954,15208
103408,6181
81304,10360
108421,22298
93532,22079
101576,14066
79931,19788
108176,10415
84455,17895
106797,31516
76513,19338
89674,16350
77722,22244
84754,19729
106492,10633
99242,8148
107569,11604
94320,17706
82637,10024
96550,16247
105480,19317
100624,8499
89114,13775
100866,7155
81896,15747
102689,18505
97911,11740
97099,6695
92071,20925
95849,44580
102903,10938
103725,14956
101176,12008
103887,10434
80921,28819
92266,21752
106467,7924
92139,24529
106826,28635
88193,13873
106211,14804
88612,15899
89179,16627
80004,26873
98225,8798
99856,21036
87150,23707
94786,28407
98471,18892
103319,13823
89393,7542
85789,16302
97761,19342
101800,11293
91588,29985
76096,10223
77378,20993
105010,17483
93587,29825
90171,7989
90438,7587
91148,17917
91323,29399
98577,9297
77741,15730
87789,15925
94742,29683
78295,8459
104797,6576
77425,10620
96208,18615
100731,10057
93163,33967
85915,8325
89993,10771
99626,24739
78228,21720
78779,10939
78654,17203
82947,20109
99479,5918
90585,15275
79933,22701
79287,21621
92899,27650
93755,27202
92117,29487
102417,10544
106587,28597
108201,42531
88442,6921
82673,10318
104223,11252
86036,6521
93425,24758
96693,10691
82050,37375
99460,7399
81829,32724
83925,13144
94041,28945
82035,16925
107368,8738
105591,28327
107782,9277
96340,14173
97566,8053
91719,13480
79210,16272
89898,8924
106642,12496
93485,18999
98774,11711
90967,21346
89550,18250
99247,8337
99897,6567
91394,23041
88135,5631
84111,17380
91479,27289
82622,7603
104106,28737
77050,31028
105631,10674
86427,6944
93552,44588
81830,36390
82034,19058
105857,20318
91623,19769
87886,17154
78123,2893
101951,8755
97543,10192
79462,47263
90234,2675
81860,21876
87045,5511
107162,13157
90414,15211
78353,27721
90940,18278
104123,26748
88330,9768
84769,8045
108396,20346
89556,8810
91348,12694
107687,17454
90777,16588
104801,21815
82951,13141
106440,18814
83562,8971
95283,20206
84042,9136
97883,10818
101997,8075
82566,10250
87497,11840
79697,12979
85723,20011
103511,13406
101075,12195
108424,11186
102011,13676
90054,13127
105933,16576
83807,15029
77338,29884
96060,7477
103133,10203
76548,17608
79177,22714
88937,13583
105216,9743
80415,12364
89404,5402
99503,12132
102640,16044
108003,31435
78038,12532
96267,21838
106361,27170
90046,5869
81034,21296
77832,21874
76482,11638
103687,8008
104148,15731
96008,9106
77464,29274
83612,16506
88727,16814
92881,18971
78787,36028
92593,16215
93216,12840
108447,8640
91746,30531
78670,17725
93142,27762
103515,11499
101254,12683
103532,11577
95650,22457
100251,14902
82597,9641
83045,8042
95764,24472
83685,9601
108088,18371
99800,8858
104273,10609
86860,6945
103756,7778
90038,8397
81692,10627
76875,12143
82474,9407
84165,10904
92416,18605
76486,15777
83332,16939
86362,6540
99000,13526
79474,10317
81625,18319
84416,10942
107026,44504
78888,27799
91402,13132
104996,14393
108161,22999
95547,18653
81861,13338
77574,36520
88480,9784
78311,29688
79130,27296
86087,20211
96083,9433
102730,5565
93459,29387
103121,6543
106519,12114
90685,9560
95357,14345
104263,2045
92978,24479
85290,11865
90632,8041
105283,14747
77070,18705
97304,18866
97350,23749
88499,8353
88773,17220
97413,11274
97795,14217
102571,4632
100395,9454
83692,18674
88058,9593
88108,20003
89818,6257
84732,11775
79794,14601
103320,6038
91794,15069
83061,13899
88593,14026
100252,8301
87177,6673
108018,8855
102667,14522
77541,12462
78985,33672
96495,12582
91698,18367
80282,19441
92825,26196
92684,26577
93840,38056
85266,5848
96656,10677
87600,11731
106994,7797
101405,13075
86756,3320
91439,13451
85088,9311
93892,16533
108240,19390
91934,25203
79263,20054
99012,13927
99507,19137
104775,13249
76783,19576
98630,6040
105799,11490
79687,18017
102242,10365
104987,14544
76197,16094
79819,40103
105059,16237
103748,7722
104789,20845
107740,19745
94310,18972
95974,24663
78991,27919
85346,12800
104905,20406
84858,8362
95021,23132
79234,46494
93929,28532
93964,21264
102327,17300
93930,39610
94220,38795
97355,15592
101356,14209
80132,47967
96537,8975
95767,10002
102780,11722
98549,4982
91031,29013
91922,19079
92327,20097
101273,7821
83564,9136
93121,14449
91848,21911
99112,12235
79484,20562
83792,11738
88337,20596
98896,5993
82576,19112
85186,10474
103570,7752
94806,28791
107394,8928
106891,8544
77508,33584
78851,45283
81113,24091
85437,11939
82280,11367
85886,17064
79625,25767
95239,39082
82313,51556
90789,19458
92484,20384
88349,6677
87936,2563
96057,10000
102286,9921
97187,8363
85499,8678
104015,14698
99732,11859
87915,12761
81687,11801
86009,20993
97444,9648
102004,15296
104458,7715
98519,7117
82785,16271
103479,19719
100675,12662
102764,8172
84770,12553
106124,7082
103447,7928
101681,14154
97714,16484
101446,13963
108526,16081
92403,17538
76218,55738
81456,9828
81297,29959
90637,16064
90327,7912
95775,14803
89328,8637
76281,10581
105285,23448
97967,15501
103677,6933
89371,16725
93864,9200
103191,7164
84138,16080
88931,26221
83174,10708
96700,17216
90557,7188
106224,19237
76032,15035
93904,11703
83233,9945
97166,13720
107008,11785
98411,7878
76898,15005
77335,21839
103661,13559
89251,19374
107278,10758
76306,22562
95821,34127
93738,28051
102085,14937
87697,15357
95925,17790
86432,16033
77843,8870
91784,20329
101658,16683
77139,28472
82509,9464
92105,26727
89714,11959
104701,16694
96529,13433
86466,12971
91745,14057
89336,12161
77392,6470
107821,24636
96431,8038
96177,8890
103091,6908
91003,19749
95781,19587
96216,13260
78178,49085
108259,20150
81909,8078
87054,12581
95949,18731
84912,15857
106750,10096
105535,8342
104790,10454
82394,34372
85536,10565
88663,9945
95114,21529
87720,10210
105355,6232
82633,10542
77178,19016
82650,10435
88354,18342
91594,12481
106838,29422
92201,27580
86903,17522
91790,33985
89435,21081
106192,9517
100291,7810
80263,18447
105259,7001
90581,12921
82168,16069
78900,21025
92927,20033
86035,13099
82812,5885
90960,15287
80564,32145
88136,13303
81598,11084
84515,19050
76559,20332
85602,12856
87221,19336
103271,3545
94627,3479
79016,13955
89875,16090
89037,16475
100203,6234
86521,7394
100287,6969
100028,9095
99993,12907
89572,16398
89439,19454
105686,9435
92939,15841
94055,29637
80380,23256
99967,4854
95543,15614
97455,12266
77160,13524
105212,19947
100236,9907
107291,10360
104571,8999
107474,14059
93115,42314
92068,21656
101225,12232
87087,12018
98133,13366
108494,23025
93501,26142
99785,9676
99377,10757
104791,21904
95521,24449
98752,23914
100191,6377
86298,10894
85617,9524
101651,14583
93014,16429
89934,8205
85334,14856
97879,15745
79690,22136
108126,20947
77117,46421
99027,17204
102822,12322
80603,12661
98014,6261
77131,47303
93449,20875
96996,17896
86682,6400
88766,2678
89860,5071
103646,7202
97690,18802
101168,9131
106415,7411
83711,21437
87996,13123
79855,15652
105266,12667
92717,41223
88833,14218
100290,3031
79845,12414
102781,17184
80780,27992
95643,18042
90478,5760
78919,45031
87599,16353
83576,12653
97582,23652
98560,1849
94839,15049
79584,31616
95009,41037
86194,9630
81291,15519
108264,7814
91618,26565
103987,2223
98687,8061
89683,9085
80178,13839
85041,9159
85795,8232
92667,26415
88648,9639
81003,22892
89530,9654
89343,19438
84383,11212
95447,21215
103195,12094
87916,9106
79701,8161
78939,34247
90700,7558
92770,24422
108076,30932
76716,20839
94223,15411
97551,21016
92126,30882
92616,29335
101680,10505
91237,35279
105108,11937
96867,7462
89088,12851
92402,20911
94049,19815
86720,9339
100554,17924
102551,13264
88297,10040
85365,9722
82994,8533
79914,12896
108258,15907
76068,15585
82252,10846
85769,17360
90927,40801
106917,14329
97051,7381
89757,7217
90517,8727
100679,6201
102698,12625
76935,14817
94802,29319
106017,27681
105400,10414
107120,13874
102046,10147
90067,12391
82781,13914
95277,48618
95689,22745
105027,19927
85236,16859
97380,16258
100285,19830
98812,12371
96265,23155
101336,9950
107335,18400
96385,13105
78322,35766
91805,42418
106808,13905
91272,26122
97409,9756
84801,14164
84783,16752
78594,23180
84618,11862
95162,16517
87803,14519
92565,13983
107155,20593
93075,25523
102973,9100
89247,7559
79555,26504
90326,20394
107169,17410
79268,18931
99954,10411
80374,25360
101695,4886
91260,62931
78376,21064
105554,11053
106897,18858
88890,20689
85043,9261
90014,16494
99924,10011
102210,12467
102041,11091
78082,52923
106653,8796
85042,6882
90502,14777
87396,17882
92489,19694
76383,14021
82522,10633
89906,17304
103260,7990
78162,11999
102594,8335
103841,7682
78789,19413
106717,10054
88775,6737
88109,13672
87997,17084
88027,16905
93890,13427
94101,21298
102675,6428
101475,10671
80558,10397
87171,7774
88266,10632
101850,14905
99649,15329
105512,13099
102290,11400
80390,20818
90266,6593
84938,9620
93151,48004
95267,33334
92188,21868
80014,22417
103390,12660
77627,25280
104741,7641
107297,9897
93101,24986
94142,18363
93814,24901
92300,31104
89616,9521
102876,10906
106731,20930
97653,13512
86484,9670
97041,11042
88263,18372
79035,17105
85171,21223
99949,10643
97528,8327
89333,7442
108420,31552
103545,12354
87578,10995
89794,9373
78220,22386
86074,10320
82330,17697
77108,12749
90682,19242
105643,38489
104819,31704
98722,4529
82464,12366
80687,28153
101340,5734
86763,16687
103549,6991
85520,11623
95658,36566
98745,19656
102751,7849
86044,17958
87791,7244
85907,10340
82976,18063
87738,17068
96035,10177
88577,15347
87932,9126
100197,14860
87983,20346
83455,16023
100627,8710
108491,7249
103896,2902
100166,16265
84224,18664
82279,14820
102695,9736
91730,13327
91520,17608
93441,21797
104061,13534
85328,18392
78431,12206
89987,10610
89785,8373
87524,9348
105313,20366
97204,27115
81190,25025
106185,24411
90483,11650
85436,12406
89422,14363
94943,22256
84834,9945
104864,11986
104593,18777
97614,8336
105794,10334
87647,16637
79445,23520
86179,10111
80653,29171
86987,9200
94399,14033
85016,8112
97822,9625
78119,18441
100744,7223
105979,10694
99994,8148
100774,12778
92935,19498
98288,12515
76583,12250
83919,11545
81696,42957
82491,16528
105912,8307
81324,20713
76616,28230
77437,27439
87372,10862
92668,25977
89936,7201
103228,11161
97587,10346
101465,13959
83831,10108
106127,15677
81306,32852
90977,19157
104439,16679
93212,14718
102209,9293
100072,9343
82518,13390
103988,4767
89788,6724
81061,17311
102430,6606
97938,6773
82243,28998
98210,14309
108342,20836
83764,10688
106233,14817
99659,7817
99142,10770
98655,11441
108449,16937
104515,10105
97931,10635
100995,9242
96070,23454
76333,13573
106307,11436
92092,17503
78883,8942
94921,30383
78172,27478
96430,25269
82844,8058
82378,4916
105297,19961
95050,26118
93124,17196
80112,21376
86478,9230
83917,9307
100721,12609
94123,31059
100693,11527
106688,8608
102131,11316
99935,8290
102108,7587
82729,2120
77495,16261
98827,11884
97526,18502
104954,8924
78155,20661
79469,12159
98055,12336
102443,9075
91468,24044
96944,12127
90974,19344
97294,8435
98347,6717
96505,16971
100542,16090
79348,19418
95285,23294
103440,9127
91432,22982
84815,13159
88959,17800
96017,25102
105760,10226
102874,10662
103528,4327
87558,11260
95691,22908
106122,23960
92479,7636
106673,4953
108143,31007
88298,10258
102149,15097
87765,16669
90258,10496
96940,8989
108032,7213
77733,20836
90186,7161
94702,17060
95120,27967
91144,13501
103053,8496
99408,13745
79533,24259
99369,10503
105062,16811
102029,12399
96368,21524
101066,11255
100088,6083
84869,14303
100736,15552
85981,14403
98872,13117
84037,9389
89217,11050
89775,24552
88379,21426
80011,23815
80836,20657
105215,12040
93719,38688
107968,16619
98967,8738
85591,15720
80478,10811
92882,18677
89721,9493
101878,7906
102301,9437
101408,7127
81446,12612
100045,10623
82986,14474
78772,21880
78208,24246
81689,10137
96791,14938
79141,12898
84271,16147
94879,16509
107759,10115
83675,9731
88258,14100
96976,18101
92824,17018
98414,7630
85028,10296
97506,8934
92767,23881
100210,14373
84470,11770
90627,6849
98768,3881
105263,9889
81662,35541
93787,15227
82688,9575
88923,8662
97463,9463
93008,14218
86807,9757
79997,21821
106742,18904
94777,11712
86594,18737
82991,17439
102203,7560
103539,14378
96264,17581
77721,13157
107801,14141
99511,9683
92801,21693
82658,6760
91732,13932
76557,22383
91314,37528
82198,14719
100607,15315
80984,12609
77901,13242
95736,17221
86809,19408
78288,21457
101339,11010
87249,8153
82143,33921
83850,15610
106952,12730
106504,27292
87341,15063
94165,79491
79986,23168
97235,12394
84860,10370
94913,19921
82439,7720
83066,9884
76993,27850
88803,18061
77506,25162
76456,19696
84599,7530
76680,25418
78685,35198
80310,17438
107412,26277
89792,4796
87421,14585
88821,12418
101930,7860
105822,10913
97642,15136
107339,10459
76550,20026
88272,5945
85777,6672
104995,14805
82640,7448
80887,12806
105022,19456
79920,18932
96724,12087
87654,11651
80242,30685
103464,10686
99537,9897
92524,27970
83634,14517
77597,17174
87830,18160
87700,18743
86513,10021
92891,10876
79513,11848
101087,14402
85729,9393
107672,28516
77549,33220
94307,19853
84500,13501
98867,8051
103039,12377
91192,29814
82205,12023
100369,10668
107529,14706
106073,14391
87934,8263
99978,13950
97512,18338
78085,22469
83329,9576
106679,19724
102680,9415
100260,18746
98100,20253
79452,55136
94814,26437
83431,10712
102298,3673
86411,9980
105783,12662
79588,20005
77976,10424
103387,15146
93070,40907
108393,22443
105094,15972
101152,7368
87464,10861
92410,22652
102395,7928
98531,13044
89945,10349
102454,14808
104729,15585
89493,10692
92058,25734
93884,14209
87594,7432
100891,12347
81535,22195
80847,29597
90120,9134
76004,24559
76670,16902
82018,7962
90007,15987
76604,11979
88324,7347
84260,15174
104662,18240
80740,23386
94973,17284
89099,26879
89528,15471
87947,19891
76967,24875
94126,24396
92187,44057
104140,8361
80573,16021
99372,13264
79790,29365
94392,22975
103573,11944
96538,10350
96774,22849
83631,13216
89532,9462
83991,17880
95769,28350
83263,16436
87065,9984
107642,14490
85968,9322
77321,16859
79237,26037
98975,23413
95590,25679
104906,16282
103289,12401
82134,18081
108432,14873
79361,15577
79283,15616
108270,10350
100333,5557
89059,7663
96852,7016
89651,18399
82856,5160
103072,17861
108315,15023
95664,17832
87882,16876
81682,25033
102981,4609
104776,8623
97621,19992
100451,11002
94393,39550
87416,12695
105999,8092
91075,2538
104390,14471
78471,60907
91077,13440
81733,14802
81475,21164
89546,15389
81968,18080
82201,18482
100703,15431
108173,9492
99283,1937
88618,8206
77172,18357
105813,13049
85410,9211
77665,13864
106427,12104
100684,8299
77682,130705
106196,1939
88627,24658
108029,15068
80142,20839
101534,13919
106737,20803
84776,8348
100686,7228
100393,15298
95593,19422
106482,27282
82594,17626
95052,19515
77581,31796
105894,15859
98981,20453
103791,9511
89035,16179
78988,53204
102284,5967
78961,20772
100824,11437
80563,18927
106006,25636
98874,5834
92004,26744
76541,5531
76087,10577
96383,8589
89403,10797
85502,10669
78453,16340
105672,10020
94086,29472
103223,11871
106894,6060
104079,15167
76659,51816
78970,11402
94467,7346
106317,10348
90990,19989
85168,16457
85329,18282
90573,19141
87552,6630
106650,9218
97658,11329
103443,10204
108293,10358
106230,14971
90762,4163
90385,12285
92892,30285
87166,10540
88217,18145
107357,12601
104588,15219
106711,23419
82117,28762
76811,22095
96629,13843
82497,13486
105204,10214
92020,22734
103534,11405
87801,13199
76388,20593
101512,6553
88523,13190
82847,20238
96295,23757
104555,14532
82459,8028
88896,11574
98912,18534
87904,11812
97899,8556
84404,10561
83628,37083
98240,7347
77405,47938
95241,19777
86588,15103
100568,6854
103330,10598
88168,35069
99695,7581
105415,27202
108291,9671
82483,19067
76215,13329
95883,9566
93944,16908
80545,12393
87133,13889
107929,14637
103594,10470
98090,2660
85950,7746
97817,22546
80349,11736
92065,27227
81419,22734
103547,15479
82647,17006
103287,6537
92620,22460
97818,13213
94762,16475
86986,14672
80244,15284
81808,33325
101955,13546
100277,7698
97433,10313
101701,11729
88891,18070
97998,8844
84676,6034
85102,11943
95997,23807
108269,19264
101745,11653
94167,23837
100965,2679
96695,6985
84077,9756
95666,31216
93525,22542
86442,10181
98856,18191
102762,11697
91868,24631
85895,8867
83837,9895
97933,24346
77159,45379
86267,13992
102669,2673
99058,27617
83648,18743
90586,17106
96303,12319
91599,26926
104830,14087
103867,10546
103352,8442
85911,10551
86215,8925
100026,9600
87347,9321
95363,16531
105922,27082
100582,10919
90707,13162
89442,11104
107455,11998
79441,41517
99119,12691
84855,14975
95694,24287
98802,20667
93759,24965
100855,2628
93601,29100
103425,8235
79810,31260
106082,10964
96555,12250
76273,15532
81265,13649
76722,21840
87080,9645
85477,14499
100688,7284
101612,7246
107135,8718
82754,6841
77167,16478
95627,37077
77685,20666
81835,20349
108459,13875
99976,21628
77873,15877
91574,20164
98487,13636
101067,5166
86888,16659
79051,20875
105704,16921
93009,23799
79182,27706
77226,19874
83439,10751
106093,17647
85243,16854
77181,16460
85451,16323
76412,45316
87990,19150
82077,31913
86289,18237
81566,22360
82864,10704
99130,9917
96176,13516
102269,8003
91841,23492
76041,22604
104840,20141
106253,18330
98245,23396
77039,21413
100730,7487
87739,4752
107559,11407
103282,9894
76646,28601
80252,12367
103895,8944
92491,25628
89765,15160
106652,17400
88005,8398
99470,9571
77069,19077
77955,26654
90809,7776
91610,21280
102774,12110
78231,8984
101171,7734
94420,10615
91378,26614
82771,11065
99918,2311
103574,14143
86799,13617
94318,17939
76950,27765
101720,9089
106698,21225
103488,10327
99153,17406
104945,21264
82708,16902
80674,19448
84122,10930
100375,1837
89456,14659
82974,13941
104716,24382
88124,15953
101244,9572
82069,18533
98606,15680
94412,29986
106030,25050
89877,7785
83349,15243
84253,8310
79774,21808
87259,11210
81587,9406
94407,18717
105889,12326
90829,14004
90286,7882
90162,12576
86022,12752
108101,23352
76814,13738
106162,21927
106605,17258
99590,12508
102676,11640
107658,10531
82396,13951
108051,25264
92955,27729
83520,9740
80338,16225
89312,6458
80751,29763
90622,7077
79431,23572
82870,12906
106446,22639
96223,9133
100491,6754
90125,33664
107869,19159
78278,27625
104244,12360
93810,25076
90911,25610
81869,30380
100472,15691
101927,13317
99713,18113
108184,13564
99764,7231
101286,15905
106534,8290
77461,11542
108272,11323
106010,22226
89193,12742
87761,10895
88154,12882
97789,11654
98271,7525
84160,16650
80752,10192
106107,21660
87260,11032
76549,4041
106619,9743
93849,27489
96045,22071
98306,8613
91896,41703
94048,18951
104918,9838
97720,7894
97482,7471
94156,22580
96469,9042
96918,18962
97241,7997
78150,12543
77808,35933
103265,10119
99485,7578
77860,14738
83834,18122
82565,5640
104344,29930
88984,9171
92161,18813
102199,18557
103723,9872
94677,20156
104806,11400
87148,16419
78411,17836
97856,11583
80535,21936
90156,10307
82176,23412
76790,10132
91762,31543
78650,31916
82763,16898
82678,11051
100137,23188
78365,30338
88768,10931
80346,23633
106682,17550
97171,21244
81701,16459
84073,11712
79549,6829
100269,6931
78466,30670
80489,8791
100009,10746
78769,13175
96821,21441
107253,9198
76045,12668
85567,16394
104651,9614
94428,9688
90549,15547
100940,12009
105608,18685
105280,10355
92200,17114
91082,7887
77298,24294
99432,9938
80426,7299
100817,8015
98552,13742
102428,8432
100978,9267
96371,14173
84334,7605
90196,6739
102540,11090
96914,6798
100895,9636
105296,24896
101888,5668
104077,6855
94267,31943
96803,21608
88905,8619
106132,8938
104388,10246
92704,20283
86345,19948
98326,49982
98572,28132
98754,25024
77794,11793
101082,7172
98455,12296
95796,17301
98861,20350
87570,7575
91904,20946
84147,15115
79470,30981
100012,8043
78698,19453
84929,11802
97808,13509
85299,8870
91297,46619
100772,6285
88500,7512
86077,18753
91891,18922
81059,20630
91023,26951
94693,26515
83779,12838
102323,7405
86078,9986
85595,18551
78582,25341
82311,33174
107228,27760
90613,15933
102643,9891
87044,16073
94680,21789
86222,16260
92844,22467
107625,2949
98155,6560
95145,14463
79545,17518
86312,7155
106466,11859
102721,6815
82720,8472
89908,13185
86593,4500
86930,7826
80460,15518
85235,19195
103331,13047
96526,21727
93359,16112
104761,10502
76684,27032
76697,20425
92488,17534
107148,21431
100685,8417
79407,22095
90983,21109
80435,13062
106658,24522
76894,33687
77367,15750
80301,36857
81032,20701
107900,36883
83046,13706
102331,12870
94376,11697
83559,12206
103509,12367
76553,19075
85897,10514
91644,16947
101598,19026
89707,10597
106964,15668
86117,8587
100179,12696
98605,27685
99719,9174
96764,19019
97262,8960
79645,22055
85785,13339
103444,7271
105639,14819
106379,21216
94283,12573
80195,16218
84709,18305
106270,16903
106321,28435
102975,10218
77231,42835
82488,7414
100406,13494
79606,9207
81036,15099
95806,28817
97217,18494
93696,23667
84438,9405
108083,14771
94109,30165
81873,23859
83535,10744
108253,9426
103572,5904
97782,21244
85759,16831
101313,8886
98905,13029
96344,20325
79144,13676
93593,6912
99886,10505
96085,7561
91717,25277
100170,13811
101760,15978
104762,29977
94364,16386
81819,18286
88720,12715
76810,18900
91505,30093
91740,30689
107115,30384
79860,20631
103392,9147
107926,7557
98206,11857
91551,42361
100331,12842
76115,22079
82255,16145
104007,20330
77667,7213
97247,12980
104182,43752
84802,11507
82517,6352
79978,38980
104400,30585
98809,14164
96889,17656
106291,28725
99347,9668
101462,7035
92841,28350
78210,69178
90440,16210
84119,10934
96872,13265
99411,7021
88399,15376
93645,18463
106472,12611
93223,17696
100761,9727
84396,9219
81694,24107
91499,51794
86428,2704
95718,17492
102532,8837
101976,7861
101696,8860
98887,7024
88660,16414
88640,16514
84379,12620
84581,16265
102278,8876
87590,10935
105244,21884
85140,20107
100212,6340
82463,8787
89649,12302
105119,19830
101138,10865
97613,13432
106323,11970
102910,8058
106664,17567
78285,20534
90102,10957
96386,8308
90800,7662
98566,19232
101815,13835
101798,13362
97728,13316
99174,13639
94250,18598
88827,9792
105493,8834
77991,28551
106003,12805
102938,13912
80815,16959
102775,13698
106108,8798
86213,13165
97119,17804
90341,16922
81713,24097
99887,6736
80067,46153
104710,24998
99374,10801
102685,9668
88454,9743
88121,16997
104607,13438
108321,15512
100788,16769
79504,20066
108273,18375
94291,27833
92974,18505
98506,7453
92238,24190
101214,7416
92872,23749
92412,15214
99487,29249
95246,30221
83843,9649
77705,18035
82903,16535
99335,14275
83112,13003
82946,11844
105777,15150
87013,10206
96752,8011
106136,20145
79867,34401
84377,11468
100807,16141
77327,33045
90531,15159
80907,9538
84019,17627
90542,16118
77431,10776
100648,14546
86836,9782
85657,9884
104881,20547
87108,2797
103909,14477
101363,10946
83894,9799
87239,17064
99880,6846
101105,9214
103682,10600
84580,18540
103278,5257
81972,9811
96088,6089
89815,7807
83189,13478
93790,28939
86893,7085
85632,7666
84891,7285
81765,24897
104808,11220
78274,20607
104323,14657
104215,25056
83258,16200
85415,9124
76352,16890
105843,25461
79923,9498
86788,18913
106140,11951
107298,16035
80097,63095
84584,8733
97123,11321
82024,65141
80482,23702
85092,13295
107615,13158
83158,19052
98377,10121
101038,9469
86398,11020
93257,20326
76372,20167
91976,27156
89914,33966
102249,9892
92223,20736
96162,7905
78476,37379
84032,19845
87790,10000
99047,6753
85743,15774
100359,7497
105381,20269
87011,10807
106016,22221
104246,17615
98535,4543
101636,7285
86057,18572
103082,7318
98076,6567
83514,8288
103770,7896
81344,16449
95622,33405
103797,1693
93056,24014
78395,18984
89628,8450
103060,4667
76440,21485
91172,29003
92399,28532
93498,29015
88211,5991
101974,6072
92110,14360
108282,10455
91046,16220
87325,17804
91442,17156
105058,8498
83755,9722
84596,11199
86642,9337
104884,33785
99464,11969
76380,18423
84398,8338
86695,13896
84967,17244
91413,41811
104536,20503
103653,11976
82660,7568
96278,17270
104281,9259
96493,12205
84816,17057
96248,7799
84910,13474
76150,36196
84168,8126
91284,20627
95359,16576
99809,18465
97478,13352
90354,6794
76268,20459
99017,5541
92966,22104
98031,14501
102949,10119
96793,9240
88706,7632
100609,9009
89116,7787
85861,6932
81217,21809
93134,25020
93383,21925
108417,7511
84549,10929
97741,18077
82038,26066
104696,11814
102985,11110
76015,33499
89233,5341
107693,9121
79543,15993
88941,11618
107133,18566
84262,8611
80022,13271
92947,3261
106355,23418
84561,6758
98987,19927
106383,21285
81784,10267
100364,12834
107310,40309
95690,34008
76393,30489
99698,10682
92142,29055
83931,19071
89216,7721
78447,13341
88380,16228
106609,11146
87906,16907
107946,10905
98084,12494
86920,13777
96738,13062
90639,11686
85170,25068
78613,21337
105247,16836
90641,10094
103803,10913
101871,7080
84737,9074
88357,15990
76060,21456
96081,7159
95771,17963
90465,11976
105795,7558
99716,9632
86627,9261
76452,31981
106972,17519
85032,12741
92339,20746
92906,30274
107476,25562
98693,8589
100745,15172
93962,29763
87071,27022
78456,11881
98616,8508
89502,15174
84812,17257
99278,10880
106760,29725
93843,17882
89686,10876
89459,13890
86882,19080
89055,13784
103280,8116
82388,13176
84322,20051
99763,10010
89240,7984
89369,7706
97845,9243
98505,23104
83594,13335
76879,21736
107542,9234
80047,19270
103396,10290
91511,27468
103680,7952
90952,30902
80329,28741
95213,14242
93454,16876
98790,13846
90991,50248
103576,15773
95054,15809
91254,39793
78354,27859
82354,8442
88849,10931
89577,3505
92417,19185
87390,21193
90610,15011
76083,26865
81716,13494
91781,31335
90138,20242
82651,8280
97872,7629
84809,16272
107232,13925
82070,13198
98299,21887
108152,7295
81894,13636
92170,25610
76815,14249
85318,15941
101609,14262
85681,8407
90628,4372
81278,9241
85022,10766
106237,10104
99060,12973
97068,19690
81590,27373
87125,7207
86034,5821
92154,16058
94085,15512
84555,17909
96138,18729
87289,16133
96099,17593
92408,17098
79885,26247
77403,22205
78502,37233
101012,17258
87470,10662
85394,16793
90467,15514
101768,18347
82421,12751
85707,17654
90630,16163
83619,10687
102793,9661
78299,18730
108074,9626
80894,48018
107622,9392
89930,13666
105194,20204
87228,8204
87821,21569
79921,17418
85109,16629
104039,6028
103523,16163
84724,9619
101351,10940
76444,32325
108202,3084
92774,39305
97279,13408
94079,14575
101938,5738
105071,22448
91761,46333
79296,28443
100769,10812
88597,11400
85935,10004
100302,14710
89081,19809
86282,7125
107202,8733
101999,8912
77135,21155
99417,10373
90406,18617
94752,15315
83342,10454
98973,18011
79768,33875
77192,10439
80500,11829
76835,34476
86983,12964
97069,25788
97193,9423
105073,15736
108405,6899
90739,14263
100079,19184
97513,18202
108004,31834
100330,10914
88508,18081
81325,26670
105920,17876
81530,9435
86776,10648
80384,12280
105020,18850
104228,13167
103926,5938
92044,30235
107049,8640
107408,20021
97280,14166
84121,25358
107517,17280
81847,11146
93671,16846
81276,22296
105034,21665
82559,16843
97468,25313
101227,7951
84614,14416
76259,19841
81329,42676
91999,26818
83557,13877
82819,8890
83735,10384
103607,6988
93256,25908
89255,11871
102147,8571
86853,13801
76266,15693
85025,18787
79566,20840
95663,21366
96600,9093
99798,6416
96922,14794
76888,44989
78701,28824
108246,10340
102309,11031
89158,13626
95309,18260
90997,26991
88930,15495
86235,17115
86159,10267
101049,13492
81773,31623
81389,24678
88802,10884
85702,10397
98780,25330
84786,16415
85683,9764
77857,27812
88429,17527
102069,10882
104862,11998
108204,22143
105476,9751
91778,22827
100851,11287
82960,16151
84799,19315
86912,11345
101533,4523
90657,9068
88912,11988
86715,16475
87508,17641
87984,9109
94852,11146
94905,20311
76632,22391
84100,7163
95802,11807
93740,41565
98565,10715
104153,9185
82480,6995
100660,9919
76089,26911
104329,7363
76434,19999
84061,15624
92097,16839
96236,9239
78908,10604
104602,12082
102750,14783
103394,14830
88113,8518
95654,27229
86372,10783
103110,12416
88378,16741
97704,7429
90821,15651
84901,23823
93956,17009
96320,30640
81148,22266
96461,22872
84615,10904
108104,24096
78039,14458
91425,27989
77044,12460
83049,18234
99803,25506
77693,20819
95508,43274
101593,11541
101499,6072
88319,19878
107344,33122
88590,7520
102740,7558
85931,11897
77210,21068
104732,15680
101802,9849
106071,10828
107867,9455
103449,4455
79433,26899
94897,43757
79851,18809
103779,6782
84206,7248
101707,7567
90924,14682
92910,30276
95774,42218
78551,43113
97038,12822
107852,14147
87639,7959
89958,18869
77096,15444
80491,18876
97835,10673
88697,8113
78196,48518
100662,9756
93739,7925
101433,11807
79620,11225
98914,8516
86750,9770
99223,8610
100046,5482
77452,27638
104703,15001
98198,10010
104049,18463
102264,11449
104967,16403
82009,17591
79345,13930
76063,34626
92506,18486
105509,7550
87958,12382
104150,18957
76395,21551
92933,22954
105564,9666
101877,16336
97863,9181
98886,22934
108166,25006
84870,18189
105095,14720
91461,20764
89581,6798
79917,7730
86396,11187
77190,25902
81287,10610
103138,11359
87123,11339
103793,10710
93077,20293
107545,31171
99055,8628
101183,7740
100713,8033
94948,25707
104333,3565
99987,8158
85251,10549
78966,12021
106038,20394
80139,22858
86167,12791
99261,12585
92352,13076
106505,22236
100845,11528
99620,12622
99159,22198
106476,23171
98980,21651
93289,18051
108209,12465
83126,9884
100563,6383
105255,9378
94179,20448
90552,7843
91267,10317
96812,12638
88257,19092
88718,11900
83854,15017
94902,17028
92523,12865
89821,15581
95400,42718
84369,10806
104199,10847
82116,26154
100708,11430
82790,13358
81821,15619
88277,13691
81500,37784
86835,15887
79378,32849
91295,30314
91973,27720
104856,15247
77543,19772
108162,8774
91217,42548
87896,18700
98107,8687
100169,10547
90709,9516
80086,33924
81299,33087
96112,19313
103775,7045
95669,29331
78443,14376
83136,15929
103945,6592
93010,26842
91906,25558
85113,12392
79454,17117
95079,43504
77330,51548
83798,12790
90237,7897
90782,8427
93557,24036
80716,19680
103222,8081
88529,7713
79327,19213
103525,5705
77294,14115
86934,5517
83687,9644
101179,10831
86285,16019
108225,32486
79458,19676
79962,28071
77878,30631
79980,29259
78111,21501
96878,20091
91368,26010
85298,7415
85082,17867
91369,21989
96485,26324
77644,13463
87187,16548
108438,18771
83884,13447
79694,12902
83581,17888
89661,16127
91756,15509
94344,16388
104700,26626
82382,32073
107594,40995
78751,24029
80127,11796
99586,11767
79871,16728
107372,17955
108028,25028
85904,13341
102788,14091
99942,12834
107103,13866
84087,7079
97292,12139
104542,14613
94429,24513
86335,16517
82367,13438
86457,15876
107346,12741
77766,56013
94768,44090
84426,18441
104173,16930
80165,32302
80521,24108
95028,30535
77278,35328
104940,19479
76864,23113
87845,9102
86391,14096
85488,3012
87274,18414
102371,8036
77811,14789
80166,25043
85693,7990
86192,17865
104128,20783
76805,12547
76360,14169
100706,4835
101318,13477
99579,19668
77331,26766
107340,12386
90662,17621
83565,7123
89664,18729
78421,22030
85006,10083
93876,31326
97786,17206
96174,25108
87729,8696
83280,11467
102207,15096
100949,9176
105703,12953
100936,4524
80419,30691
85990,8556
107505,22370
81337,14075
93683,31461
94646,29655
93987,18274
80512,15812
76113,20783
106835,6758
100428,13850
105624,23909
89652,12256
95108,24004
99206,11537
76036,18332
86230,9336
84454,19730
79349,15091
85609,10230
77345,14529
78726,49660
94445,30470
107695,7636
106991,16764
79308,13305
86486,9191
80429,38293
87107,18237
80582,13935
90386,9033
98363,10600
76705,21213
104824,7281
104154,2564
91270,17895
83116,10840
105710,6289
95042,17599
88001,14158
85212,10316
91875,20896
108248,9918
106378,14305
89950,18760
108165,7614
83958,13635
101582,6006
106377,13818
104057,9479
92245,32413
91187,29051
88022,17045
92561,18979
96757,9277
104597,31394
101485,9553
88381,7627
103776,8189
91215,29250
103022,13234
101933,12690
93174,29333
105945,7845
78879,18972
82065,10717
99235,26058
81250,24035
98942,21990
82966,19411
81141,20051
101325,15726
82470,9472
79063,34315
95324,38380
86407,6594
94026,80189
106390,11317
105069,20728
88045,18103
85356,13625
80298,24199
78479,11179
98197,18754
76490,26540
77678,30499
87021,16536
107215,20165
81404,29045
84641,13994
96328,23061
83845,15757
102745,7359
105081,10267
92135,16244
105888,21681
103985,8613
92091,16210
88090,18164
106712,10054
83446,16760
84263,10812
87277,12936
90625,7078
79466,20086
77287,7614
91628,17386
89171,20405
78750,21609
77085,28509
80877,22314
76526,25270
81085,26201
107918,10697
89072,7725
103832,11673
90495,8280
100430,7064
94346,11151
94350,19369
85431,9347
105851,20463
106969,15481
95370,14890
94611,19366
79129,4718
76596,22665
93211,24009
102753,11606
98370,15284
90773,12175
98298,12099
98150,7556
101220,12052
80802,30366
91398,18798
86010,18867
81267,38583
79745,17641
105864,22930
99245,18330
77308,16333
85341,13048
78845,12260
78542,15981
95408,19801
99562,7465
82748,15948
79419,29970
107846,12453
90929,19652
77964,21119
95902,22939
105576,9450
94067,26611
82322,15143
94533,13227
102326,10106
97048,8290
84908,11374
81143,16964
90090,11048
93029,19539
85943,15757
95392,18707
107057,14875
89067,9407
85202,20329
81457,36087
77074,11947
94378,20424
78921,15852
80414,26706
78653,14870
87185,17673
103928,9358
77930,16171
93057,29285
81986,26139
87505,3428
104258,5453
100795,9524
82702,18116
98156,12989
81155,28059
82204,10941
79859,16671
79501,35365
78998,16719
93846,8850
83490,15925
81890,31160
78672,18785
79310,21384
81889,30884
84975,12378
104001,20360
90374,25110
76586,48395
80099,27159
78984,25369
76198,15643
106595,19024
78327,17536
88954,9996
94710,43927
82380,16760
95780,29281
80440,57373
103715,10810
94371,26842
105793,23139
104941,10089
77499,12483
79776,16595
102456,5598
87034,7524
98570,14306
86294,11781
86579,12743
78767,27989
101407,8557
90427,9483
86604,13187
104481,6592
102055,8761
76565,31590
101769,6401
86849,7774
89128,11717
77119,11025
94623,24516
94988,24320
107071,13959
106724,11882
79938,20960
98217,15036
96660,19630
82817,11468
89810,8910
108212,11056
82851,19576
106739,19734
98224,20904
79457,29822
87381,10682
89127,5696
79388,26390
100705,6093
106385,11982
76142,29506
79007,17394
95972,45221
100737,7790
81958,28036
100805,8421
81226,11590
94857,19146
103193,9747
80622,28510
92116,17643
108228,10561
84744,10526
90654,16157
90551,18157
78428,28048
80781,31741
87118,35491
90187,10680
76110,10870
81102,19586
89957,9969
103585,7550
95786,23140
90883,8197
94705,48814
98890,17851
91766,36963
95207,10499
77002,13071
98428,17993
85456,12990
102472,15446
83021,9771
94063,14976
94665,30733
81432,23212
79825,30558
95008,26255
104634,26299
89960,8221
99162,10185
99269,8596
102221,8187
88075,16381
86981,8785
97144,9442
95073,25247
107794,11021
82837,9384
76265,29387
102416,13848
106292,26125
94162,22954
85715,8043
108484,26215
103120,7989
98178,7767
92208,9687
82800,14121
86660,11501
94811,19335
95020,11801
103339,6050
76719,17100
106391,10395
95855,40048
107989,15133
82154,23770
77767,16935
102776,13503
79642,31738
77306,14642
98007,14069
105538,15619
84076,15381
77749,27821
95734,21179
80602,19965
100988,13276
83690,11703
84882,14811
101699,8432
86025,15572
104331,21890
93789,16059
100427,10946
89980,5587
92989,20542
96820,9028
76354,20075
93143,58389
95045,23135
78135,13644
85841,10745
105453,15526
86843,12869
76450,54064
94878,41516
85792,15322
92518,16708
91382,21532
91966,40669
95486,20421
108090,19938
83588,2547
101240,8959
79797,22675
101978,14222
77559,10218
84171,8676
84012,12663
78716,20772
100485,8819
98908,8744
93238,31399
95809,23741
107070,24908
102546,7920
104507,26763
92943,32520
90241,8131
79542,25377
82510,9554
93255,25352
96559,12618
108483,19435
82288,21619
104480,9642
92328,30801
95793,31876
105673,13759
95841,15244
98338,7759
103579,5878
76861,21871
84414,5412
102508,6503
83622,8846
98822,10838
86291,10158
84831,9542
82626,10463
105508,15443
77130,28866
94652,27886
83243,9037
80908,55568
106139,17907
91617,19990
83524,13846
94486,26219
106044,10674
87195,10038
77450,21917
99239,11928
104813,21861
108254,7545
105150,13702
88390,7990
97902,20591
101186,7920
79116,24699
77214,22987
79298,7445
91370,25775
84827,12368
107282,9789
97678,7540
93570,14583
77654,13605
77227,21732
106789,17239
78869,20950
76531,15262
83469,9848
92278,24961
105949,12113
89026,21081
102066,11061
96352,13580
77819,33961
79655,30121
84059,12504
96541,10280
89319,7494
107795,9452
96961,21416
78158,22264
77428,23699
101125,9808
95105,17091
80306,10266
88903,11219
80574,19615
76321,28148
88786,25417
95682,17314
103135,14207
84241,13960
77809,12760
92926,34223
105895,28999
86247,3142
103470,11442
98865,23858
107363,29825
76516,20435
96506,12555
106306,12540
89093,14008
108123,10547
83510,6627
86792,19758
99984,14802
76508,22314
86580,10026
88428,11163
103922,17463
96703,27006
107626,16939
90100,7116
101987,9036
88615,12632
100138,11569
83743,7341
82321,13845
88594,9347
93842,43740
89350,11220
87643,15422
105892,11556
105711,17027
95657,27774
96330,17983
96906,12550
82247,17842
97125,6758
101306,12055
96708,15167
77250,17974
95451,22049
99405,12884
94758,18226
101101,8853
77643,27012
90209,12558
90312,12905
93955,19487
76334,23056
85190,13288
97992,6972
92748,55717
79843,22257
88769,9784
97453,14361
82550,8937
90775,11353
88190,9981
100712,16775
77237,35182
78997,24561
105656,20518
93368,23476
93469,13045
98426,8320
96832,11442
85322,13484
97139,12302
78678,19202
97821,14361
95410,14665
107358,15883
96750,5583
102529,6157
76433,16751
101626,9683
77790,20091
82932,12283
89517,7172
82905,14025
88552,8249
103006,14183
88811,16657
101734,9544
99230,18255
106537,20018
107114,17820
98513,15787
92795,29110
98563,14147
78599,5597
78911,21266
84652,13703
91014,28191
90901,16030
82041,39099
79218,31378
107371,44525
94767,21399
91910,63044
103462,6837
77125,19109
95567,46167
95039,21943
85065,12921
78252,20815
89580,16553
96742,7521
79876,38802
94674,22108
107822,14274
92586,14384
78107,20951
91241,27217
79077,10592
86212,11691
107527,16652
88056,8519
108480,14876
77620,10256
97188,21495
94979,20641
105541,16106
105852,22878
99182,18554
91355,48352
88516,10917
76101,23601
87097,7247
96299,9055
100944,9348
83995,4910
100407,5450
88255,9550
93935,20951
95442,25541
93571,23253
78642,57378
94545,28154
97746,7862
96419,24827
102851,12031
102356,8867
94962,24792
89175,12372
104139,10382
103395,10598
97017,6590
101358,8709
107417,9928
97977,11403
86765,17486
95743,25715
97804,18284
87010,10760
86791,9627
97486,13420
81124,19096
105391,19502
90275,7831
104855,5572
82804,15484
94810,17576
79517,42126
101826,12100
89848,17911
90432,11876
83070,11450
78270,11130
99275,14462
92424,27567
103334,12347
79160,20791
98830,31107
87956,11645
84523,18031
78157,15368
79460,21328
81918,14541
98433,20435
104582,10071
80046,43827
82135,20026
89685,15228
100990,11807
85624,16004
88293,9252
82215,11020
91261,31391
78018,11141
78266,17119
101074,7652
97075,19932
81806,15196
80743,20838
95234,21127
100410,18801
106840,22526
89637,6002
85382,7487
83832,15771
108331,7724
82026,16159
108448,10538
90028,15559
107663,26556
107477,15221
93709,12002
91327,46326
98548,3014
79064,13169
100670,7428
96494,11116
89974,4565
96107,11063
78151,21305
79304,19574
92842,48461
87813,10493
88762,18144
90399,16105
78756,27584
94019,51095
82073,13934
91846,28724
97414,29525
92758,18457
101342,12186
105987,20998
81349,13207
103712,13410
83627,14254
95247,13993
92833,15898
104587,16479
93265,20073
90518,13986
104256,21216
80882,21053
108148,12180
81385,13477
87860,9663
107638,11920
103947,15865
91049,43864
97916,6319
95433,21607
95871,33068
85779,8776
103360,4340
80203,25481
88511,10959
101672,11744
82992,3740
103889,10656
103630,7436
103366,14465
97200,8062
104563,10648
85824,8605
91924,13201
96499,13998
99026,15736
81965,28754
91604,24159
77552,28492
93750,31548
78941,33102
102717,9915
100534,11341
99036,24943
101961,6460
76940,16013
106310,16634
81520,33878
91800,3966
95707,17306
96395,10585
90505,20638
95284,17358
98094,21091
97884,9862
98933,10561
77664,38205
93941,23585
87812,18643
81266,20868
103825,8679
99494,6795
91256,11544
91703,18580
99971,5746
76631,22036
103612,2131
98611,4395
94591,25785
80518,26876
94000,31666
85010,16576
87369,8928
86714,9654
79985,12789
88051,4262
97065,10709
91307,18878
98365,9379
76522,49141
96638,17568
79703,13442
83107,10760
79104,19730
93563,33122
82599,7922
83486,13318
92895,17238
108343,30685
101774,7891
82612,17958
86861,7459
101902,17169
82973,10458
89872,5884
105616,12454
84876,14487
105133,10735
98877,22100
98515,22805
98327,10328
106633,13096
82505,17958
105007,11462
97269,9696
78140,14447
82318,16930
92993,22572
97743,12026
87763,9214
104942,12534
92045,17121
97767,28790
108348,19734
89665,23979
96862,8600
78597,11482
107574,25594
94460,18310
86944,7484
104505,29584
94837,30604
84576,8192
82427,7006
80054,24177
103504,15792
101400,14784
95904,23810
99877,8818
87554,7935
81180,17309
101239,14173
94258,34893
82942,14232
101204,6942
98516,15434
86925,9576
104724,7200
84627,11584
90133,12289
100320,17155
88358,15023
94280,11873
95334,18687
95899,27158
87270,17618
80723,20035
80469,11730
80280,18345
79493,10799
92221,15250
88547,10731
97994,9289
100047,10514
96172,6062
88933,9394
107059,14570
104280,21371
94714,21577
88671,23056
102414,14630
78051,39961
89512,9601
98524,8728
88047,9358
84441,9399
78156,22870
78648,14802
78364,12444
86764,14157
78495,24822
94609,16552
83449,11097
102392,10477
102455,16266
83713,15554
97475,11904
93371,16463
94199,32079
85023,10792
95338,12584
90965,41109
77195,74493
81875,14092
104416,16154
87203,14735
91239,24809
78127,15049
98386,16387
96497,10865
83232,14171
107692,30120
100734,8001
78271,32766
100136,11212
86004,19082
77776,28953
84950,8287
84323,10819
87033,17766
94088,20858
100594,15018
103071,8639
89791,9809
97852,10574
105601,10872
82003,15724
84872,16278
82701,15280
92469,32249
92873,21947
82114,29039
101316,8239
85697,11551
100885,7916
95305,20162
93741,11534
76178,21111
84999,19271
104143,23132
105483,12189
86136,10350
99292,18041
95024,23243
107831,8937
95035,33026
86842,18811
79511,49856
99852,8370
92478,21585
93704,15686
101664,11933
76931,35582
81674,18513
102597,8125
100630,5559
76978,29500
102490,9953
100842,7921
102990,3150
105412,10606
78744,23912
76082,13757
82773,13136
107285,18145
85211,13301
101093,6791
96626,18243
103089,5805
98149,3111
89290,8437
104295,9138
106958,30642
102661,10583
84082,10029
88521,23337
78312,34945
85481,8147
88961,11214
96432,30187
77539,10818
88374,16511
102919,5683
94335,15398
85305,8427
96360,12158
85471,9108
104566,8599
102100,8876
80170,15528
103347,15206
87487,39577
84090,15331
100034,17856
86825,17023
80018,47920
102611,14785
102665,9763
92920,21899
89381,6689
105151,18324
84039,17058
102217,8532
102388,9491
98820,17409
100665,10705
90384,33394
92859,10524
106356,9398
104723,14508
93244,41069
77449,22335
107911,11952
81721,27374
85237,8276
87601,18345
98578,13303
80704,33646
89078,7006
92042,9193
100450,12088
95304,8156
76023,17038
90609,13041
95170,19181
96870,9950
107247,26746
100484,10288
77659,31941
79832,30972
91419,4015
80371,21451
83386,15982
103919,10401
95201,12195
84155,17738
90743,10218
104381,21308
89097,7024
102033,4561
91725,24642
92999,17639
95835,18653
102206,9802
101763,6694
81377,15884
105683,13736
91033,31888
103314,9530
105070,9203
86950,9028
79171,21858
81227,19070
80197,14202
92037,25079
84688,12678
101952,7824
88604,17165
104058,21225
106274,6552
84985,11183
99085,7022
80801,16869
80233,25148
81000,42591
89057,16318
98382,10249
106493,31562
95057,20069
84556,9342
103037,15773
92174,22562
90920,13491
93409,32340
87113,21379
104981,36821
104556,15990
92782,19900
90546,7117
105506,13787
84787,12051
100399,9840
105911,9042
101920,10335
89224,14535
106787,31390
83083,4872
102399,7066
77196,1822
104889,6991
79598,9804
100540,7571
107792,26398
85758,12021
79333,15983
99351,13224
86706,7556
89547,16080
88092,18109
90348,8449
96125,15349
86921,17226
76903,33804
95539,10084
89841,15829
102771,12860
87174,13272
81975,50758
95289,16723
77318,27382
76955,15448
80996,51586
87707,5741
84519,5778
96833,17492
97584,6874
104697,10977
85510,7795
79758,34924
99502,6159
80725,18493
104108,10442
107802,21831
84871,12866
85817,8932
95473,9578
85629,16279
99641,6561
82356,13126
96335,22638
103623,10376
84233,8879
93708,13609
97947,10813
84368,18162
92108,10772
86099,16072
95173,23832
78389,26533
106219,13608
88823,14695
95608,28411
95876,31488
86433,13767
95515,20450
97503,17055
89163,15277
106479,19611
83722,18388
80644,24574
86002,20601
86783,10913
91928,30124
102142,11713
106024,24905
76022,17049
95221,14281
105051,19867
99939,10203
103202,7069
104770,28028
88396,8041
93666,24927
100763,8558
96842,12666
78807,27634
85559,11162
84384,19021
95619,26910
104008,22567
98379,6834
90476,9575
88845,9766
80296,9303
88294,13330
86733,10450
101515,8228
107440,10205
81834,29179
94764,29470
94968,20184
88218,15021
87863,10403
104019,10732
103369,9061
106979,5871
89717,6959
94504,4443
85722,11030
85311,10660
103162,8936
79834,31866
102283,8621
102686,10582
85834,11404
83633,10590
101178,6400
102859,20082
97691,17782
99575,10720
81921,11484
88114,12442
100101,9806
101736,14000
92763,17297
93514,29973
86322,15096
84924,16592
85898,8490
93419,27679
88784,10919
95012,48852
81858,19714
101610,11669
99190,9611
87530,8808
86979,14797
77670,1825
81123,11659
81724,10412
77870,11012
84193,15833
105928,16003
97607,18830
96063,27063
77962,14876
81560,31764
100204,8935
89185,15707
91744,14503
91470,27013
78412,10745
96222,16111
95148,25963
106039,13430
79352,10572
96602,6608
102798,8821
107301,25256
96147,16549
87382,16563
79907,22915
102924,8429
78012,22322
78333,18014
105989,20104
90607,16019
86110,11874
81540,22238
77937,19944
84630,17791
80988,46582
92519,24479
95795,11148
86837,5750
82642,17045
86017,11830
84772,15861
103962,11123
106264,9161
84934,24367
91598,32162
104102,10153
81261,5199
78425,20812
96508,9221
98668,18706
93948,34567
82909,12996
91514,22512
100969,6213
102102,5477
103465,9528
95072,19937
87535,31198
107564,6396
103297,6070
106528,9549
83748,10106
98195,6692
102113,15794
94277,12515
93160,19542
92063,22721
81037,11652
92602,53343
93096,20423
97243,10658
78019,15283
107604,8921
101438,17391
86439,8654
82300,20237
105142,11891
84429,5930
98958,7604
92197,22108
82096,24965
81536,28345
101623,14196
85596,9594
90600,9803
80089,49114
87224,10065
87685,20129
90958,28850
81004,20259
91667,19608
77877,22737
90956,23493
87744,13045
96817,11206
97163,11008
102517,12226
83356,6283
89415,8829
100153,8730
96024,19873
92043,32022
100495,7697
79653,20774
88149,17166
98022,20611
84983,19752
98394,18999
78062,14634
83656,16703
93963,55854
81988,30330
95992,28060
82620,10955
82149,15786
106199,9963
107884,24470
106607,18130
84212,2489
88234,16328
96712,14475
101058,15950
81149,29354
92670,21290
101383,10128
82563,13458
100600,15821
90826,12494
102364,8464
80759,30512
79628,15461
86113,18587
96607,9401
96462,18843
88668,16859
85575,18569
97718,9791
107322,29751
79948,52183
84361,19131
77092,21017
82359,21482
87495,16750
102966,13742
104309,17044
106312,24182
85152,11961
80835,10751
99488,8575
101023,9530
82295,20477
94330,22245
96446,20838
99608,11962
108305,14716
106512,19640
104003,9308
103550,12251
86253,6842
88355,8872
101629,10608
101460,5232
87820,10616
83140,11910
89804,11830
101738,13102
101121,16421
81810,41914
102106,6332
80437,9101
101463,11492
97919,7714
107407,21388
76258,24807
100626,18959
92755,20550
102655,8170
89223,17186
95180,51713
96372,7023
84089,10933
82203,31055
98785,7386
95930,20736
92151,17861
105149,14082
104517,7629
85727,10506
104769,12538
106796,19854
79021,18147
86121,9488
103139,8187
87918,8851
80634,46596
103033,6862
80019,15058
108035,21794
77891,8502
95749,25123
86617,8109
77709,11297
77952,13893
97083,12983
78040,16320
96041,23900
101843,8817
103016,9764
86049,11859
98228,8892
90554,7090
103311,4469
80418,19474
81866,50812
101259,10280
92909,25859
79034,34859
77129,12681
99018,11265
107391,12491
108170,17008
80664,28325
94438,39685
100436,10153
107031,13352
103954,9332
78892,13037
88505,15729
103329,10723
88345,13688
105950,9998
98331,7423
77666,18146
95383,17434
108535,12363
78705,12515
79597,11099
97585,25607
93832,26440
97348,10677
87291,16892
96291,15557
84851,11905
105338,21324
84514,9062
105830,22483
78819,11433
79728,56861
105993,22639
104822,25470
101141,11016
82728,7346
83273,4659
107233,14755
81943,38995
105637,22859
81203,13686
95127,33491
79994,33320
96025,20501
97390,29195
107522,18134
99674,3599
83001,19989
94573,19174
91983,33425
89935,15695
83115,8414
108439,18529
82297,15937
96542,11759
78269,54400
104124,11663
90435,11929
97520,19603
85468,5807
83566,9738
106890,31516
98124,7102
85866,12750
104379,25794
99616,8706
77346,28436
83668,7957
94488,25950
87494,8924
84099,12176
78345,13798
95626,17346
91044,22199
91343,18120
99823,8777
97197,13971
76399,23023
95484,42746
89728,21350
93866,12741
94053,27080
103190,11889
76312,17872
79453,24296
99956,12455
96811,33631
100537,13623
98142,2587
106900,17029
89474,7040
76696,12335
87479,13129
84806,10215
85385,28919
93372,43064
92860,24890
105267,28130
86951,8728
79622,8399
95103,19780
87138,10669
91912,17267
78932,17272
106494,12540
91645,24466
76102,20151
79636,21571
99416,11742
95715,33901
81323,22281
96273,9167
95585,22045
91885,22291
80762,26727
79167,9459
87173,10773
92719,24577
87482,7311
95215,21648
104054,30287
103066,9577
102449,10073
93985,24430
99869,16192
88347,14320
77208,12701
79376,14947
98451,8820
88983,16862
106464,10317
89146,17272
105833,10182
79242,24295
107738,10099
77626,13672
77415,16089
82458,9704
80995,24800
98434,12034
106938,22403
102349,11112
85791,15333
103622,10005
108149,9532
86450,20502
107252,12411
76034,8027
82259,29713
76581,31661
95499,29004
76648,47797
75992,22725
81407,18969
105954,17005
97001,9057
96179,10118
77616,17053
108142,20425
89107,8126
108236,22983
92520,18335
93186,14874
96171,12790
78460,12281
85417,13705
100064,10987
92393,16545
83360,16697
103935,11283
106977,13113
107965,14305
91921,21115
105002,9681
93968,22169
83088,6681
92707,26056
89001,17363
95856,24402
88962,19095
99828,13494
87980,10981
103861,14867
90588,10848
91508,30900
86131,8477
97249,8512
88232,13739
78451,29151
79773,19305
82873,7498
104116,20375
83673,20828
77622,34332
94936,18642
93795,18297
96084,7340
105406,13461
102280,10963
83867,17500
83621,17508
98536,6668
101889,7776
84479,12369
77956,16466
99484,4676
82140,10682
79005,36321
77513,23581
92211,23768
85245,10822
92239,20709
97205,4941
84822,9602
104413,11103
98704,22754
76724,17675
101457,10766
85487,19064
107392,8289
90712,13686
105823,7448
100345,11149
104219,13032
90297,7236
77122,31839
104805,24182
94490,32062
99948,7586
103562,16390
93378,13900
92288,12428
78059,8801
96096,13315
95732,11450
87817,6531
101084,9677
90506,7729
95676,16236
90249,12797
95932,30151
103254,11323
99286,7396
84918,14512
97397,7912
88837,12136
99212,23602
86421,13791
78337,31380
76020,30854
88038,10520
91409,15421
95205,8697
108031,4454
105386,9605
100613,15144
95685,22379
78731,11996
87310,17071
101113,10515
89077,10104
96672,21206
86775,5090
79262,27754
104469,13270
98351,8452
80728,19594
97386,16813
97417,17742
93911,22475
99842,6801
97191,17724
103152,6648
100093,10267
104319,15700
78419,23092
106929,9356
107427,11079
93578,20236
103404,7728
77844,23162
98068,13436
95709,41934
87946,16321
76391,44259
87096,12715
77186,26657
90698,12109
93367,25371
83133,10958
97840,12716
87605,14491
78472,22151
100925,4879
99596,19417
86081,7902
105725,10838
94362,17959
88579,10581
86705,13270
80813,17250
78885,9196
95548,10188
82342,20439
77011,16387
83904,10507
105485,10195
107922,14432
90200,6867
104534,10538
88664,13402
100499,6881
101035,16582
90482,15277
108068,8660
81709,35171
97618,8269
101931,10001
100284,7488
101027,14722
96674,11351
84856,15921
105326,30706
102491,11489
97616,13531
100667,16014
108197,11012
94844,29210
104934,15825
94116,26741
76214,22565
90916,22190
106013,12422
103429,15470
93335,16322
99260,16912
97043,14040
77925,59855
86716,16050
82230,11847
77567,61522
108496,32201
104871,21229
77957,11325
96401,14624
88284,11883
86845,7387
101349,4571
77015,15362
94471,19450
108380,21069
92533,31728
77756,13092
76035,20923
75973,9252
94675,9777
79435,20021
106542,22217
96546,13974
95946,19832
93188,22080
78117,18268
102180,6954
81825,17096
90050,7974
79638,20001
87579,12710
108103,18196
76578,19703
79112,17009
95959,22094
78244,18773
77851,28402
87052,17702
88538,18645
79011,24613
96381,20351
105358,14797
92876,18976
87699,6263
90203,16001
77001,18522
97974,7542
89985,7799
97810,9871
107459,9554
104861,17437
82516,9484
83497,11075
80194,56328
85730,9345
77914,28262
88779,16454
88366,9064
104300,13174
84300,11826
79422,12222
94910,28271
108386,24666
92708,2195
90802,20985
104397,21826
98039,13864
107887,25141
105290,10619
102575,19078
105040,9069
98430,9166
80499,23314
101694,12596
76386,30736
98181,11973
85340,16306
90766,16472
93472,17507
79927,28176
80854,20343
100180,9927
84437,4486
83358,6753
93108,21597
104330,12157
103518,8466
89006,16425
101611,5553
92226,22401
84798,9533
92840,10239
106054,12946
78261,32743
76071,16404
92246,22424
92296,15489
89469,11303
98079,13821
81294,11132
96301,4925
83888,11260
87403,8693
92192,29916
107592,17468
77496,15542
97447,22511
103131,10181
104590,22612
97597,9646
82167,22240
91027,26112
78607,34814
99587,11143
93937,18388
100307,11989
107613,15781
99773,13445
90044,8653
85578,18206
77103,13194
91386,25271
98955,16069
95927,19942
103188,7499
77389,76689
81822,10670
90768,30239
77594,13342
107085,16975
87692,10163
77813,8611
81414,15424
102900,8995
83150,17403
92414,29021
105321,9864
92658,28956
87160,9270
107827,15468
105790,17040
87463,18661
91532,48252
77459,24610
81593,12030
103719,11536
102291,8499
77211,23773
92956,19874
86578,15332
85882,13196
82082,17914
91811,30580
82036,30349
76773,17906
99406,10274
102289,9068
94402,21099
98621,8397
96476,12621
93410,13736
84989,16350
85123,16952
88492,19543
95128,25816
93047,15124
84587,13875
94856,24972
92247,22223
101052,14021
82940,5161
97756,11057
98444,20935
77869,10641
96694,12484
107101,12291
88276,10616
84648,13357
88011,12071
97951,16866
77288,27917
104937,6884
81621,9703
82049,33730
98553,9213
105056,31516
80914,34294
82440,16979
94927,23940
84303,11908
85533,11468
97576,11290
82216,20186
84279,18608
80976,13550
106097,21128
83074,12488
87581,12509
97210,19557
90785,10535
99434,14543
89600,18291
103809,12861
92260,5521
89667,11544
99310,6175
90375,21276
89468,11380
94940,23190
97747,5707
97570,8649
105994,24582
93145,14565
94100,16353
103226,13391
100167,14940
98138,11026
101043,8015
82078,14706
104748,10791
103881,14821
86774,19947
89857,8906
97150,13169
107683,21103
83708,19391
78775,12940
104200,23964
107581,12398
99756,7317
90210,15168
78027,33235
97012,13010
104010,9531
100639,11412
93792,14352
85574,17546
105066,9430
97307,11152
77243,45544
100661,10326
80825,20059
85856,13337
85793,8981
107091,19106
85836,23472
83887,10713
84721,15755
77636,7216
76905,42268
104895,13091
86377,15008
83076,16385
90124,4140
105661,12588
91631,8190
79760,51839
100714,7183
99231,17846
82805,16791
80714,28326
93820,24088
85373,9826
95562,30896
91723,29376
91501,23377
91222,12551
97984,27329
95047,47904
101181,5446
88389,9476
86999,28927
85255,19494
79093,15103
82409,18105
103128,11022
107027,12328
108081,14325
85698,22308
84249,20658
101719,7124
88643,7139
80972,18301
106047,17564
86779,3330
78587,31918
90179,13443
90972,9905
78609,23720
98324,7385
76446,50199
86829,13375
87796,10970
83650,15256
81411,13881
81963,30332
96782,19871
89718,8891
95518,21130
107293,8259
99739,8818
103956,12377
85946,17584
88532,18125
85713,8460
78184,19390
100234,6110
107715,9798
106150,15408
77266,12820
91067,18061
80869,21519
81462,12680
83382,7616
92915,18131
81139,15130
96523,12350
107090,30096
108117,20007
91742,3911
98340,13003
88371,16336
101031,5347
108430,32735
77740,27740
87861,9768
84746,10109
81252,27641
81933,14606
92153,21679
95485,17967
97686,14104
107452,14998
95477,24116
95752,32489
99499,6452
81223,14714
83589,28637
81497,25213
95884,25505
87806,10661
92330,19359
84558,12902
82990,9691
90851,6240
96997,28835
90278,14423
82417,10807
100247,7757
82239,27235
76975,20738
102948,9547
96929,12360
107088,15331
94670,12768
89862,4418
94506,13133
97696,8907
82696,22216
103767,12857
105307,11928
106510,28708
88316,16202
94321,19097
96595,17303
83223,8502
85551,12469
96007,10998
90296,7746
97407,11181
93071,15622
97275,8443
86827,6578
99759,6588
106689,20563
103062,7215
99657,12370
93428,30636
88504,18041
87359,10965
81906,16066
107446,9777
78926,42649
97871,6552
94202,14517
101216,12774
89614,14686
82929,3612
78710,15968
104966,20135
88410,14189
94382,19984
106319,44958
91212,18556
103584,10066
107593,9585
100069,15451
97293,10542
97085,4766
78830,16282
80409,13826
81079,33773
90437,7218
104169,30422
83432,14317
86630,15476
100678,6119
92564,23105
86007,9927
84102,8247
85324,20547
92796,12290
78277,29010
91813,13543
107896,24103
80598,22359
93630,21767
98016,13883
79518,50713
104016,9801
90069,20633
108485,8568
105556,29777
107276,22376
86409,16349
98131,12092
95165,15843
92954,17973
108363,7514
107775,16723
98806,6365
82105,17402
95777,14647
78794,20907
77994,34203
90061,7133
98353,14302
86777,11981
107107,8742
99207,10913
92441,24404
81253,20955
82071,23065
86304,9730
78529,6760
100606,8958
108524,22585
87772,18395
83062,16504
106197,18168
105773,26068
79317,23768
103930,6143
77486,35432
76154,31351
89324,5354
98354,13392
108349,8019
108146,9207
77826,21707
91078,19452
78136,24028
107463,26038
100749,16232
77223,54983
92513,20389
99409,8377
94380,29198
84791,9724
86042,16796
79939,31534
83953,18775
103754,11073
86091,13066
83114,9999
80956,13605
96276,8186
89799,17436
87919,8363
84054,18957
102856,8379
105645,9536
81207,22286
79629,22591
97211,19077
86631,5742
93438,32219
96983,19109
93914,24856
98470,9690
76650,11990
96428,22383
84958,17719
81064,13258
82469,12710
102139,11523
97800,9853
98474,6138
107944,11989
97401,7484
108476,10390
103189,9055
82987,10595
80903,29971
90854,10067
95644,40277
98728,9883
94370,18030
84537,13595
89358,11633
76221,10895
84935,16510
107676,12968
103154,10375
82600,16711
104290,17891
79972,20623
89202,21538
97253,8679
97358,8178
106932,11051
101140,6999
100650,8623
99817,20562
80953,19357
93851,16458
89574,4573
91092,12428
78214,25040
80283,17372
93158,17195
78562,52485
108498,12998
100223,5032
76976,9912
81119,24431
97369,25542
95721,20262
82271,17846
102837,10402
94761,20471
89200,10530
102690,9264
101274,11726
107682,22319
108276,13324
99011,12605
94484,13889
106033,20992
89123,11567
88740,8868
90951,27197
103812,5543
100056,10126
100691,10610
88394,15969
97620,8095
107955,8162
98144,18056
106325,22229
92867,44104
85204,7815
87062,19228
81539,18465
92009,31164
108224,13071
101686,11591
98557,9285
101594,12066
100647,1961
102401,9446
86093,10976
85837,13257
86260,15618
79830,36548
100041,7998
92230,20940
94661,20027
79450,21282
101374,7120
76983,34490
99673,20463
81336,17339
100376,10790
92756,25550
87725,13298
84541,20170
82284,40699
89479,6857
93259,124172
105648,7292
99099,10248
104543,20859
108474,25271
76907,20204
93652,28668
100967,4914
94331,15323
106381,8647
83170,10580
102953,9623
103590,10468
77316,18906
84682,20348
84524,13330
76747,18718
99049,9505
105881,19172
90833,6800
108079,13577
107295,14060
77121,16396
78927,37344
103048,8440
86216,14482
88448,16808
86219,15684
87181,8622
98755,8501
76443,13016
101149,7374
104315,23587
108345,9634
100156,8426
107263,15726
83935,4764
90584,7660
105733,13503
88332,13311
81979,22129
91864,47450
106847,12265
95136,16812
96991,9012
105905,10830
102080,7537
98072,7560
103711,9567
92213,15749
106898,9618
85333,15072
84559,10867
95428,29606
101003,14751
87773,4208
100739,8579
99885,12361
106647,10836
98019,9684
92212,22687
100786,12177
85518,14521
89849,10372
76149,14990
97490,7298
87476,9479
83248,19566
99352,9375
90736,9046
77596,20063
77209,3765
82308,13369
78207,18825
104041,11950
81125,17181
81691,36948
94459,11287
79977,14837
96530,18902
78367,22493
108100,34311
104510,9530
81891,12394
97087,13158
88161,9641
101097,9768
81742,19679
78409,7475
107496,18104
99326,7175
78535,9482
106164,21203
79719,28662
90418,8289
85844,11909
86639,9760
83745,7421
77300,55410
87702,10955
82586,10617
83769,10583
81708,31643
90224,11755
100063,7665
79249,13478
78719,30918
97287,8759
84267,19879
84056,8838
101164,11283
85826,18158
93793,26659
90945,26434
98991,10118
79647,14208
96794,13254
83984,15017
96688,8855
79838,18822
105671,9812
87438,12594
85859,16633
91639,16130
81134,40461
99992,16809
91262,24831
81417,30263
90783,19962
88898,15452
76241,12656
76491,17789
83132,16267
97757,14286
91753,31119
82333,25573
88295,9439
98314,10606
86172,9114
78331,24087
81996,26940
83315,2694
92376,15204
103058,12352
102215,12485
104225,28153
76910,16896
88657,12074
104943,20089
86434,13357
79432,14382
103103,13892
91456,37864
89465,14191
107774,10210
80938,28908
94883,16938
94135,26391
78747,17896
76240,20287
95820,38027
79092,25128
84393,10311
94391,37071
77183,20665
105612,7975
89046,9714
90878,24122
77058,15168
84468,9261
76713,23691
85568,11390
82191,21398
84825,17996
79009,53042
93908,25717
91135,24812
94603,22074
105887,24103
103196,10644
87544,15394
99605,14079
101660,10547
100671,9123
97839,27031
77742,36931
106144,8295
79681,29729
98764,9459
98200,10301
82652,8994
83599,8685
97776,13369
83403,13901
77472,33378
79535,28356
82632,15472
98612,12187
76103,22551
94824,23997
87424,20718
79193,18901
80853,15117
87885,10356
80891,25647
77149,23580
91012,14193
99259,7945
81555,25785
93917,28661
88089,18587
100704,11502
77798,33832
87342,11488
96013,9667
93380,24589
84040,13235
88600,18224
76133,16775
94842,18931
98184,6128
88767,16373
98741,22024
81739,11769
91321,27288
108030,24154
77680,14990
78189,27382
82302,24710
78968,20177
101390,5589
95491,16640
101687,5436
76371,17789
100151,12510
92147,21627
103385,17230
86960,17006
89563,20825
98013,6406
103747,4620
107681,14082
82686,7860
79913,11304
96545,17039
98278,11383
88916,13207
104733,11575
103529,9998
100642,15333
97860,9120
88870,15213
97563,19546
97081,12339
89544,7705
96332,12391
97064,7363
81916,32051
82148,63149
102447,4059
103111,9085
85058,9523
76422,21242
94546,19344
96769,10980
95364,12350
101118,13294
107644,17884
104650,8786
97300,8737
104069,10900
84700,14555
97122,11622
89878,19363
82579,19398
107967,8531
82494,4688
104872,15890
76339,21326
90676,6907
83780,15772
94444,25314
83532,3571
103380,6959
90941,36968
99845,18248
98053,12074
77863,54068
81107,24770
81176,29785
93196,60020
102895,5084
107093,21083
106566,43414
88893,9951
81939,54690
98833,7492
102812,6260
95766,20867
83556,18347
96725,9530
104649,6864
98466,15522
77661,27419
99882,18668
82646,10576
94874,19020
92800,12773
80265,28917
80587,33685
92298,22052
99023,24731
88098,10621
100928,14123
106437,13900
83122,10783
86614,10464
105454,20438
89282,22616
103136,9259
104899,28375
92041,30889
80795,13988
103043,9782
90842,21016
103070,7682
91523,29177
76427,24334
86188,18779
105618,34552
82931,9306
76137,11953
88017,14221
82713,11271
76155,13324
101057,9271
94699,39368
106794,19444
97000,19796
90986,23539
92785,8068
79156,16234
107616,20492
84264,6301
93932,17747
102956,10890
79715,22053
82329,20611
86636,11566
94479,27174
84998,9922
83835,9516
106823,9578
80760,19216
83060,17458
85872,8960
76227,16755
103460,7237
96989,13481
107858,13628
80447,10677
108267,7758
86584,14766
96426,15887
86696,19888
88252,11162
91515,55556
98357,9650
92439,24169
92341,30248
84739,8675
76906,26159
100027,8703
102225,13733
88476,13868
81778,24269
103266,16821
87660,11895
89634,7002
93577,25751
92450,17965
99404,13454
107936,12991
86174,3621
98273,9531
99007,23521
81615,17170
91236,17823
96984,18143
92538,32477
87039,3349
84235,14994
77010,19546
106727,4615
102933,7658
80821,8205
81969,17277
93088,27703
107004,13969
79330,31855
80388,22245
97494,17127
107144,20780
93860,18812
94845,16134
79152,22126
95032,20857
108333,11074
76925,24278
93278,59178
98608,7283
87236,8239
79320,26448
83893,13437
80973,16313
97659,7014
102063,8906
96324,9483
101184,8847
97392,25774
94094,17337
95219,16072
85048,17932
94887,23193
88002,16454
99157,9774
102746,10654
89164,12643
101079,14825
94124,10456
100161,12490
84658,16696
105603,14971
90963,18344
85012,16900
108298,14337
104080,4327
91850,39970
102713,4124
83295,10934
107847,11959
105847,12703
87143,16266
106090,15660
88925,8987
106297,19470
96596,13043
99233,6427
103321,15623
82479,13732
102734,17388
107461,28289
103237,13165
85581,17126
99196,6940
79178,16902
84339,15395
92764,18555
85498,17531
100622,8106
106518,32134
82821,10822
97628,19803
90763,8562
91567,24626
107462,7956
95833,23100
102479,15552
97555,12527
80881,9785
84016,16204
94051,12758
76277,21657
88676,7129
102566,10345
88564,15225
95048,25637
82166,13414
86227,26554
83738,9131
103684,11777
79893,18905
100634,9246
96392,15727
96311,18642
85015,14479
83050,18249
81925,30398
106187,11056
83863,12041
82048,31180
100962,13336
91587,17777
104915,18535
98779,17323
96698,7007
84701,10108
92986,25547
77112,24585
90774,9473
88520,9316
88281,16615
91388,28347
76441,31099
98643,14062
97850,14880
98344,3075
99441,14606
80230,28997
106370,10510
88901,10660
76590,13153
94998,13591
77283,32582
104065,25626
107919,17330
103743,4935
100503,6890
81273,13391
81878,9295
79224,28493
90254,4727
82712,9258
98113,7892
104562,14796
103014,9523
107299,28545
99799,5773
87952,4207
101836,9405
104896,23512
107665,13410
96182,25076
84731,20935
85565,12509
83237,9940
80785,24428
81935,38448
90932,42903
99204,14870
78802,29591
105421,17007
81831,12440
100016,7743
76262,33375
85286,11726
78629,14614
79451,15622
91132,59478
88726,11863
89928,16227
84672,15836
102127,10003
78630,16808
105874,11375
81491,14428
108085,18398
99711,8340
95713,27736
79499,12941
88373,6696
106412,19027
86000,10420
77849,16843
102224,14966
90591,7923
78511,16315
83611,16858
95316,10870
85207,7410
86755,13960
91361,20237
88107,6547
99468,3571
101776,12058
97132,5720
106405,12743
83804,12732
104093,20307
81897,25342
97522,13146
78569,27569
96486,30145
99636,7563
80770,35560
91534,24731
80461,28645
102345,5839
95431,30491
76350,7631
76330,14769
101604,11119
99303,13785
106266,16555
84697,18523
86296,9458
90658,16149
102954,9588
106174,23407
81510,23224
89222,14764
104391,14372
76573,13108
78060,12311
85030,19231
105478,22268
83477,11458
101134,9804
103096,7630
99391,10947
94614,16444
100110,7857
81782,26954
90292,8216
86357,7714
76157,10521
80325,22559
88991,16091
83117,19846
90513,15908
82037,12743
90066,9758
92814,45945
93991,39130
100121,13627
104495,10635
105953,12144
108089,9051
84778,21800
100753,13790
107832,24615
92190,12510
82029,16969
97914,10237
105776,18458
95402,15292
99097,11113
105043,9298
106998,7945
99567,11573
85421,7210
99161,12737
89951,6685
81358,27336
100373,9716
80291,42643
88545,10607
92994,19524
90248,25593
78625,22609
81990,35981
103075,7853
98639,7420
103368,15004
95427,13036
84503,4311
82446,8173
97175,12153
101777,8053
76086,13587
106347,13220
76445,48976
97649,10990
99273,21728
98864,11846
98037,21495
107264,21775
100104,10881
81842,18263
81839,12961
100608,13016
106588,8564
107466,30272
86092,14488
92204,26873
107905,43715
76821,19258
81022,11635
105727,34183
80544,47679
93388,16365
93775,18470
93733,22603
108177,18233
79746,26827
89285,15123
100243,8768
107171,20090
93444,13919
107421,13078
94071,23372
92195,40141
76108,17286
100603,8798
95800,12398
90708,13351
102701,11156
97732,13065
102574,8942
92237,32275
94192,35271
88219,7986
88910,13484
100811,13385
103288,7624
100370,9644
102544,14490
107473,8311
106926,9731
92514,20259
78557,13142
99091,15066
96487,10491
86252,13817
84763,6966
82531,16862
79012,15204
97078,16797
96824,5989
79970,21374
98057,17730
105947,23682
82539,15081
105816,20634
93800,18829
87079,7946
87453,11503
92855,19222
95805,18610
76398,24387
90724,14070
102196,8036
97661,10817
105475,13143
81241,11527
91106,21814
89543,22661
94403,20057
80666,18561
99769,10606
102351,8325
102941,12808
82783,19788
78504,26263
94715,20070
92180,24570
103904,11221
102921,8593
99685,13551
93048,18756
82988,22033
93279,34649
80084,26724
101966,10736
94667,30573
76298,12720
87379,16527
94212,15147
81333,16351
85998,15108
90198,9819
87823,10522
103530,13460
106243,9020
81208,15851
105153,9323
104103,24041
89555,24532
106042,20119
78170,37344
107675,14285
106705,13923
89953,6614
101934,12293
104727,25204
87327,14863
103247,13389
84673,11997
107520,42294
76626,20941
98638,9405
102060,7799
83635,20267
94566,41203
79207,37249
98700,17508
86563,17983
86891,17087
85278,7099
91817,30480
99473,9936
102489,5568
89191,14096
101746,14882
84538,11561
78072,25400
99832,12024
103475,13134
101016,15490
100280,8282
96067,9174
104086,18026
77248,19004
104269,20082
89495,7257
81340,33032
80277,21171
76683,32028
94847,12836
99029,15499
85874,15149
78105,20910
94978,21626
101666,8893
100757,8221
86704,8236
91205,25110
95762,11932
93641,20557
87073,21866
102433,10832
104382,20131
108060,8065
107387,24901
85027,11882
86014,19619
102602,15971
107255,18033
84269,12403
85885,6164
92843,13860
107862,12164
98781,24045
106119,19825
101872,10381
87865,17625
84803,9335
88438,10473
80105,20539
80595,21152
76539,9836
107236,9706
84946,12180
93772,24983
87793,15650
104843,9352
92234,19665
89467,13674
100145,15684
93382,51457
101891,15171
81354,20849
99309,12443
81431,15799
102073,9895
88468,17237
101873,14210
88120,13175
105714,4920
106015,9276
86707,17702
93107,19429
89230,13177
100875,8264
82920,8293
98114,12566
87262,9150
104436,9731
85404,7067
96189,13433
93408,39822
92789,57838
77768,32624
99414,20012
82807,15726
88996,12859
90305,6973
77030,16591
86129,7823
83660,13039
78602,24071
83672,7902
105105,30704
78704,34925
80789,48814
96633,15895
86132,12081
81619,45351
104645,21440
103853,5621
96259,12058
104677,18669
76418,21151
103593,10169
84886,10572
80773,9612
94688,21023
103823,7130
98757,18926
78516,9661
80596,10030
102855,12339
95957,19261
86440,10664
95030,26910
101874,13071
84585,9422
76257,11302
76971,20877
94070,25981
106041,30647
87346,15573
80993,27708
105309,18402
92622,20359
94582,35689
83334,12324
98922,6723
77691,15275
95469,15993
90587,7187
107411,8251
97489,10136
105719,18343
89534,10037
80741,28544
105737,15058
99043,18536
80254,13644
83172,14830
101830,9680
80506,5865
105763,14231
92507,22044
101742,8366
106547,33112
98619,16085
83503,12121
80565,10975
83013,14739
85721,11620
87556,9544
84442,7251
79634,5804
97497,6039
84325,11983
81399,10003
96361,12075
101973,2134
78352,12305
96564,13283
94669,26585
76655,47633
76084,17683
93215,17936
105802,9901
89981,5979
84315,17973
83297,16731
93291,32993
92128,28569
101550,9734
79384,13168
103643,10105
88482,6601
79950,27348
79519,27092
80376,18929
83366,12948
92250,28959
87368,14247
77347,16223
107935,7480
95765,26010
91877,32239
97574,7870
95192,13233
80288,21062
96795,11199
80851,29954
93753,27536
99782,5661
83153,20060
78634,11724
99463,14165
81675,17241
83093,11777
82993,9867
86972,16002
100455,10617
92692,24543
79761,36916
90624,13448
93517,24186
99893,7534
85441,10004
91552,21986
81031,16431
82232,3500
80062,27771
104764,17479
83572,7783
100100,18347
96649,15429
99860,1786
81915,25611
96284,8440
89243,7867
95051,15247
101507,12403
108257,30976
90558,21044
96913,16432
76621,23078
99801,11212
95155,14400
96739,15727
90592,12557
83307,11386
101154,8034
88229,10426
106301,12690
82193,21557
101153,10264
107721,14807
104792,9415
92322,27014
99316,13320
86404,11374
79624,27616
87122,14731
96046,15196
83384,9985
79657,14437
86605,10605
91883,15081
100473,10694
96611,12435
89102,4083
103838,9876
78454,19525
89761,11987
106275,11977
77831,42286
82876,13627
96899,7781
99945,12290
83505,16883
96841,6444
94189,24175
85020,10887
101456,14073
94155,31855
77575,19463
97904,16770
102523,5675
107541,17117
87223,9316
94975,10239
104630,12725
102538,7088
90345,7252
90170,7409
79448,21815
100139,11471
97457,20379
76291,45670
83987,14559
106283,44067
101864,7284
95757,18906
107668,17749
96696,10989
83094,16443
89521,8286
98998,7541
97028,9174
95291,28929
94443,21739
102182,10662
81794,19783
105003,27942
83041,12886
107213,8635
104467,11604
93950,27774
103790,7262
89125,9725
80748,27055
84795,19329
91105,23607
86086,16840
88522,11450
84472,11212
99289,17230
88050,16289
98087,6946
95839,29524
76057,25764
89619,8561
86471,12118
97685,7158
79824,30305
91710,27565
104474,31226
104157,43491
95117,35329
96337,7837
107562,13049
107286,17250
101251,8375
97688,6750
86405,7608
97631,13809
92981,35212
79580,24468
91562,12690
87048,16661
96103,28155
101854,11067
82126,17054
105443,31523
77293,50625
108262,13912
107157,10284
99717,13892
93208,23842
81353,15747
81790,15337
82153,13917
97223,13515
82088,35099
102996,9816
100023,7676
84333,17533
102506,6857
95753,28363
77116,9504
84459,8658
91453,11614
76524,51366
83249,13029
102313,5722
90456,9925
94635,28763
101187,7464
100776,14385
84563,8356
107706,15233
78776,32389
77019,29355
76122,26909
79042,17870
101851,9354
84657,10274
76067,19734
83598,5754
96003,10090
77817,21331
76887,35906
85766,7917
105836,20177
92443,51786
98875,27815
94808,20774
99490,7514
77469,10576
105148,5201
91649,17288
107040,28212
96074,26751
100656,8069
90366,14681
93981,14536
80858,7792
90070,9690
86606,10158
104521,9413
83071,14278
101956,8360
83846,6893
100982,13963
102610,7964
97828,13455
99450,6464
87521,7681
96065,25347
88306,9921
96325,12388
95801,28427
104248,19929
98652,12850
103877,13135
107470,20000
96801,13237
99595,29399
86094,18727
80874,28857
94606,26074
96127,18939
100687,9206
81118,27021
84405,12610
83257,17020
81541,18537
77940,10674
101270,9657
85349,16895
92315,11994
108360,11012
77607,31368
95640,15859
98143,11008
102200,9129
83375,12179
102178,6613
97500,26224
85782,8336
96049,6106
102744,14765
102560,17210
79010,17752
85644,9472
76595,15500
82219,19993
76899,21475
85663,20021
92737,14899
106758,2734
94625,21836
96472,25916
104250,14332
86303,20973
107881,40953
101517,9696
89988,16178
92689,29097
99002,11079
90734,13468
91013,41922
102056,13588
106641,17465
100391,6980
77305,12788
85197,29035
81122,18130
91088,26784
107377,15127
86495,10886
78661,13258
77687,12586
98480,9734
101537,7693
78032,12135
92374,16123
82010,16626
84496,12175
98337,9346
99520,8419
98452,22175
79828,25720
77151,22918
84095,16639
83491,10584
102170,8146
88063,13597
90214,15697
91980,26121
96573,20744
105573,31911
86880,12776
100420,8257
86053,10108
84481,19234
86088,7373
83553,11811
101328,11530
105352,10535
100532,12994
98052,6915
83818,8871
99576,6740
91026,15714
92445,25868
106934,7147
78791,19652
93664,26901
76923,23800
81335,20065
105969,27366
92701,24365
98070,8605
100423,11392
92335,27494
92370,31872
100177,7347
100125,6539
82358,24801
85557,6185
102609,7104
77612,12338
81173,54006
93689,13882
89219,6277
94659,10892
82424,9638
92367,27234
95828,11774
87894,7713
88621,10268
104992,22228
98567,8316
106250,9167
102235,6776
94841,24701
105496,12230
90019,7641
95575,28556
98437,9234
90907,14508
83289,10064
77938,17721
98791,12019
104254,22297
104311,26529
96753,14910
77998,25290
101102,9034
102836,6284
85330,16573
108511,14731
89527,14833
87734,17931
87110,4486
80936,14869
80100,17296
86546,9723
104949,21892
83654,19023
96736,9661
91898,25363
90221,15696
96356,13962
78901,18164
91469,18206
106591,30708
77763,25116
89604,7267
90001,9445
89947,11981
108218,13356
82927,10193
107140,15205
95013,26702
104979,9347
90521,14458
108465,24422
106606,9549
82999,12402
93784,18649
82680,12741
100796,15378
96230,18074
89110,6964
88152,10794
101403,7952
77566,21794
86366,15694
80356,29180
83500,21456
76673,16346
100256,17208
101335,15999
83416,9169
104983,13145
107300,22945
87350,5229
107106,18964
90550,9721
80002,24558
90827,10728
97480,30173
88160,9822
88467,5608
98500,7762
86587,18512
76737,16350
79089,17151
93153,21347
80315,16994
76731,35057
94243,26839
82571,11747
86896,1563
88404,8918
108530,24090
100573,7564
102888,12304
76011,31146
79586,45208
85620,4408
93470,20718
98335,9087
87826,12919
94743,19736
81247,15238
91376,23313
83451,21080
83176,11100
78867,27997
96786,8615
81019,29550
97316,8547
80560,19038
88535,9225
94281,27710
94309,19029
93404,32438
85218,16709
82697,14097
94919,25188
80829,16177
84671,16249
108043,14274
105111,25438
76997,13452
83545,13921
82274,23024
100513,10296
93471,38636
91627,51287
78780,47569
90005,20958
104234,7496
100798,8479
101322,10865
81807,22446
84469,10509
94701,21429
96119,12863
104478,7530
100116,8538
85151,15059
106970,11013
106570,41799
101472,6578
98101,18477
76225,12528
82833,7069
81055,7723
100048,12866
90519,32512
76484,16772
101898,12850
81741,33391
90441,7532
108314,13438
97881,3667
79306,24631
107116,16630
98899,13793
99975,6959
84378,10935
101661,10170
100239,11385
80035,24025
85033,9306
76723,10532
107773,9083
105937,11594
78321,16486
82047,45106
95113,18652
84907,10409
107479,18220
99770,15012
86815,16048
101558,13133
102258,14845
95963,18135
91995,10329
82913,20698
101968,9464
105332,17679
108213,15007
83825,10544
77438,21149
95768,43373
83195,20530
104287,12191
103213,12548
92744,16022
81351,31864
91555,16843
84546,11873
81270,13202
98294,9081
94278,18737
103537,14035
104284,19938
76635,17117
76676,27387
98118,8612
79440,48395
78969,27748
76500,14740
106027,17185
84604,9971
97498,10691
92641,49196
98216,9468
102453,7686
96270,11163
78777,22242
93169,11196
87621,17942
76876,23779
83561,18743
84296,14170
92355,32446
90302,21841
91387,14298
89854,12374
106305,19809
98703,8818
97929,19669
105575,13940
79052,17951
82362,25363
85625,17793
90792,14062
98488,9891
106795,9314
91666,24447
101528,6143
94739,11705
80961,10527
91988,10065
80335,28929
77505,17845
93280,15378
91630,13578
85422,10851
104986,13482
92176,68575
89861,8229
84435,16066
100381,14936
85651,10895
96525,17739
91383,19572
99177,7297
85842,28307
79658,24089
84332,22184
101621,7274
94509,19435
87175,17595
89394,12992
91163,28255
107771,16498
99551,5699
87537,16389
76726,15812
106637,50358
85583,13108
84617,8401
86419,7696
80036,33662
83956,17404
106663,9917
98368,7166
80217,10921
98528,7626
92746,31553
78042,18808
87314,18055
78148,19011
101574,12603
84789,14005
81056,7647
91483,18912
97869,13681
89084,16656
90398,16069
91038,25166
80326,57637
88665,7945
99793,14970
107218,12117
97438,11144
82375,7690
103211,5379
83430,16793
83717,8321
95607,23590
99653,8344
77072,18561
95300,13959
86090,18643
90553,24571
90690,13717
93608,16250
96059,10313
105488,17212
102403,11479
105357,11694
81201,19309
100092,15943
105800,10525
103658,5960
82416,7321
93007,24279
103850,13419
97328,12535
99167,7828
92788,33092
90228,14902
105015,23517
77838,12064
88672,3864
86881,10258
90515,9219
92777,28964
103455,9614
97286,28378
104633,19628
83548,10367
80980,22887
87954,16888
89975,6751
83762,16266
90615,8705
76755,9399
103371,10226
102703,10803
83856,2588
105099,8884
79080,19454
83898,7097
88241,10578
89549,14522
79740,9503
81937,28481
99084,14181
106967,20299
80358,45114
97694,12513
87454,9954
101943,16152
105586,7901
105651,18738
84667,7047
99050,10130
81245,23568
78547,21326
82473,21694
85978,7073
88385,9558
95452,14015
98159,6679
107952,10193
107265,7481
99744,8183
107450,17821
108280,11217
85684,7870
90660,7217
107627,13348
93896,24255
105931,21115
107160,11739
94644,18697
100057,12694
85053,10961
77037,32945
81281,12088
101247,10021
92031,30117
83306,11587
82079,18338
85936,13683
90480,6835
92696,21447
105467,18698
89682,7495
76305,30827
79665,25222
82839,10578
93076,17962
104369,20151
107999,9294
83787,14132
92554,31407
99110,19647
82707,7086
80261,13304
102365,9127
82760,16281
81142,36344
88411,16131
97734,12444
81604,47624
84705,18772
104661,12820
87897,12688
84651,8283
82294,27567
100689,6806
105236,8487
77656,13288
94054,25282
96367,29588
99913,18490
77083,20856
104849,20094
98172,7973
98043,14416
90979,21812
93136,28115
88750,8450
88471,7800
93720,22019
76649,12092
99291,6244
89267,5755
108244,9589
95194,27813
103998,30926
103782,8068
101502,12543
85961,9477
99073,13376
106535,17410
96594,8111
76156,37938
85484,8039
79139,11822
96730,12939
101796,14947
78809,32173
101193,6548
96275,12038
98321,8778
77928,10004
78328,31239
103527,10662
89266,10431
99074,8167
97952,13228
88220,13552
90223,23285
76506,26756
104498,22745
84634,17030
106803,25227
80608,13905
78715,13377
89962,19219
88958,12342
98941,14497
80707,18264
105934,9400
106190,19370
107803,25681
87945,17058
96859,7364
84495,12930
79965,33263
89496,8336
101195,10255
97209,6740
101751,15475
101541,8884
96051,13566
85075,6502
77118,30357
80487,11889
106184,10767
96374,1525
91702,18541
77517,21797
98188,12468
91641,21993
94607,24740
86769,9607
80484,59280
86964,10096
103086,7612
84257,12722
91852,16357
87431,17180
80439,25477
90405,13297
97647,7994
108071,14277
101911,20610
82293,8183
93627,10554
92080,32598
88291,10151
97591,18161
94632,13993
79572,22062
100727,13900
77760,15103
80267,24195
106167,26586
93339,23111
98727,10630
106765,23443
106746,38889
80012,26150
86651,9481
106616,11031
88617,7585
78380,13233
102380,11032
102093,15494
79049,42734
104933,15600
81578,22657
82296,31211
102256,9141
83868,19345
101459,10018
85014,6022
90820,11191
83173,7969
91252,42962
102307,8241
95153,19018
99149,8349
76130,14013
80049,25674
84353,13114
79550,9993
106113,30654
82182,17146
99898,12016
94685,29302
108125,17890
76144,15232
82087,17596
96666,8217
105109,26531
94341,37481
80039,25926
91350,21391
99415,10533
85832,16312
94022,12944
104332,22408
89367,9347
101420,8997
99401,25347
79179,23591
81603,16629
94068,20572
98185,10721
99646,4490
83218,13357
84593,11766
93040,15249
104544,13776
98735,12937
86524,7048
102541,13574
88339,12636
92750,25288
101882,8013
78793,17824
100625,12122
91791,19742
98604,8527
107903,12384
108450,9169
101903,6933
96190,20016
77299,17294
96588,24454
80932,64295
81221,36028
107383,10858
92815,27376
98724,15218
101984,10852
85939,13841
91597,27677
82514,9644
88788,9745
101131,10585
82614,20658
101646,11523
87641,14983
103855,13269
96901,24686
101942,21439
92415,29047
96467,11432
104656,32173
84104,18506
96685,20619
93816,24957
104925,8061
82086,18525
93855,20936
85411,16083
88743,15832
107201,8320
91771,15404
81001,24071
90074,8448
82791,6987
102636,1298
102722,13677
94571,31083
103852,8286
81514,15838
99997,6769
85808,9793
95355,10743
101928,7121
98862,7233
87759,7654
101810,7920
104902,42835
101361,12707
81707,17669
84482,19026
87358,8339
103589,10603
103675,15212
76652,17287
104101,12997
94807,17968
77325,11830
79875,21633
83034,13210
94997,26488
85209,9650
88344,11444
98849,8406
80527,26993
87245,16560
83783,15878
96515,10079
95110,23203
92177,32299
94690,24877
80340,13887
80211,22242
87440,10958
97742,8778
86586,18552
98006,8321
87613,10348
76521,27265
105734,15782
87925,6716
94634,18232
102227,6673
85292,8585
76921,8991
95158,21784
95582,22489
105636,24315
92793,18615
80981,47729
76421,16243
87182,8142
93677,23275
92969,21280
95005,16282
85337,9229
90477,15909
83508,6268
96886,12809
104112,15255
93923,27986
83338,6965
77100,23298
103801,10645
77772,24429
94352,20581
78360,22076
89986,9849
97654,6171
90295,18174
89180,14606
82039,23263
79485,15172
87606,7014
99574,5736
92198,39953
83529,20250
83789,16947
106137,19435
81731,23544
82668,9721
95865,35357
103389,9221
98482,9649
83775,12289
98846,23858
79233,13084
93254,31347
84246,10830
101996,14381
96237,13366
104216,14998
105667,24820
78813,13139
99270,8556
78588,19112
105552,12213
97164,20309
84342,15065
103688,19809
77484,9806
94326,8647
81254,35358
90674,13604
104261,10546
106636,17381
83188,21597
93725,18324
91349,37186
106973,10385
89671,6986
92830,25338
105964,16387
89696,25081
99813,9011
108159,39922
84988,15868
84921,10827
93609,27369
105751,11970
92102,31022
83130,19393
91136,26608
78276,6743
108370,25221
100384,10589
84940,10591
91942,45665
94454,35517
100909,6002
87701,18514
104798,19827
95263,23228
87121,10411
93095,19429
85642,12790
92656,15611
95617,41475
78219,13200
104179,15209
106438,21107
87196,10084
90335,17288
82059,19698
92365,21250
98309,8819
77684,11920
89823,10829
76689,19584
98279,20809
99892,9243
77342,33244
81074,64484
101487,11871
79070,11520
95231,30371
102572,2841
99529,11691
105996,9978
100780,7672
106814,11162
85545,15869
79630,19152
91145,30946
84823,10059
84954,11277
96658,12722
91360,26927
90452,13937
101820,5822
81605,20483
95895,26203
99378,6907
89327,15242
97326,8159
100777,9033
87405,13206
97627,21012
107458,12620
79060,17129
96136,12458
98257,8614
102335,9195
77850,10429
102160,9493
102379,4252
104579,9399
105614,17572
100113,10742
91032,21750
84428,5914
95075,12062
103736,8586
86290,14574
81511,34479
90680,16222
108256,16495
104529,20242
105190,8507
83963,14415
82386,58866
96710,6176
83474,6723
85539,9400
106439,18334
102158,9701
88822,13253
100881,8635
76677,47927
90178,7641
93735,12649
84662,11046
106182,13125
83398,12551
87992,14104
87968,8322
103912,16275
93375,20021
101226,6722
77949,31334
85607,7015
79522,23172
77739,9214
83123,6289
98241,13015
85653,15764
103346,10888
93933,24902
103652,9194
101032,17061
95245,44276
87397,10973
104051,8806
88815,13211
78834,43917
86348,11294
102205,11257
85638,7278
84036,12774
103627,10646
86641,10806
76954,18430
96042,15758
79230,20034
81240,21722
98464,13442
93761,19934
86239,16519
106231,21656
94092,29098
93651,32189
102239,13135
108216,19505
87035,13333
77754,23042
102892,9751
104205,8745
89539,6665
94276,18106
78405,11786
82829,10724
96653,12870
107768,10381
82557,10407
79190,15107
83639,20067
106302,25088
83161,8468
101839,16808
76769,36225
92536,30480
105981,10703
89644,15439
95175,25019
95837,27050
81282,28923
92231,42969
85287,16409
82582,12020
82666,15381
75999,16960
81738,17216
87020,10824
93066,30423
88496,6796
93297,48190
82044,17111
81673,25910
102694,7701
89509,9275
95965,32273
106101,19517
83569,8902
104718,21632
99492,20747
81091,64946
91028,22551
87981,10582
91801,17663
102243,6619
82445,10328
104094,5978
94745,35626
90106,14085
89015,9529
93183,16894
84610,4371
77055,20419
79194,15912
91155,27566
86569,13501
82485,7015
88760,10115
105923,7539
78686,33544
88814,7583
82320,16998
102937,10770
87116,9207
90494,8489
106037,11287
81698,38708
108120,21872
107501,15188
76407,22466
98601,10822
107872,14520
78176,20019
93534,46049
91839,11380
106436,19181
82935,17486
84674,17230
83479,14748
105047,21748
103698,6657
99614,12912
84726,9395
84695,7324
91147,23995
87076,17700
106200,4948
94496,20745
105826,12332
94976,16294
86380,10977
79211,10411
83213,10954
84355,10813
108034,28906
106948,9157
94995,32191
101963,6581
106550,14708
85682,11705
98174,13575
105423,11002
77341,14056
83563,13446
80177,24981
88183,13167
77520,18711
96601,13169
91964,25839
86685,13835
83039,15796
97785,8399
95814,14980
83452,15249
84518,14819
102194,6713
85247,11473
85418,6240
77908,10665
92033,20807
80872,11753
86635,10525
79420,29245
98251,17481
77158,25109
89969,10215
85928,9642
91375,55590
80568,20517
91041,20382
89322,1869
88057,11387
89486,6963
105977,15497
88167,11750
81115,42610
91486,11813
100782,15855
89320,13409
79784,16252
89096,15867
78264,8808
97581,21022
79576,33731
89259,10486
106745,8897
92013,24623
86678,15045
102324,14438
77632,34126
106887,10776
78950,21505
88191,10091
88247,9309
94345,13427
95349,18368
93901,43557
100074,9112
85164,8825
106172,22522
108479,16191
101908,13440
87385,20841
81494,10378
81977,6523
108330,12395
80073,15393
98716,10706
104170,9233
103992,13900
105540,18078
75987,14750
99496,9588
78765,36835
98564,7511
81895,19214
100955,12284
77153,48710
103888,7917
105921,15859
99660,12754
78579,30484
87023,16647
95879,15500
100433,10121
83011,14529
103255,9901
75978,22053
102295,9502
92099,12395
80985,26585
99556,8599
97124,8778
81386,25237
92818,27204
76413,7502
99585,18857
98093,14535
87527,8000
77911,30578
85090,16822
80843,15497
107096,9613
88042,15739
83948,32088
93242,27888
83677,9549
92864,11152
100323,10563
81042,17885
89663,10477
85381,10945
96699,13357
92422,30459
96880,12808
88530,9803
81438,29585
83484,5769
83637,16850
89092,12470
93732,23338
92925,19303
105183,12854
98369,8724
100868,7934
82430,11452
97604,10147
85474,18369
90978,13223
97258,18317
106720,9488
89418,10717
83154,8517
98671,16520
105356,19130
88880,16560
84275,11653
93184,11181
99811,21131
96995,13219
89700,6943
99390,28321
100504,10202
80427,9657
105125,22813
105652,13695
82706,7199
97831,14363
79865,39690
78586,14098
85926,8535
83961,17573
96313,16954
77556,30315
108155,20949
77590,27585
90192,14792
88094,10300
86737,18493
107509,20325
96960,25402
85495,28675
80902,19482
87998,8949
93672,19837
101245,17167
85802,22362
76378,24842
92576,26309
80096,16088
103064,4830
101782,14370
84729,15446
78010,17998
76995,13065
83407,12127
86858,9556
92623,22530
107680,21756
77324,14907
92312,16303
95266,16531
86907,13068
98403,9907
77236,25114
98098,11853
100392,7547
80696,11753
100083,13048
107500,31725
98415,12404
89111,20242
97813,13117
86818,10654
76368,18051
92461,19120
79280,19108
94481,12913
85233,11220
87051,10244
97596,23132
84911,1654
84923,16347
100105,10493
100360,9770
87548,18787
106839,13022
97625,11005
87757,14072
91686,19722
98789,13931
101190,7276
88070,6911
93252,18511
99741,17515
104820,7709
88169,12400
77198,10277
93558,32630
82381,18542
99874,11605
80727,20395
93762,26522
82928,7735
82083,28893
102681,9397
84592,6888
90373,33696
100741,11879
80833,11306
91415,24510
98086,11644
88138,12833
86387,15813
95134,60546
86392,16947
91440,22587
79877,14536
85439,12420
88629,11036
90541,16234
94365,18856
105625,42814
100340,13770
78761,19490
89066,11028
92418,27560
90530,10870
91595,28876
101516,6914
93518,13903
93676,14229
77432,27646
94585,16123
96358,6432
78159,27953
93872,12038
86968,10894
76425,23492
91431,24630
79862,22314
86839,13659
100378,11616
87028,8967
81612,20606
80822,21650
79272,64445
76037,34539
94336,11824
95900,21326
89645,7846
88068,2512
78067,28314
107703,14311
106822,13850
82155,3632
91564,38624
107241,14777
79829,28576
82574,6027
93529,30808
86196,10790
88887,14062
103822,11131
97431,21519
80655,20442
104352,8690
95983,42114
90231,8296
91426,27970
96804,13735
91789,20577
91063,23960
95672,28252
89669,7646
105177,27320
83317,6794
86083,14626
98558,9568
98497,15938
107910,10318
101650,12604
98157,13945
99234,21002
91943,28192
99237,6430
86413,17131
85589,6841
83028,11379
84633,17884
76000,13071
100519,8609
86940,12393
93162,25828
98061,8341
99205,19487
86507,7456
91613,25562
85308,10079
105270,20723
90212,5733
94127,9754
99422,20376
105583,10307
81264,29539
96205,6907
105242,27875
91770,20743
101725,13704
108296,25240
82556,12629
93282,12015
90749,23833
101708,10983
98952,10309
84008,7101
104420,25364
96406,8195
83723,21677
97143,25924
97025,13761
81322,71942
102314,8130
79427,7933
107605,26119
87036,7258
91115,52037
107095,23657
86726,7225
89311,14459
85612,6741
78297,12549
87140,16243
99815,11862
99814,11170
79285,28006
100846,13897
83155,16539
94858,25811
85781,15570
92914,22319
98443,19230
92134,14076
102425,11284
100338,7150
75995,12338
96586,6618
76467,12690
79386,24431
87549,9548
79953,14631
85516,6621
102251,16230
86747,13747
96255,9397
102580,3999
97573,12132
92803,15284
103185,9805
93477,20416
90488,16100
103256,12068
98259,9591
79168,27165
101416,11974
84088,10086
105807,22054
107132,17005
101505,13946
96102,17305
80342,21772
83221,7542
87186,17262
89162,16684
100282,8229
95292,27048
95878,42232
81326,13441
88518,7765
108243,30763
108026,6939
96751,10811
90571,12405
76767,20654
87910,10635
108470,13021
82634,6337
92666,28453
96690,16222
102493,6441
99491,21682
94959,17068
79015,43177
93400,18285
90577,19156
83608,5654
101527,9035
99227,9079
105333,13980
98720,8541
83359,4278
95498,16374
101019,13441
86045,11072
87546,10865
87526,4776
83304,15069
81244,20664
76248,22967
90107,10127
82584,7998
97783,6931
79048,12654
94531,20340
83872,7196
95726,26317
107362,8874
88562,6303
105680,8374
77859,11175
82802,11194
100220,6053
80149,22462
78826,6986
92081,19112
90008,22654
86319,13186
93624,25981
92325,23867
87857,18693
84996,8288
105536,7871
86209,12147
96095,20215
78426,23125
80287,18277
98154,7391
84049,16605
99005,13686
101228,9247
79488,37212
95378,30173
81740,17503
101394,12989
102736,9155
75993,57289
102322,7546
106248,9698
94377,26526
102281,7097
99028,10906
88725,10802
101290,8491
101436,17425
107395,12725
83696,11726
87319,12228
77845,8717
94163,10647
89778,14879
81251,10687
88855,7113
99680,9174
94593,18813
79028,40568
100784,7809
90856,15291
76836,22456
105944,13997
76844,14227
85377,9684
102613,10102
105832,18656
105173,13590
107270,8085
104605,19188
93776,27625
98145,15501
105384,6385
83797,12808
78439,12866
84850,18423
81348,15399
81586,58730
97554,4391
96691,6222
100073,14421
89195,11042
95919,17987
78872,8322
91100,28023
80008,14567
89155,7166
79002,5019
80103,23930
95722,27261
92248,31563
104759,12203
101435,14624
95367,28599
93611,31237
95610,26616
87950,12984
78095,23159
78646,17081
82091,20324
103774,15451
102660,7019
92256,26329
102733,14014
95698,16997
103008,11695
76310,37346
102230,10332
108434,5182
103325,7152
89871,10239
84888,12005
94838,14146
83744,5583
89112,14228
102043,10465
105254,12475
77814,22654
92390,10009
106879,16461
77049,17263
84476,11983
81372,27250
90236,6763
92132,18350
92240,19296
95286,24631
101750,10217
88817,17455
81131,21438
84244,12185
100801,10059
95844,19537
83870,10203
88723,11581
81243,24094
100385,11600
104717,17731
91235,13494
96520,9192
93381,34713
80691,33830
92000,29228
107035,28236
102138,12122
84605,8438
79297,46546
106336,25951
94253,25121
79716,21500
83444,7772
106618,11676
96175,17853
103007,10190
83413,10785
87204,15604
102288,7844
80637,21654
102156,7282
99444,5791
88292,14396
88382,22863
83149,15657
96173,15540
104005,19541
78097,16126
79949,21043
93089,35566
86142,10816
79736,12287
76052,22665
80534,13217
86998,11145
92690,27259
88656,9115
94395,20008
98447,6957
97701,16320
92140,17701
100562,7024
90947,13718
101174,8415
82150,36355
82220,13365
99327,3427
98695,16190
81373,16573
92571,11837
99568,7332
80774,29015
88548,15434
89214,15892
104968,16976
76079,21646
106643,16692
98760,13053
79377,20158
92075,32804
83689,15911
89321,8906
101772,7728
82498,13867
100293,9372
82360,24008
98921,14120
78949,31959
77501,16015
93322,25229
85827,7845
76428,18975
105249,19539
93940,28558
85259,14592
95570,29798
87993,7766
99558,7331
91277,20236
93825,19099
107121,27921
104959,16290
96364,13453
106601,16764
106375,21217
79619,11464
76473,16842
88184,11304
92530,22691
100669,9243
97656,15317
78071,29033
89316,9045
95061,21768
86189,11424
89553,17123
93106,24904
92968,14430
84025,26746
107972,10347
100646,7117
94107,47303
93865,15773
96199,21922
107397,25152
100882,12477
104739,14063
85360,17934
85630,19164
91862,24650
107207,21981
97162,6922
80025,33715
102082,10468
85267,7994
101929,14499
101500,9633
79709,17472
93972,14415
103035,11045
99214,11545
90020,16401
93078,20409
91474,23227
104931,17029
78728,25832
79185,13971
103871,7179
91303,34099
103205,17146
102796,10173
84381,5556
80694,1854
88412,15399
87437,7174
81938,22503
87557,8188
84227,17095
94972,25961
101329,13740
80069,31658
82432,5840
103399,9287
77538,26595
83684,10665
101430,7350
104322,17506
106856,13000
83084,8640
102179,9297
91752,22623
102244,9718
100903,7639
87128,12895
104654,25553
98265,5243
101764,8717
77753,12321
93483,33647
85586,6584
83436,40470
80395,15334
78652,19593
92985,12882
87343,11637
94390,30748
94485,41526
79564,20716
106104,31685
84557,11728
105524,31105
96622,24255
85389,12810
78029,50980
107904,15968
80526,42839
102233,6033
86058,10977
76614,28950
81334,69217
95043,24653
80400,14073
100114,13517
92049,25619
104070,8273
95487,10228
80402,24984
102682,11724
79747,13366
97331,15872
92573,24616
81827,16984
99721,6089
87560,19725
101447,11205
89027,9789
100905,8900
86467,12274
90523,8062
77588,39583
79946,24326
94096,22462
106481,9308
100694,17118
91176,59972
106878,6847
99871,15433
77534,10732
102006,9051
93356,24519
85788,10060
97108,17830
93129,17991
95168,42410
96578,10449
79570,12145
96604,15014
76367,7466
105065,13098
90635,15823
107221,11021
80375,10618
94421,21906
104009,9582
84804,14282
92074,27426
103678,5138
102350,19796
81690,15415
101817,9778
108275,23223
78030,16956
91570,23111
96746,8054
89748,20481
107889,23557
88402,17837
107789,16245
108061,24772
105143,15211
107488,23762
100812,12336
97830,11027
100664,13231
80071,26527
104550,12744
99466,9591
93777,15717
108105,10524
90322,7952
101860,14117
104129,9407
77381,15678
76946,37037
91556,16210
87190,9150
107647,20366
84177,12038
93266,28923
107341,12363
92693,26661
101292,9055
79651,18076
81654,11884
89688,6680
107423,14106
86626,13853
101633,17367
83827,10989
106678,14782
93756,27768
84185,28990
94867,18548
101062,10385
76567,31313
80522,19164
101932,9609
86016,13967
98609,15383
84081,10879
78446,10912
82074,20336
108374,30040
77895,24643
93416,18422
89357,9354
106786,10305
102766,11592
82233,10742
84115,10278
98073,10979
106198,7768
100335,15799
82169,17652
101191,9239
94584,14535
81980,17077
93574,38374
76934,33309
104181,20923
85205,12658
101304,11944
77927,47744
82028,24230
87191,30208
77713,13494
100414,4358
94287,21515
97941,9889
93702,26128
91433,25909
92420,19823
88433,17201
91656,35558
94313,28322
91218,13905
104418,16811
86375,10268
97556,14296
94514,42802
79165,35417
81780,15952
105424,17599
77427,13167
78626,21584
85465,11370
87616,10694
101667,12287
84226,13599
104737,18454
95041,32435
84070,12177
79071,15825
98688,8676
91104,34443
95301,19339
82795,6317
76606,20194
94708,21656
82934,7204
101243,3946
94629,25408
88235,13076
78913,52132
94480,23054
77005,15842
95511,22840
88879,13049
78396,11684
99977,13187
87602,15639
105439,16634
91094,19534
103575,5520
102840,6380
105367,10521
91884,21956
84572,10587
96544,7591
94082,36858
95510,14381
85718,7697
92527,18331
78855,13987
107521,15794
98876,5225
98440,15101
98714,10553
100643,14029
89570,7185
94168,32052
93299,20161
96033,18803
93742,19070
89946,14037
107741,3061
77268,16680
84848,11071
92323,33554
82181,32542
102252,6544
100240,10088
90422,16044
103145,11148
83333,10534
97103,33736
107379,31162
94694,23762
97339,32014
93104,26561
88194,10240
81954,21551
96391,16849
76563,11817
97630,19185
80201,24851
87854,2645
102312,10535
93848,23114
82542,5320
102300,17582
97229,12074
98907,24870
81238,12568
101377,10249
79109,13095
88044,5162
91950,31234
103403,8419
87611,10121
98169,16150
84352,13800
91787,18746
85668,8048
91287,17439
80289,17424
80647,24007
90612,22460
84941,13984
85955,9939
95019,12012
92685,18692
87156,7756
98300,17514
80737,21834
92849,26023
87490,5775
106168,20513
87014,18053
95822,19116
76797,14512
88416,19194
99974,9597
79248,9557
93969,43089
104746,24013
101092,19798
104076,18420
99087,7695
93808,25402
80849,29799
93870,42166
97218,8755
85690,14067
82581,15650
81062,14360
98925,15012
98116,8555
78229,13968
77717,3310
92227,25395
97525,7338
92015,13822
93168,18714
76841,20441
94920,15151
95188,12149
91909,45005
104631,12129
91186,20979
100465,11357
79253,18149
97133,10283
84758,9736
83113,8947
92012,29543
97730,10397
89579,16018
89670,9422
98105,13389
79497,21600
85954,13341
90314,5491
81052,7051
78531,15775
97791,13225
77746,22661
105318,19905
96956,9848
84493,9910
102164,7965
84640,15818
83292,14861
80446,31531
106883,20267
96822,12373
99282,10282
94359,11536
105084,23463
85908,13477
106431,15049
97313,18001
101268,6278
77989,17959
87682,19992
106611,33509
107890,10386
79578,20726
92372,30281
93915,21284
85425,8901
80577,8663
87561,15125
82120,17173
91633,18843
96970,8470
103356,10047
89416,15729
101155,8698
104222,20249
76104,18063
108362,12029
80616,42591
98659,7664
76470,27219
86501,3934
103166,7954
80799,9947
103699,12373
97005,20119
89375,8308
89434,9266
103114,8729
99021,26078
85368,6185
98207,8806
88420,11715
86225,11428
107761,40260
83146,18264
97834,9897
95729,30018
95480,48051
76736,26013
103683,11498
96410,24542
101570,8235
81039,12678
82813,17130
88704,16238
77926,15127
89560,15538
98902,11461
105164,30884
108109,12199
84480,12464
98239,9035
82385,33202
91637,30125
85732,8115
90790,6669
90251,6865
101246,8050
92962,21844
75988,23064
106880,18485
89844,14314
79925,14840
76282,19457
85648,6442
95507,15977
96605,22905
90201,8618
93506,24937
78490,12193
106831,15690
78101,13795
93059,40178
106820,9463
80839,26060
76695,16084
107678,10646
77084,11120
107856,14345
104446,32214
93306,16287
76610,31926
94451,19368
96510,14733
84861,17904
85787,22438
78201,13755
83353,13493
106485,13013
98115,11064
83852,14339
91320,24419
92427,5772
83851,14067
92011,14250
96043,7267
93535,23126
80183,28905
99075,15698
107932,14566
98968,17904
83350,10987
77983,18249
104722,19405
101213,7485
99670,8159
86163,16455
107969,11204
77875,17338
86254,9760
106709,14243
79732,24598
107841,8688
82222,17876
82020,15360
78930,25724
93446,14264
82880,11367
85724,8047
97629,25745
106635,20846
94103,18577
83051,12448
85087,10818
76917,16172
95037,31511
99867,13619
107425,26843
85753,19181
95099,28008
81950,18227
87493,11754
84035,11111
98743,10828
84532,9445
106827,13230
100006,11106
108013,25065
102898,11500
93509,21400
89759,8438
78191,27508
80286,6999
105908,22536
85325,10951
86177,2011
86780,16046
82738,10534
78918,22435
79161,31556
84004,8321
92541,31093
86047,13202
106538,14986
96648,5909
101018,8041
97019,21726
105288,9553
103441,11983
84757,17250
107069,9748
108356,26748
84436,10094
79898,19909
84703,19052
101219,17011
99858,12523
77333,9045
81923,13046
85116,15694
106149,13377
91228,20092
91512,19818
80878,20790
91229,28214
99181,7516
97944,16808
78314,15738
103087,5157
98170,6637
86475,7925
76501,21117
87632,16355
78342,22754
99723,10586
87620,16557
108111,33804
89385,9789
78604,11854
87199,15544
106661,12680
98162,7491
95522,14863
76276,10279
80135,25181
98199,7545
97771,8692
80509,41777
80570,34066
102070,14409
87513,12811
92822,15413
85443,10469
107258,17599
90876,20237
105021,21040
106246,5132
102213,14413
102502,7448
97859,12721
90858,16710
103900,6993
101159,5940
79882,12134
107307,16478
91892,12459
77992,17661
103300,7499
76540,39899
103225,7048
93202,24886
106035,10316
80459,20303
90377,8664
94302,23629
107598,14059
97476,27810
96871,17662
78543,15351
89215,10295
87251,16133
94113,17076
89499,8302
104785,12798
87775,19600
91882,23735
79256,33718
100717,10955
104470,10302
98732,14673
82547,6566
83776,8651
106546,20206
88539,9022
83929,17235
96026,6386
104011,14777
76131,16389
91826,32309
103999,23630
82675,17496
94439,26910
96307,10757
78033,14904
76854,14495
90036,6788
103891,10840
101263,12489
91712,18637
80856,17100
95058,19278
82735,8044
82588,21955
80775,51893
104524,12294
98431,9238
82272,24721
80152,16977
99115,10461
91591,25444
84573,16633
96777,11255
95331,17414
87492,16469
78031,20286
102367,10514
105139,25205
101793,10119
82312,30681
90663,8108
97827,16354
85812,11811
93839,22271
92711,18854
90705,11930
105089,15832
97946,20516
89744,19173
91047,21613
101166,6740
101641,12303
96865,12799
76615,12727
107736,13826
101285,13244
87016,13540
99919,7382
99314,20501
80754,27488
94215,35968
82552,13199
79696,39978
87903,11238
77373,19073
76494,20558
80003,22965
89000,11510
93128,26123
107992,9581
89029,14823
105461,20154
95945,15439
103106,14629
96246,23647
90428,6939
88909,7427
85222,11776
106888,9429
103117,9308
93022,22968
103375,7501
93229,22612
85603,8163
89869,9775
102338,7471
82631,13543
102687,13210
82001,24478
80204,26104
76279,27118
104066,20401
85918,5426
101590,8456
95375,20709
77897,11270
95209,19649
95921,20143
105769,7909
97833,20927
106557,18972
80274,16656
91786,26209
85350,16032
96217,16090
86429,6003
76233,20886
98782,9466
77064,11591
82904,18457
101384,10937
103541,7417
99625,11243
89436,18422
92889,16995
78390,43877
80649,18499
78894,13797
100312,17463
78222,21132
91392,27839
81452,10494
97819,4096
105008,10678
94993,25206
85430,10308
94075,43565
81246,23696
78432,26922
89458,12052
86520,17917
84594,6999
87131,8289
103493,13472
95302,16012
105156,19455
101489,6809
105619,8810
81460,27258
79311,13468
107401,22556
106068,16239
82033,23425
93749,14435
80321,24800
103609,12273
83443,9530
79664,21323
91263,22473
80368,32219
82178,17467
77812,27440
88159,10786
107356,10020
79312,24598
81185,29199
103927,11096
92977,24433
94013,15553
78601,18741
103250,8538
90673,7281
92757,29444
86876,12020
99148,10018
77972,11296
79854,7531
97128,7385
108059,11502
105613,21476
94727,3179
104783,7198
89446,19020
107306,13005
94890,20759
94080,13996
81720,19893
105157,19831
79438,43099
95275,17556
86870,10916
86336,15998
95031,28327
76727,30891
76416,28230
95523,23496
76945,11479
92733,22228
87625,17850
105282,15482
76798,30122
93061,19989
99449,6512
88177,8869
89115,16617
97192,9847
90003,12035
99544,20913
95661,27705
86502,7035
92299,16626
92164,37718
79415,12071
82793,6483
96761,9821
95372,14432
78310,19890
84611,12378
79039,11979
83955,2170
103422,7676
98290,12818
89786,16400
88966,13608
91692,15257
99720,10498
92291,30334
104283,20652
77907,34357
80667,23195
83714,11257
81499,35087
102870,10535
84245,17271
96709,11167
96985,13400
79739,26315
101167,10883
101412,9490
97207,11831
77022,14829
97267,22463
89310,9666
88525,8404
100951,13010
105401,8217
89558,15342
97593,21249
91993,17078
99362,12128
86021,9486
80590,30534
76881,16770
97173,12017
100208,16256
106111,17611
94771,16692
86006,9458
83246,14523
81624,21079
97158,11852
90839,6325
76730,11435
95912,31116
98742,12407
85366,11627
88971,10250
91073,18150
84276,13722
93643,30848
77674,17829
107054,19684
76029,12097
76703,20945
76951,28209
92952,24283
101165,13120
83703,17560
102514,11701
84274,16263
80933,13484
89802,15197
95459,24853
88242,11340
80337,19225
96758,11063
81706,10235
92861,28705
97057,10105
90369,8105
77587,17180
92265,18063
91500,29497
105511,20323
90137,7599
78339,22442
90208,7792
101548,12421
79969,32820
83047,7291
106469,16002
83513,19908
79652,11129
93970,7007
95655,22548
93966,13258
103174,9284
92732,30618
104052,16257
104427,13842
81504,25062
85835,7791
85265,11985
88872,9582
81581,26975
87525,16479
95242,14111
84066,9425
91130,46638
103798,12487
79777,11700
96975,12780
98657,9296
89241,12258
94846,18710
100346,6018
102570,8140
86462,11310
97934,20423
96947,8147
83667,9549
84928,14223
107956,8188
98949,12395
90998,10754
97708,13063
95416,24441
78313,22146
78886,22337
104031,19565
105160,31089
103659,11470
82200,16922
90814,6448
85367,10550
83180,11480
106202,17241
78450,16901
99063,8806
83877,5157
103411,7170
108533,19657
98123,14590
106850,11862
100148,8019
83012,3233
82410,13066
81994,12258
77099,30367
83281,19265
94288,21696
103702,6947
105076,11939
77642,16524
107183,16704
106615,12944
84149,9632
76911,20843
104162,8920
102563,6842
98356,9819
90601,16997
86307,12315
83892,15628
86128,11281
92836,14782
77569,27395
108327,17807
101953,11354
105792,26281
97726,1803
86652,8676
84446,7193
96826,13954
95460,21085
86352,12598
106793,12729
87778,13738
99950,7277
104088,14036
92232,14472
94143,20502
87874,7811
83793,13580
108182,19042
102804,7853
97509,19462
96468,11713
85388,16393
76856,29334
106114,27733
92900,24990
84771,8424
87714,10209
80892,21473
91592,29002
102842,11890
107139,20427
94334,12553
86768,12005
103414,12812
92179,25854
106474,14529
86309,9158
91109,9537
78133,24339
76963,15514
101391,10630
107342,8851
105184,27133
104693,31066
89673,15688
103903,9840
88947,6385
87569,17432
76483,33066
86102,9549
106452,9171
107976,17785
85216,15355
76812,26426
90905,22190
101716,9949
106450,43375
79930,6773
80812,29936
80862,24362
103996,19955
93119,15758
93986,20627
90226,15644
104841,7145
77115,7558
82162,46240
88176,19185
96807,18094
87893,17218
96864,9549
81129,12822
94158,15348
87268,17779
101545,11810
80322,14114
95591,19879
97284,2117
76503,17914
102457,7222
103358,13661
85800,9335
77892,12344
86918,5666
88797,7470
101581,6291
99941,8875
86005,11486
92601,22593
77922,27479
107005,9508
92729,20795
99740,21024
104686,11816
87339,10748
86577,11153
105913,40628
87402,16162
88287,7528
86544,11318
87671,16631
91204,20057
99618,15198
93596,19090
100194,1650
76820,29591
78350,28902
91114,18856
106403,25692
77876,18364
92321,16472
93803,10456
95007,22992
93540,21026
88267,8015
100770,8767
79033,35674
105481,11899
92645,22786
91504,15523
103374,17205
76555,29722
106876,20622
83008,7090
103085,11388
108288,24732
78153,25791
101104,11107
86300,17464
83596,7376
92918,18999
96263,13761
95845,25828
82174,9647
95636,31571
87859,17878
92038,13482
97965,13672
99236,9386
102581,11566
88484,5281
76734,19219
107756,10336
100368,16576
92542,29742
106507,9384
94713,11576
86830,8388
105659,11818
103299,10010
77388,42052
93171,32348
95564,23971
92209,19863
103068,6530
101008,10157
101098,10467
100297,6592
100668,6837
83587,11811
103730,11305
80300,10347
90994,30640
84749,10899
96883,22203
83643,24795
101307,9343
96979,18877
96090,16570
82603,9099
79091,21177
101959,12340
101554,8795
100961,10505
82778,9344
98924,6467
85086,8301
89149,7558
89443,7949
88608,12795
108064,22691
93913,20083
104833,18773
88819,8045
105039,20473
108163,13985
78429,20405
100022,8765
99243,18671
96715,13390
88735,20960
86496,10030
90642,7544
98358,5501
91268,28512
106457,11583
87063,12199
103942,11555
101823,15932
104919,2769
89192,22022
78525,24407
82948,12204
97364,12515
77638,18532
94939,16870
102799,12168
97063,18433
84889,14261
91197,10707
83936,5246
88850,7135
104781,29109
96341,7566
77784,20058
79500,23159
85956,9792
80268,8603
76575,28883
88273,16831
96863,8820
104149,12798
95323,26560
108521,13991
104891,26100
86333,6550
97441,31223
103963,13129
94117,21144
106930,20616
96478,12201
93273,20051
90140,5297
101752,13149
102564,8184
89449,9152
82080,16171
103168,11476
92400,18753
89829,16357
100294,15212
101914,12357
91223,21455
107925,19847
108124,7261
99736,27797
106222,5702
96843,6167
86576,13818
106802,20641
101331,6774
76847,11413
82850,10850
107284,18615
77599,20443
96827,20604
76080,17188
89213,16247
91332,27862
91930,24672
96005,10603
94637,29037
76949,10711
93336,21934
79792,19869
94859,27767
87815,10216
100994,12304
103939,7899
91674,24841
81166,20893
105292,18015
76991,48687
100176,15456
100118,13502
94700,20226
101432,10486
78373,20492
82918,14788
80619,19748
98870,6677
99728,50920
100347,13970
94871,18898
76922,31562
102057,6511
106406,19246
81647,36983
86232,5148
90976,28096
101053,9502
87392,9857
97377,15887
96652,19639
88212,10376
106859,12525
92678,15911
99554,7483
92531,38539
84190,10780
98562,9228
102014,8504
105663,19005
88795,8070
83227,3594
97436,5548
101846,9414
80332,26434
104483,21881
97675,9379
87703,9302
105829,16817
97495,12546
97230,17595
99232,12273
108036,5757
90470,17254
91410,25226
87856,10024
97072,13595
98581,9174
96021,19035
104873,22079
82366,16911
81093,12024
94091,18617
105502,23086
81212,26681
78477,18916
86344,9467
87337,9549
83364,11767
105029,17767
84927,16271
92467,25537
77390,24390
91159,18215
86919,12016
87364,15467
96009,14550
80050,24550
97335,19725
82533,10298
88494,11248
101773,5839
84410,14704
90583,9808
97361,7736
101276,9629
92452,20776
107354,8635
78584,37613
80128,15201
88645,11563
86622,10042
81676,21518
107409,27351
101162,11518
107883,12489
84824,10888
96253,13628
80764,17944
105145,18471
76292,20608
85405,7745
105373,25717
86540,13760
91362,28860
90075,10239
81886,10929
99080,7022
105235,14150
96437,23192
83205,13098
94569,28778
92687,34899
85951,15905
84977,8502
86143,18646
81763,12703
92970,26574
108286,9907
99395,7111
81779,21878
82131,15705
77833,12177
91949,47238
84571,13698
81403,31571
86275,10463
98103,7529
96519,17483
102141,12670
95016,29699
102800,17726
102275,9161
79437,19682
99129,2953
102738,12527
88502,12958
83847,6027
82098,27297
97608,11089
93635,48757
107415,17102
100604,6250
95825,15947
89837,8824
90563,13878
87183,10608
82030,15728
100952,6099
88907,6653
108136,17706
99824,8116
108052,19632
86157,19998
95635,26383
76024,22625
92449,15518
101870,16920
85896,10921
102465,6313
80302,14566
104316,7656
95294,32136
106995,45241
86510,10266
87250,11960
86483,20881
83417,14297
99580,10396
84527,8276
86193,14095
98832,19028
89427,14119
105172,10432
100800,13534
81313,14701
98110,11058
83944,12966
91420,22093
79842,25725
98350,12268
104288,22894
96086,15461
78566,22245
84457,16944
88685,13478
87157,10526
82023,24535
95492,26287
84139,6293
89309,20101
85676,8294
94553,7994
90271,6742
85678,10301
86238,7531
104335,13099
83609,16674
92930,19233
101478,7202
86537,9676
95350,19889
89176,13189
89383,11434
81369,28506
96749,6710
95414,31022
91568,29847
92425,28577
107079,25921
93550,30025
78972,22699
80719,10149
92919,22731
84505,11110
103401,13157
97516,7555
91738,16643
81664,10801
108017,11093
94154,16218
94015,23268
78990,28083
100198,8819
91258,30430
95886,19307
80048,45471
92615,25559
92333,29565
85637,6216
100681,19885
86280,7984
88934,11763
102926,12766
88415,1760
108063,14842
103273,10044
79468,13024
91285,16045
99111,7113
90686,8388
77458,21072
103540,6850
98158,14474
80240,34610
93032,19284
92380,15293
91853,19641
76049,21476
98852,23197
79019,11862
78009,16122
79038,18980
106404,10511
100619,3907
82348,27134
83844,8189
101370,10450
82900,10243
77014,22696
94704,31205
105395,18772
92471,28400
82964,19370
80223,65530
83523,11718
84395,16409
77474,20846
94649,11123
79826,11045
81786,14559
106749,16231
94115,28239
103835,7767
83617,16510
106555,12282
86868,9435
105245,9961
107495,20205
79571,38655
100328,14416
77453,26229
91473,22917
100493,13364
83383,6718
96482,17859
91509,23022
92051,31072
82251,13569
76054,11850
105927,4049
89426,12465
101006,14088
96504,16779
89053,17536
102578,16646
104576,13633
94137,19166
96387,10959
106040,16558
79795,11350
102216,8660
106933,23700
87217,13469
98953,6834
106935,13080
108160,10250
86220,16704
81017,13962
90319,7157
100847,9716
79811,21022
82324,33369
79204,21380
76561,20951
90313,9810
94271,12614
99090,7304
106261,14233
95699,25476
101624,8056
92096,11485
104402,18814
106877,5354
95341,27842
79252,22190
85039,8646
95172,19046
91340,14664
91584,16155
104972,14507
80896,23888
93083,18259
90855,9184
78320,18734
98584,22166
97117,16067
90267,8268
104276,12014
93771,17455
100654,13969
84833,14543
79006,31716
98734,6798
96686,22994
81262,10592
104374,9480
87939,11491
85868,10086
105505,8195
87999,6563
84535,10385
105765,14669
77591,21232
83018,7998
95281,16201
104629,19374
80247,18901
98202,11082
89361,13312
86384,11182
77923,17171
86901,9921
101827,13279
101756,7802
77041,26772
97753,9977
95848,21613
94827,22708
78247,36038
87132,14009
88911,18209
88418,11596
77238,12317
88359,11491
78818,9507
95395,18213
103416,12231
84747,13785
101608,6383
105437,24166
76320,15894
98937,6386
78233,11164
82250,16904
96164,20267
105298,13989
85892,17212
93834,14881
84717,5495
104176,11294
95319,45600
85002,7715
91460,30729
86992,16155
76228,22140
105611,10643
83256,26845
88943,18138
77394,32383
100873,4786
92464,19532
89315,14660
92773,86045
82489,6847
76219,16351
102904,11546
91039,37068
104890,25832
99922,15155
107007,12170
90649,6002
90166,11838
90837,17421
84748,13187
101034,10175
80579,11522
103124,12130
92022,10016
103382,8869
104089,22600
92089,19399
106395,29652
76012,20294
90152,13174
85524,12049
95337,25120
101744,8861
105820,16087
100587,1857
95224,32921
88607,8225
105741,20320
100550,10206
80543,23995
96731,7987
94235,34696
89536,8421
104062,9408
79870,9514
90961,57161
104757,12520
78702,10380
82823,8322
76387,12113
83860,8375
97853,8171
96491,30297
93018,15394
105464,19178
91589,16631
81040,13455
101726,4664
89843,10281
82306,17304
102706,10917
81905,14605
99194,13805
84038,11678
99179,9551
107945,13409
107187,20963
106729,10814
76009,17047
80160,11859
87798,1889
106779,10583
87694,11253
83225,12708
82371,25065
102154,11119
91905,17189
91831,19080
96829,12167
100724,11434
98429,13723
98046,14616
104025,7523
104930,20043
97711,10131
87985,1310
102005,7620
93141,30621
93564,19485
77719,24000
99873,10841
87053,15449
96789,10377
107871,19899
107192,11096
79928,25904
107669,18520
79401,25799
95320,27103
94864,31199
80654,29654
99193,14303
84375,10095
90211,14067
80720,14017
91902,15867
82275,10346
81465,21485
93508,24034
88780,8196
92268,31773
87172,16087
106818,8452
103457,18840
86080,13391
107319,15631
104533,12043
105670,27389
81801,23803
86611,16213
103251,13974
95313,39149
83324,9840
106920,12803
93607,19255
82902,9842
98295,12998
99592,7907
83209,20373
100342,6054
100059,6848
84964,15471
101150,9684
80834,15332
94660,22308
86817,11553
82881,15999
92477,24837
88843,11418
88409,13643
89464,17265
84554,8171
107456,22234
105815,31709
84223,18900
77230,40959
82653,8925
84903,6792
96636,11914
92293,21032
76243,11310
78795,24264
77946,57378
108033,27018
89601,13549
90606,17491
92249,29624
92624,19594
97695,11514
78743,35781
99859,20442
78302,21877
99986,15664
81908,12012
85440,7808
91412,32898
83964,7898
77867,12147
98287,10052
92675,4744
93893,13026
93828,32351
107502,20146
93726,13656
93097,13772
107762,17754
93545,22871
89831,13907
108065,28436
90388,4976
82017,25112
91025,26163
96293,14734
99187,8319
98283,6728
93590,15359
105510,10048
81365,23932
105805,19775
95866,52976
99079,14187
95673,14269
99311,19500
86145,7631
103531,10623
108261,21254
85582,6297
85281,6459
92591,36374
97180,34223
105998,17753
101355,11264
104286,44942
86703,9536
76535,11590
86181,10675
77004,19475
99367,15475
106001,21742
93179,26496
83031,10199
86572,19756
80350,23692
96375,7414
102219,7512
100942,13724
82949,11245
104083,27821
97140,13235
96421,10484
87075,13531
106419,20034
93602,27294
77222,10081
101712,9473
106666,7743
87295,14076
89044,15219
106433,8184
94575,30828
107025,8086
89318,9055
86030,9587
103483,10683
94536,15247
107058,17650
87031,10648
100119,10944
105938,11318
89724,22872
99480,7434
83017,10695
108355,5601
94711,19164
95759,30630
105168,13492
93791,24811
85850,14121
102333,8115
104407,20846
98798,17808
89284,7631
100823,6200
80514,15827
105308,18198
104612,23010
89638,20637
93794,13392
83933,16336
90413,9663
98929,9016
90959,17225
83414,14558
82228,19762
88669,10545
106815,22634
84567,10686
91328,31702
105740,10656
96452,6470
76038,21803
99940,9689
102377,14883
105229,21535
82158,22065
104844,18944
101203,10192
95222,20105
89529,19315
103230,6843
100692,8360
99821,16823
81086,22947
89399,8955
102445,6018
96444,6004
83485,9533
93778,36861
100464,6251
99865,9383
100107,17295
83973,17888
92032,27553
94017,14759
76046,14630
77816,14222
76743,31558
87201,12565
90652,14896
103448,13805
93642,25615
85409,18944
99777,6504
92216,14437
96269,7561
94298,19189
106667,13117
93716,60220
95754,32362
89379,9757
95970,21465
81911,17469
85652,29160
107793,16663
96389,23281
80000,19996
104440,12200
92029,39912
93473,15186
90350,24996
84947,12549
81870,11731
79936,13214
79910,17175
93467,33330
80387,25415
104360,15904
93150,25818
79119,22497
104462,3767
99548,21506
104024,31616
83480,18269
92501,13518
86740,9353
82165,23590
85963,17944
79487,14280
83245,13992
102193,6726
95449,24415
99413,7245
77176,17180
107260,27341
94187,25681
85664,16040
97886,11405
85384,12197
81228,22258
81930,18143
106627,41793
88081,17966
91651,15194
98067,5580
100814,11215
77028,52095
89853,5488
92951,10386
96866,24894
77498,26515
102959,8205
103546,13637
81127,16901
88867,12484
90099,8061
81637,17299
101995,8912
92382,36766
99078,24798
93118,24565
91524,12987
105674,9839
78943,8505
99513,14065
82972,11489
92438,28716
76466,21906
93315,27122
84637,18917
91553,13805
92093,18967
89774,19741
86455,9686
81999,28449
83211,17289
102893,6779
101347,10721
102099,15377
108532,18118
94030,32001
87114,6717
78523,46768
89274,17568
103663,6696
98104,12239
86952,10694
93621,14617
90898,13467
88902,18559
99135,19393
96645,15163
89265,8143
88536,16511
76788,29663
96496,11159
83580,13671
80060,25092
99910,9505
94254,25046
98982,11397
101182,7960
104497,24764
99215,11478
102237,8442
105340,20905
98398,8279
82895,7731
84880,7510
76633,24495
98237,9339
93475,16333
93644,9650
83331,13062
94673,46986
93774,25266
94872,19163
104642,31447
105806,10197
93351,17913
99440,21902
77434,19651
78382,37624
76269,25566
94221,37017
101103,7759
92917,25856
83521,13728
83915,9730
93502,17124
101013,12493
81762,15186
106753,17700
101173,8266
98602,13282
105397,11816
97067,27980
101378,10866
101862,15353
99039,10442
88393,15577
106130,17638
85828,16324
108231,22873
104898,15941
93112,13620
89768,8027
84354,15183
100168,7235
92834,15761
99208,10435
96108,12545
80163,13299
105455,12140
80323,29606
84714,16006
92348,21045
83603,16256
103959,7480
106728,12967
78696,35021
94150,28757
105629,25879
97037,14391
92850,22711
88432,9148
77436,19593
76469,3900
102030,6054
87669,10309
79981,21827
99662,11717
78260,20964
94555,30306
84628,10674
87955,6363
85130,9753
76417,28276
86241,10334
84603,9221
76645,18916
100195,7096
77467,27564
98126,19499
98081,11714
81234,25195
87717,9897
79724,33856
78643,12648
93113,27060
100597,17179
91190,30745
89351,11827
78056,30788
76053,18813
104592,12732
105891,23589
93731,21611
90123,6261
85669,7621
90040,12784
103624,7868
82545,13819
101212,10938
76510,11772
88673,9723
107913,15727
76619,22876
98461,24184
88455,3598
94543,23885
79082,25636
107039,10934
99565,13356
85597,16610
90908,23474
103741,11974
101177,11650
100246,3230
84497,20765
79003,13229
78075,32203
85527,12380
99400,8427
83118,12660
106176,20276
79864,22213
96609,14195
77968,17359
105349,10181
95787,20141
86759,2072
80898,13073
80948,14436
107151,12012
85395,9100
86612,14497
78951,30878
79546,15377
83345,19935
107224,19648
104509,14315
77088,36993
88988,11336
79061,24949
89758,14707
79439,53984
96411,13898
102234,10124
89720,14785
99600,10109
101235,10025
89235,16350
96214,33235
84205,14678
106816,26943
90934,26453
83597,17417
90454,16097
82998,13203
76772,24744
100571,5608
76400,28454
107381,18755
93102,16561
97419,7087
98844,7706
99354,8177
90811,14831
98152,12139
90157,12867
102629,14517
102111,9744
100448,11283
106531,11966
107493,8651
87471,9222
83607,11261
95488,31849
76205,30438
95394,19846
101050,4769
98680,58542
97176,20524
104530,15631
83396,2308
104984,7006
102081,8132
91955,9997
79996,49657
107833,16138
81342,13760
104936,7742
97105,13253
96834,14029
96402,14486
106575,9377
82857,8345
105504,9121
88261,12189
99175,7712
89160,12746
83875,6645
104695,14560
84189,10787
86024,18114
98475,7117
79856,29885
80385,28135
78287,24867
88807,13949
86288,10173
107610,17818
94375,19818
83385,17417
96627,11428
101257,16388
91915,15585
97986,17891
80806,20509
96930,13612
89391,12142
85423,2281
79397,30691
102565,11917
85590,13901
81920,12267
108098,18602
91230,60565
108021,6846
102554,11901
84182,11995
76770,19959
77856,19447
94249,18858
94729,16512
77171,18449
107487,23258
78766,24183
100849,11526
97721,16921
92837,16576
83099,15729
102521,8549
89738,6979
84234,13485
107428,15231
93895,35760
95662,42581
80328,17815
103054,10916
104950,8272
93125,28192
77393,47149
81178,33347
77207,31686
98648,9332
106065,32307
85228,11554
92787,22982
108462,15686
102896,11666
78301,12781
92584,8260
96414,12407
101267,9451
92934,25809
80206,11496
76657,15841
99365,12846
96142,30440
96484,12426
81767,26708
84926,9452
84961,11541
97487,25037
86753,9321
76410,17090
103512,5593
91899,23627
82404,27410
84598,19371
95115,22423
92544,16957
94011,22408
77265,24123
103378,7849
83828,9446
106142,22943
76564,29226
93718,15234
81110,18083
90753,17260
86557,7539
90778,9354
77313,17852
103914,9789
86688,14083
102878,13198
99734,12969
91581,28403
105434,10382
89221,8480
84974,15691
101055,11989
80952,32451
80861,16365
77446,15612
105345,14662
95204,17829
96228,13404
100840,9095
90096,4403
97213,25725
84188,11194
96571,25544
77068,18307
90711,12733
89855,11790
104858,11805
95897,26031
81849,20144
106143,10923
106333,22061
107165,22323
77133,11321
91788,25094
91418,19288
100158,11226
96982,17554
81275,29383
78741,18643
104961,13161
89332,7304
77546,33450
90860,12996
79924,13760
108433,16566
101702,12030
79340,33314
107333,9441
107963,27239
89408,9649
93686,19047
96129,15342
106156,29565
87515,12000
92980,28772
83982,8396
85504,9514
108354,10015
97260,12975
95437,22481
88483,16139
87959,21677
93858,17151
80968,21796
85754,13020
87723,16451
95880,40610
106868,9558
93138,12891
104747,15245
94889,21248
84681,9272
98538,8457
77073,27148
106730,17875
79208,32449
100127,12767
99655,7758
80695,12972
96818,12472
101382,8004
81239,17320
91299,24852
83005,18246
99363,10758
76302,21452
98317,20837
93829,61645
94188,21866
102190,15788
94901,19177
80495,28857
101373,12163
76822,12871
105052,18682
98580,6169
94567,17738
95144,13151
95559,17727
81580,40384
106874,20953
79121,26887
77257,20329
87589,15741
84579,9631
95950,20200
92510,17174
108139,16544
76182,32396
88687,13378
79244,21531
80690,19583
86259,15487
76977,13953
95716,14500
97234,13391
102608,9320
105976,20819
86505,8292
91220,31112
96558,13265
87444,10898
87498,12593
102631,16963
82185,17753
99403,27381
79515,38894
99088,10111
76226,22586
108382,12061
85313,14780
94499,30209
99934,6848
82376,16869
107765,31065
83605,7608
77701,15584
94028,16182
107523,12493
90650,21167
87414,9229
100055,8825
90566,11819
77944,8257
104365,21435
100010,12526
97116,6784
92053,16663
89028,14173
97021,26007
76667,38529
88020,10668
94877,18069
93946,21273
107829,20124
78257,31644
79067,21233
77650,36086
78087,73106
106695,11974
94630,8345
106256,9604
95601,15654
105796,15080
102585,10163
87265,10296
81014,35414
79536,20475
103430,13200
95642,30587
85927,11816
98965,9050
82285,23926
88076,7009
87977,8346
93013,20743
86356,21061
82657,2723
104960,10422
84159,14775
102831,7016
99907,11676
95588,17529
87604,13405
104688,8401
78457,31857
89007,13744
104449,17378
97888,20537
83178,9232
81940,22821
103932,8022
93309,30636
108001,13484
104771,9023
79382,19473
85883,9437
106425,13032
83165,19415
105632,22472
77132,28746
101743,6970
103628,14809
90647,33973
84997,7852
91158,29196
102727,8464
83926,22055
105492,14796
84091,6834
90093,21240
97013,7909
97421,12918
93503,20776
89921,6886
94294,29017
88049,5782
87152,10559
100030,11685
81887,22528
92813,31780
103849,11403
81370,16442
100077,6481
96215,16659
99477,9690
92453,36023
79103,24086
83988,10656
82753,9761
88096,18609
82591,23710
78600,9750
96130,14231
86532,11901
78212,18724
103099,9617
76517,14922
85372,11920
87192,10925
89912,8982
100674,17907
78362,17761
80234,10000
103492,9180
91876,17944
99906,15269
86556,15899
95439,21691
89552,14618
97510,17627
77027,23725
96651,9706
101124,5103
81564,26539
103834,10729
106120,15205
108302,12377
95258,27176
80241,10104
103079,17968
107671,19497
105451,12338
100581,7174
103200,10478
107958,25662
80508,14554
86519,10320
106014,14253
88647,9277
78370,20345
80157,42852
78549,32562
78346,16097
102025,9344
102642,12342
101566,12677
105090,9191
102879,12198
103116,4876
108181,21837
90077,9217
87209,7658
78488,25212
80235,46764
100754,8666
105566,13043
92772,20172
91123,31711
81751,40287
97826,31967
79668,21410
93067,10595
102583,10671
107690,17156
87693,12722
80476,8292
81846,41948
104885,12669
97224,14039
101301,15325
77468,18990
102865,14100
89933,18365
80064,15666
102316,6307
78861,11020
96856,8344
80901,33484
93880,4999
93155,18443
95490,28973
81179,10815
105515,42564
93763,30688
79292,20268
79547,51988
76889,16720
92884,19808
100959,9958
103931,11112
87109,5915
85670,12660
106941,17602
82237,29854
95369,13297
104098,8487
88392,8108
79992,13109
91429,21669
93131,17137
102287,9539
93988,16302
98533,12357
82402,31259
100838,3724
100418,3111
78723,20301
102054,19198
103873,6877
102429,4612
92423,20972
100306,11152
95398,27222
98509,6595
76571,20819
99096,11478
79974,34732
86070,8944
106407,18877
107921,6135
99358,6126
81645,33642
82190,30288
104692,26568
93221,13732
100438,13319
91444,20411
81053,39111
91363,22293
106954,20537
106654,19046
99522,11273
87009,16862
87909,11394
77419,20932
97652,19542
99779,12552
85584,15227
91829,18030
88101,17929
100556,4152
90352,7614
83282,15270
83007,14947
108313,11828
78810,7705
98828,23505
96114,6527
79191,22203
87297,11763
95877,13805
94139,40006
100850,9148
94945,54645
101089,7813
105691,16894
80668,14001
81214,32064
87518,14558
105030,16558
85923,6502
83311,13775
98855,10045
104159,9074
82779,9767
107742,10559
105468,26193
80455,25935
86388,18001
94821,50045
103268,9919
102051,7505
105353,23853
80456,20812
100987,10407
91198,28080
85153,13353
103654,16696
108172,10411
86497,10771
105311,8980
83207,9114
103088,13654
80581,22776
94590,24109
92857,18996
104990,19736
106022,11049
105717,16447
93403,31087
85166,14627
106430,14832
99092,19670
91093,13767
88851,19247
98289,26403
105096,29367
77047,19828
104430,18891
89790,5037
95496,29421
99397,11253
98691,7578
76750,30507
96768,17911
99671,10594
100893,15479
96376,2211
85359,17108
85526,18603
99471,6894
100718,13774
100408,6260
99396,12431
88571,18606
82056,34241
95339,40894
106966,44097
87419,16351
107951,9289
89086,1308
81863,48604
85352,7573
107573,12179
85160,8133
86447,15009
85129,15621
81978,23710
76538,22098
96475,14929
81872,25391
100975,6141
89846,8623
76813,28022
79861,10599
85807,10250
100520,13818
83614,10736
101194,15580
78639,29474
97237,8311
106299,12110
88307,9932
85314,10254
105736,14897
80065,10488
92131,16709
88644,17788
76738,14119
105697,14157
87316,9396
98209,12548
96229,16978
100262,4699
100999,8206
107614,10056
80838,28773
100986,14891
78593,25033
100441,5251
82682,11080
78999,33405
93261,14822
80075,35402
93655,30590
100596,17333
104232,25502
91804,41660
77995,15994
103787,7161
94205,23017
85358,8433
78658,17919
104647,16914
76044,21928
76998,10582
90687,18007
88724,21322
89881,14096
77162,16513
105640,14843
87663,17802
79472,12938
105402,9769
93024,25707
88764,13246
102845,13835
94779,17803
78682,11804
95089,48977
92437,10631
96574,7523
80215,8729
103217,8365
96957,21383
77332,15955
88904,18770
85813,19392
90079,18970
106345,9801
93236,21219
77551,27887
98682,10214
77482,26541
106734,22333
96167,14094
97901,7840
88753,15063
80085,20633
101127,10503
89915,8872
77818,41092
88216,7898
88372,14505
83811,9104
82936,10606
89742,6281
91673,30971
96257,14502
87975,14591
80305,28093
103204,6612
87651,11271
97692,20379
79587,17838
78081,20590
90382,25088
101784,15234
86751,9645
83746,7287
107367,21504
102824,10682
88861,10479
81296,14595
93069,22294
87324,23572
80156,25561
101653,17772
106220,9403
106598,11551
100402,9406
76609,24916
84956,15192
95576,28874
99581,7930
80485,23234
77166,29475
76018,11678
104735,12116
93333,12670
99795,9321
89839,9191
82759,12961
78936,25738
85749,13827
103893,5081
80488,16577
85554,10874
90240,13601
106288,16307
77948,10965
102329,9332
100162,13115
88576,16684
94039,17229
94453,20467
87879,13103
82862,16847
102535,15493
105231,14262
101295,10476
103639,18091
100996,9795
90885,6911
98058,6498
76405,19376
81140,10279
106762,1386
77805,18538
91903,27426
103506,7606
99841,11267
86237,11300
76010,25628
90547,16406
97073,9986
96345,20391
104803,23564
97547,9065
80566,28387
76686,27585
76532,16948
95342,17297
89227,9135
100141,11287
78308,21278
89064,13312
80510,18032
88585,13026
104610,19710
82104,9984
82975,12597
89065,10487
101733,6047
96657,16361
86410,15590
97079,12990
99980,8671
83405,16116
94937,13257
88990,11609
100897,10344
89852,5828
79720,19030
87573,7918
77570,55322
101535,5009
106853,29375
90614,13788
99883,23354
90053,15007
85345,5576
107848,11302
93445,29261
80275,14496
78979,17974
102516,14063
89258,11277
107117,23839
106721,8191
92982,44750
83496,7531
81803,64873
106993,16096
103294,18882
94098,13203
77532,14866
89286,10710
89501,8363
95186,20091
92283,30294
95290,20562
96893,8089
100971,10732
78080,26654
99131,18086
108281,5838
100144,6993
105273,14262
87851,14582
108128,11385
86420,9702
88534,8030
91836,15654
105068,10026
89909,16550
83912,18209
92078,30022
97169,8909
89505,7665
84000,10964
95770,23158
96966,6390
99958,12745
93263,32901
85201,5196
87858,10720
76733,13237
95475,18561
76959,16793
88587,6820
106240,10349
76297,28878
96655,12578
97329,6035
104459,14969
86218,9693
92652,28346
87708,9701
89003,11106
77758,8883
80355,4473
102381,9335
102034,18309
85449,16507
108344,11322
103231,11316
88619,10351
91294,15740
91671,44929
89398,12836
97449,12866
90985,19872
95931,27221
91207,15512
93227,47839
83380,8237
88517,5072
94074,26598
83286,15408
78621,22718
78559,30342
95517,21162
90301,7468
86982,16121
79155,12647
87645,13095
94734,18744
80776,9038
80191,22868
81665,21617
95409,25974
107275,11604
88752,7567
85344,14134
96113,13397
89564,13813
83351,15399
77727,20880
105427,13240
86511,15296
96465,12146
81345,27587
102204,7352
91518,51107
103030,7413
77586,26345
81802,17888
97913,19604
106159,18546
101107,16785
77988,27444
103558,8092
107080,9935
103080,8003
81729,31335
76576,13321
81302,29825
102815,6892
76838,110923
100835,7132
92600,25349
98836,10411
107734,12409
103146,8338
92838,30330
107210,15987
87193,7949
80803,22984
99014,28617
81317,14648
105975,14708
91289,13283
102427,8899
88770,9058
93130,16302
91428,32078
101880,7772
96317,13782
79846,10029
76152,29669
98591,9646
83409,12398
98307,6686
81931,42360
90083,6990
77773,15144
103635,10325
90621,7320
91055,19557
82011,11913
84194,9920
107360,19884
89868,13945
78774,17883
98229,11652
78895,12415
104821,10588
88829,18409
103561,10895
95077,28676
77218,15039
96894,8280
102467,8722
80026,13960
81904,34269
79212,19679
76081,25727
102446,11643
92123,30715
99505,19297
90701,32921
94131,31314
98499,9928
87292,17028
101982,7100
79507,14594
80367,18077
87303,9174
90939,21386
105990,23036
93538,30759
96747,14905
96705,12473
79540,23422
97104,8263
83406,16660
105299,9865
106722,10008
105452,14635
87290,8321
81467,12314
105170,25231
93330,17813
80272,19973
107730,18685
96010,19618
81845,21900
80811,12768
83571,13344
105322,19363
77762,18989
102039,7036
89712,7753
89635,17974
95445,29875
83168,11161
97583,7664
90719,13810
83437,19209
95182,25083
85203,18296
103788,11538
82303,14875
75983,35373
86812,8791
81841,29912
84828,7224
93783,27914
107916,23894
87430,7842
104874,10559
93137,16946
103047,7093
102110,8149
91435,18022
86558,13146
95141,26053
101513,7011
98883,7702
84488,10889
77317,27230
76345,28130
91779,26276
76882,11914
90888,9501
98663,10009
95756,19369
92853,20962
105681,24346
100628,8164
93663,16210
92183,25741
87635,18717
104386,29768
87388,13267
77217,21302
96722,18243
96916,13539
77168,50716
78963,13499
93780,22465
91677,25390
98082,9227
76229,17124
92338,25317
84178,13301
106784,10722
90742,3409
96034,18477
98064,7732
96973,17018
102048,9503
106484,13544
105759,13055
93589,29843
99057,12545
80757,13591
89636,8102
83495,7917
85277,11837
91843,37670
107118,26831
100387,13644
81885,26771
105369,18552
103588,7633
89859,19375
99533,9882
107533,15811
103667,7365
92303,22951
98400,9654
107283,10341
77352,29677
83662,16579
79661,26057
102007,12480
97793,12575
106968,21166
91632,23349
79763,31565
84785,9840
92155,14710
76625,28096
107370,10329
87638,7951
96040,8844
97299,15345
81301,19367
83192,17107
105291,43068
87135,13490
75985,32326
82125,7613
87636,10691
78783,32121
78662,5607
87134,17113
89451,6777
100098,10547
88589,8313
85831,15348
101724,9889
107345,19524
88336,12471
105588,10469
95273,20010
101163,8647
77479,9223
80339,25356
86561,10317
90365,13834
78103,15556
98617,10597
77621,35204
91901,23569
93087,19695
82739,13684
100953,7835
80117,19692
84174,9284
106828,18119
90803,17457
85910,10678
89576,8843
106572,20206
88570,20100
95066,23778
101114,7382
90936,20193
99197,7972
106363,8295
106495,12327
77516,8881
88093,3205
95483,14227
93513,74142
102348,6382
104779,11862
90381,15360
90866,19669
76005,29019
83160,18888
105547,13486
102598,9668
104485,20134
88186,5914
100958,6416
93967,29365
93296,15970
102906,12460
96380,13558
93298,26005
84722,15610
76718,20458
80056,27126
78850,18458
100715,8598
97058,22480
85906,13568
102477,7685
78624,49544
104387,18288
104252,12073
94178,15862
106337,21182
105385,15167
83119,9054
76930,18018
78083,27183
97868,26590
81081,8276
102325,7904
83604,14208
107825,5551
105577,23563
107308,9141
103876,15749
97378,21948
89508,9414
86933,11081
100033,10902
84820,16074
88884,10720
105458,5951
103164,9332
101838,6268
97811,27381
93826,24784
86364,6860
95317,27365
80613,17498
78372,31391
83283,16026
93249,29627
104303,29411
87973,23124
89997,8420
103013,7146
85570,10732
102979,6179
78598,9202
101402,6299
87313,6401
95505,19857
79319,20546
95230,31991
91808,19642
98678,9564
84270,12761
84932,9453
92433,17417
95944,18727
101180,13992
82624,18377
80920,19404
99771,8807
86425,16859
92191,18824
85940,11723
97391,14724
101341,6807
76066,20039
93226,19816
108367,9913
83144,8752
82764,10071
85112,18046
97167,13408
105808,9985
108416,28366
94695,38921
100332,10394
102829,7968
83817,6572
92304,26107
104385,8712
77858,24126
104454,13016
100292,13783
88759,15627
81746,16489
98246,6340
96680,9117
84163,6812
98135,12260
75975,29461
92064,13968
78732,19919
99528,16668
97651,14507
88195,10416
85398,16494
105940,9885
83822,8418
79148,20750
101011,12302
91642,26010
92277,31708
78438,14152
103126,7231
90247,16145
105738,13496
91585,23318
99313,7242
78484,10650
91221,43480
102068,16275
103027,14154
79594,33577
78290,19462
83059,11974
94542,21179
80450,14760
86055,12990
77128,24350
78459,23196
106614,8169
100580,9049
79200,16631
90988,17284
95354,59690
95524,19743
89514,24135
100494,7799
80365,28480
100498,6305
94820,23617
95203,15225
84845,14264
103726,9513
78164,10189
85894,7881
83974,11162
100042,7586
82641,16153
89331,9807
104138,20187
84136,16177
93037,21671
88791,12612
102077,10951
81882,23185
98035,10439
108194,22673
101297,8505
98938,13130
98486,9381
83293,8812
96404,12160
90115,15377
100205,6510
81271,14335
99430,9948
106622,19854
80213,24015
106624,19060
89907,8863
92178,13943
94849,31446
83585,7755
85742,9260
98510,11459
95629,31160
86114,10380
104028,23668
78862,14935
100720,16054
97302,6431
76761,15738
97918,23996
95704,13921
108116,39843
101381,9364
95542,16321
89609,17395
79374,11713
97399,12808
79350,13100
101700,10339
76556,19640
85945,9601
92706,23577
98698,11953
98683,12020
95706,33674
91170,32180
89870,6963
105665,24659
76774,16934
106996,11617
100111,14585
85146,10389
87623,9796
106125,17231
81146,17112
82472,15003
106621,15858
92229,17014
100574,9470
93325,21569
88820,11360
95448,26226
94293,4724
83682,16324
82826,7701
78729,14858
82431,9897
105701,27040
90828,14520
88782,18288
90765,21799
89779,14816
93973,29773
82915,10947
107131,20766
78143,33669
101557,13699
81060,19411
88032,17445
102913,10216
84050,8337
97797,12814
99183,4473
81588,27814
89819,21258
86947,12737
107568,22216
92085,16008
101729,10491
89417,13484
89797,8035
89349,12031
86040,10680
85454,10536
78374,26457
84084,8497
88370,11509
99555,22662
91675,75764
87112,10394
96235,16484
98203,7097
77675,8705
98775,8068
81614,28546
102391,11821
77097,26033
80494,28420
91050,26623
90412,7207
106318,14782
88976,19052
95898,25225
107839,22423
83737,8730
99929,13485
85736,16066
100856,10436
85708,14097
90131,9275
94568,18712
96466,27119
100117,11855
87585,6727
79106,12510
80237,20759
91302,27473
83945,15291
80650,24673
95104,19971
96677,5624
100682,10563
94464,19767
89293,15023
102107,7131
92219,27659
87853,15583
95391,19191
102232,9722
83035,8647
80636,12527
105398,23028
103291,10336
78340,16357
107130,13998
85694,12056
89901,7219
101501,21080
92797,51421
90279,10036
92115,29225
105910,11271
105226,16055
94797,25864
88857,16063
91374,19585
106841,16851
90283,15740
95421,22793
102374,4212
93581,24741
77463,37357
94949,21734
79220,18871
82822,22026
107897,6367
77398,47918
99943,15044
101334,6859
78664,12950
98917,24491
98320,13577
86414,12489
106690,13141
103656,10678
82816,16594
92595,19402
89058,9892
90981,39388
84545,30038
85121,10709
86786,8226
104318,8865
101816,10344
85525,8875
79169,21421
90473,8051
76459,33245
91881,20696
76343,15804
99475,3614
76756,19809
105158,8556
82355,31348
102382,11051
102739,10551
95595,27836
92655,20154
93230,21198
92502,28071
78020,11673
76077,17243
107845,7856
94272,64053
89239,17225
81657,24333
79605,19197
92466,27288
89062,23099
91866,21453
87629,6166
94495,19239
108301,9495
97893,14543
88636,12286
76642,11144
97723,6214
99689,10801
98669,9313
107547,30493
107324,20355
96837,5761
87607,6605
77412,31034
87012,11686
106509,27106
96290,14323
98997,16705
80784,13512
79231,17393
99071,11941
95343,57914
106067,19484
99385,25977
108247,25611
92030,44701
106907,18344
83305,10928
77537,11076
94191,29558
106218,10318
90895,17380
87733,13980
85938,11998
92778,17918
104351,24246
98023,33057
100496,10574
99703,20561
97963,6092
107514,14547
90147,16034
78976,21248
87951,17151
87689,18824
95720,36959
81362,13897
88028,8461
101241,13673
77282,19627
87318,12243
95832,15113
93146,19711
105053,28932
106782,22111
95641,24828
101467,10839
78487,18779
97221,9280
88550,13225
102969,11319
91727,31508
102790,9086
90218,10147
95243,51870
101112,7950
85231,10526
108368,17058
84764,6393
104560,22306
88854,9630
96342,26904
97363,11130
87222,10324
85750,13611
99457,10148
105834,6853
81230,13938
89905,6545
99107,12058
97725,27398
103383,8080
101881,9209
79274,35708
106126,18138
88014,8023
81379,21547
76685,12175
81756,33576
80382,20425
87661,9929
103160,14985
81893,31776
103538,12538
101780,8740
81384,17495
106350,28289
92907,18689
99538,14328
79214,18026
101909,9704
107864,17741
100524,10226
84466,11731
105389,21408
95621,16634
85294,5837
101831,12525
104539,18456
97418,24767
84417,13007
87082,8221
90484,19984
94455,26347
88204,12627
102964,10559
83265,11941
79644,27953
103662,11745
98160,18286
86602,20695
96773,18946
106258,20210
93161,25249
84913,7887
93566,28034
99048,8854
105009,19579
78907,13029
86767,14836
91280,36049
80284,9921
90664,12842
82570,12749
97344,6110
107585,18158
88462,11868
97190,9337
105578,7956
100275,9869
101818,4057
96900,14378
107149,19957
92413,32678
79385,32933
86389,10352
95212,24385
76373,21124
78959,24335
88737,5796
92016,37239
86224,22065
82578,10221
97155,8885
107701,14889
100516,6370
100278,15634
88637,15227
82527,10558
84753,7571
103714,10791
100322,11962
86770,11998
81754,34166
88214,10466
104113,14634
104421,3335
97736,8338
103535,7159
83206,16700
106330,9446
102339,13103
87709,11924
76492,22916
77728,18461
80481,19470
103158,8301
88892,12406
100388,10684
92082,30751
81236,27144
77042,12772
91157,27365
84392,16671
93436,27281
106487,23891
76638,12452
100756,17447
89769,8157
107047,26920
107482,14156
77672,48962
88137,8268
94234,48240
100690,9435
104730,15939
80889,60508
83038,7551
78952,11511
108324,24428
89723,15248
84963,7520
82834,17347
84141,12550
94870,29704
97980,20906
84101,11537
103187,9743
89617,11395
107178,9280
92448,25182
105739,13010
94934,16761
106422,9167
84357,7397
81219,16859
96165,9732
89437,7711
107434,26373
104751,14142
79869,42020
108255,20926
93706,18585
77694,25929
106112,32932
79750,22517
92715,26562
91183,22457
104425,15740
91695,19050
107783,22859
80023,31072
106551,12091
88253,27581
89867,15488
83678,16137
105660,17884
88202,10646
95119,26644
108260,12691
83078,8007
82345,19453
83217,9861
87850,12547
81035,49060
79575,29718
91737,16304
87829,16187
83729,10468
85611,16015
98402,6893
92385,11770
86408,11735
86059,19464
95741,45745
86739,9331
78929,26845
83842,6401
87907,11606
88079,16212
85643,11239
81382,19283
83493,8616
93460,37438
80412,31314
88171,9520
99783,10665
102777,9613
80663,33479
77531,11113
86865,18024
78461,20690
107352,24353
94120,9692
79496,22132
80515,38417
91344,42353
79373,35234
96220,10300
93246,54604
106908,10131
78245,37297
94731,15986
90402,6642
76206,51348
98559,9810
88796,13302
85816,17434
92649,31414
101935,11388
105463,21222
87365,7950
95227,28613
93234,14582
85937,17201
101266,11968
99571,10253
85700,6293
107102,10604
89204,8486
107013,8946
89174,13627
105413,15193
97676,7170
97236,6592
103159,15400
86515,15018
95748,18315
103941,16907
86393,10816
100154,7624
96775,14552
85975,15734
80620,17835
91545,22859
90512,8880
98423,12863
98191,12652
92713,55350
106242,17942
96941,7789
91711,16181
93194,21320
84431,16956
106092,10315
77699,10360
107042,21729
94581,118928
94719,26982
103203,9749
90527,14910
105553,9893
86257,13872
108539,8333
80580,16275
100564,7488
107330,14914
91726,18727
102084,11307
87088,11782
106757,32003
77040,13003
83253,12563
87231,6305
86913,6750
100372,6279
104194,24723
91979,11882
82139,17037
82434,10426
95418,23830
76862,30227
76939,12813
86454,18300
98632,25248
77936,30383
85823,10038
88035,13103
90469,5448
77882,27644
91663,19460
84326,19420
107834,14017
102220,13309
105246,9450
107828,22281
78808,13845
87428,13219
83186,10782
83578,12134
76948,17299
78241,14741
79743,37412
105523,6548
90957,13800
100382,9996
76105,17991
86104,6229
101922,12839
76554,18060
106985,21728
85689,12523
85008,16251
91965,17674
76366,33362
86191,14924
99663,6539
96285,9430
104099,19496
99056,9003
84374,8938
106354,24267
93698,45084
96634,9036
84156,8480
108084,22133
87399,13696
105466,26242
80586,26436
92580,9194
101845,4589
84566,10621
90141,7069
108378,10858
98277,2976
95092,40717
104064,22825
107637,9551
97365,15003
96955,12874
95760,17083
95872,24159
96240,16718
88163,17834
100611,15810
78881,23651
101061,14289
107426,11723
84044,12439
104552,6651
94780,11636
91863,61650
100864,8971
81237,18637
82136,20022
95905,12629
106384,4468
104293,20254
81454,19385
107302,21873
104291,22422
82868,13964
97858,16141
105855,15010
93166,17470
94741,30570
90290,14719
89573,7573
78623,11664
98815,10673
108391,7830
84762,9475
91318,20108
79163,17943
95977,16669
85867,10915
88322,9739
79623,24562
98269,8974
99650,8743
107902,10305
105941,10571
81949,11752
79343,25910
107578,19292
99489,6927
85577,20819
96815,9758
101625,15490
77737,14030
104092,31920
100181,11460
104928,6970
98913,6705
91602,35543
83876,20859
89307,8997
94093,26263
90665,6550
89424,15206
89966,15758
87512,15632
93925,17560
92819,42571
93100,32194
84387,12745
102337,11178
96351,7153
84790,10240
82257,9672
99957,16017
88917,14425
95068,33451
84509,15846
91624,30633
97851,12651
88699,15430
100216,8956
103752,15070
86444,15137
96692,13386
99855,9365
80299,33432
106960,6647
97471,19047
84560,6866
102670,10067
89279,9741
101965,14341
97569,13888
79614,25471
91772,29004
85007,12177
106561,17795
75994,21936
79691,34731
89364,17372
78875,13972
107066,30054
81507,26960
95249,20596
87015,9075
91324,16878
76752,7330
102171,13230
101910,13917
103619,15384
100128,9059
79404,26257
93180,29753
98208,15883
79595,20834
80232,28468
80698,26484
77442,11094
89295,11059
107982,7773
104260,9174
107081,6840
84397,18765
76341,12698
105837,21507
87758,17643
89085,9650
85464,6219
108404,9863
87357,8408
96567,10913
106723,6261
102198,7102
97673,9994
94078,19849
107507,10006
97681,6321
80033,6776
86656,16850
77797,19497
107699,20067
86945,9729
105222,4037
104904,11982
79731,11684
79205,33492
94275,46278
83219,11511
93926,29059
77804,16765
84512,16624
77215,11004
95226,26289
102992,5760
98108,13292
80629,12331
98788,14406
84971,9293
97484,13053
87887,10332
104294,42136
84316,8967
105685,22842
84866,3580
108412,25262
83463,17270
105005,18196
94134,13203
87832,9486
106089,7485
90745,6912
93579,10289
77750,31295
101618,6180
101148,10322
91084,17499
87106,15691
89045,8738
100365,10876
107100,18993
89836,15610
90463,11257
95908,28813
105700,7321
93105,23822
83244,16074
97603,13982
93616,23918
94245,23408
90752,14680
99594,13438
93068,36218
88443,11056
92592,22630
99796,14930
101588,6850
89633,9377
99577,17186
97165,4447
95686,14013
79266,26163
76351,22452
87457,8293
90220,11624
87855,7414
79818,19339
91024,23355
97908,12137
101556,10661
89750,7904
107781,21891
94151,11315
103214,9929
89012,5866
80997,24325
90002,15514
88243,13572
77631,19601
76185,39922
102767,14305
96776,27147
107630,9963
97550,10666
91871,17246
84499,14479
94523,25053
95467,24072
91735,16320
89874,14376
90168,7549
76765,13493
92590,25711
100529,5260
99330,6214
92566,27773
85303,19351
108401,9567
107621,9169
80471,16269
85478,10870
78386,21234
105016,16854
76807,18378
85036,5635
85428,11066
85783,9910
88510,11241
89262,20642
89136,10646
77193,55651
88928,7367
85930,16834
93387,24310
87348,11162
106766,10733
94358,15443
81582,12331
87880,8515
80554,31484
103295,10426
86265,7127
85650,5545
78496,9731
90155,5605
108366,18267
95435,14557
83433,18262
97917,11873
80755,17008
106070,8773
80354,18339
98453,8063
100106,11960
90408,24660
83615,21179
82425,16555
101993,9952
94522,28595
84782,8587
108223,13140
96160,8914
98432,12794
105363,10357
100535,5707
86591,6582
104667,19871
90913,18774
88935,13001
104570,12257
83610,12552
92006,5179
86169,18307
82827,6656
86592,10656
87212,10389
97120,13515
77359,16496
104752,17968
97296,4351
76528,19432
94678,15841
92677,16576
79068,17156
79258,14907
85903,18817
85139,15827
93427,18710
83820,8801
77286,24977
99210,7155
87068,11425
83423,7014
104277,13049
90679,14842
87218,16226
85604,8011
81045,29721
99525,11003
102332,10004
81248,18895
94626,31420
102031,5805
99240,20653
104198,7594
103296,2561
105530,20797
77830,13125
107707,45440
99875,50785
107727,10056
86279,10774
78738,18878
77514,17390
83235,9153
96964,6339
95157,27317
84407,7138
107930,14391
100103,16156
97895,13868
96823,26653
85448,8373
99246,13703
100586,17166
84536,8364
79744,13134
89433,6986
93466,17377
80628,36726
105144,26311
87407,15658
106295,26298
84239,19528
89362,10767
85099,10866
88071,5659
87696,10680
102512,9854
95911,26633
85069,4359
77710,27635
106234,17943
96338,9079
76534,31196
91330,14927
99229,12141
79318,15532
87465,16538
85327,17803
85601,18016
84287,19268
99523,11027
85692,10167
101573,6304
97295,8190
106567,8282
76031,8735
96219,20080
103153,9684
91126,30972
106188,23047
79174,13793
102013,9394
104603,13065
94006,21721
108326,12594
78483,27796
85801,13422
93295,21791
107744,13850
100171,5385
106558,7939
100806,10701
87732,14719
96227,28011
92111,20261
86147,10552
89519,15957
95271,26052
95264,27924
102294,15428
81966,14324
103012,15388
106989,10506
96772,15864
102972,9577
96306,34323
108418,27313
78045,14278
88095,20414
107561,20742
81795,8036
106736,20351
89308,20063
92852,27963
79486,14027
102942,8714
104342,13916
92242,32884
107000,14904
101869,11495
103744,9696
92316,20306
100386,10244
93123,63434
79755,64036
103598,13075
85309,15899
99062,5976
106747,25099
86675,13646
78833,13073
77194,16117
100977,10681
80837,23077
89253,19133
99368,15617
82058,10422
88519,15672
91242,31330
80897,26112
80505,10256
77645,29699
100818,12432
101021,8415
80028,34957
105669,14670
105092,4615
85973,11284
101110,17684
87926,19236
102411,19595
86210,12646
106999,11089
86228,10799
89278,12690
85460,15718
100527,4608
88852,12412
105762,16866
100149,18785
80290,19519
85953,8096
81492,16254
76831,19344
106123,18924
81945,32420
96796,23510
83848,16503
76568,19539
84777,5861
85159,11671
86943,11733
85719,13599
90325,3503
102061,9131
77924,21773
85093,7976
101892,15095
100848,11329
98725,26374
83883,7371
90754,8173
83803,6573
78486,12315
82705,10246
81532,42085
108285,25684
83833,10662
98263,20087
87000,13420
80673,22451
78206,27060
105718,8022
93533,21854
92133,30165
91065,24623
87899,19856
98017,21526
99570,8057
85188,17176
101319,7270
100142,11573
100019,8769
96598,11131
81397,22565
89238,22437
95758,17710
91540,15811
88474,8471
83465,9016
103092,11181
84968,15399
77523,21422
93366,34770
90815,8090
86902,8606
98479,6524
81068,32033
93005,12419
79216,23775
87027,12274
97332,15456
76700,30531
92098,21866
90564,15053
85106,18357
107907,19912
84142,6511
76304,27234
83000,9853
89782,14504
76184,3652
107539,10828
78236,30762
82316,20181
106526,10190
94138,22381
87340,15478
79516,19912
77411,25506
86680,9943
95225,17486
92224,29291
94791,19753
102989,10221
80765,17832
85393,21310
104860,19238
102484,13172
103672,10800
82448,14310
85479,3084
94775,28193
98729,21995
76893,17552
88144,11867
92369,12534
80841,23436
76791,17836
91845,15441
86949,9290
103913,20605
85869,10615
76426,14388
85214,20762
95332,21261
85821,11145
79430,20318
104573,10524
105788,15604
104867,13941
106367,23421
108241,14842
76913,43010
78712,35299
87769,9409
80169,20833
102028,8254
102001,10975
107798,40854
80044,50336
93757,16936
104233,19876
84195,7441
84096,8135
82336,18033
90423,19390
81769,17027
79650,15809
84837,19055
106303,9280
98551,25936
100452,10426
81161,25312
101116,7814
93465,17607
92749,43139
86281,17671
95586,12015
78235,30056
102754,9659
100017,9229
102637,14645
98192,12280
96683,16172
103968,10250
89159,21160
77752,18671
78526,22325
108387,23198
78659,25260
77013,18129
106480,15364
93920,26032
92912,19001
79044,26596
96831,5748
83502,9752
99420,3899
93785,11756
83739,18776
87018,20642
93773,29929
101674,9382
91655,24363
104412,4577
91636,25207
91101,16001
102437,11614
96958,13982
83934,10829
83372,18930
107296,12170
104909,19615
103886,10037
98858,9832
86276,11724
98148,12364
107294,22697
81812,37603
77997,19192
104626,10519
102424,10135
84992,11287
86867,5487
93370,23336
90804,18226
76001,11916
85691,11926
76328,48167
79143,12944
91356,9475
93553,19290
93673,23081
108239,9872
99923,11538
81616,35695
94433,24986
99985,14139
79648,34914
91423,44626
96581,12955
93321,55704
89736,15158
82722,6265
76093,34414
82767,8996
101615,15932
96585,9755
81552,16069
89656,15507
76301,14590
80683,40771
95638,14418
78343,18324
81495,27842
78517,11865
91764,14262
87050,21819
102877,14062
86844,11297
94535,15413
80871,11387
81126,8968
77182,18199
89335,16436
99612,9799
89041,9452
104165,19023
79096,21387
76051,20208
99599,15177
107763,17032
106646,16173
88985,14902
107109,26038
85110,17200
96907,12927
106806,13530
105409,10616
105449,14974
104042,21773
101299,11628
102434,18458
96363,9697
93918,12283
80842,52096
91578,19556
90458,26687
82186,21960
99767,8353
96898,30462
77755,21067
82958,13399
89248,6582
93452,9087
81517,11294
77919,27154
97110,14673
107317,9221
106102,9090
93034,25561
103446,10872
82762,27232
77365,22339
86634,14814
93109,31213
96094,5045
108191,15462
82667,10394
87953,11866
79188,30426
84962,10783
88377,10895
85942,12063
88278,13702
77743,17955
98341,10613
101197,4810
102838,13118
86885,7304
87648,11731
78995,19227
81374,21448
83829,10877
86073,14243
82848,11039
101727,15611
89929,8916
108534,12115
80592,24544
96292,13428
102569,11797
84692,17226
84531,7899
100173,7533
90263,13176
88489,11495
83941,21408
96621,11528
88427,11880
86625,10440
82798,13842
86084,6928
93058,27243
98527,9565
99786,12413
84132,9823
101160,9875
80396,33163
88132,16376
82835,17133
82959,12127
97225,17386
85463,15483
96733,9248
91820,11559
105870,24417
83255,16000
78899,20057
99812,11123
85798,11695
85452,11892
84706,17980
104289,20766
94785,14078
96707,9751
92847,24856
96054,12578
77986,56140
103435,8959
97008,12687
81650,30255
76920,22434
100479,13786
78120,11269
84761,4937
95062,26432
83102,7433
103872,7980
103816,7661
85672,8642
102125,13848
86928,19308
82814,15219
93167,26023
97674,9095
107400,29360
92669,15219
78046,22998
85703,14255
104265,16887
107786,13674
83707,17395
76858,22840
94147,22074
87307,17971
90594,24771
91305,30894
83302,9875
86173,16871
95811,20558
79868,16054
105265,14486
107009,9406
107281,17801
98848,11831
84222,12534
98808,22926
94002,33267
83985,16291
107772,15426
86564,11549
105241,16637
101060,7572
104362,24856
77441,12436
92827,27508
86523,16306
78695,32350
81392,27168
104823,25010
93521,34028
107098,16021
106011,28672
97032,5605
88646,10542
82014,24914
88034,12770
90561,15159
107888,12419
106249,13338
94608,23348
78134,18253
92898,35676
97031,9242
85220,14244
104973,19685
104081,9928
89865,6085
91706,8825
86089,15118
98736,15090
83238,9876
104237,30408
106990,9198
93432,29001
85280,17612
79909,15387
87698,13615
106059,21566
91016,17137
80180,20660
90006,11931
78122,22589
99672,7944
102297,9846
76047,11736
106296,15037
79989,30528
100843,7216
89014,19529
90568,21123
79905,18677
90643,15128
100729,9743
97084,9765
100984,12218
91475,23705
105531,14476
78482,12081
83254,17523
85217,7593
102974,12498
80040,23870
96077,13799
89073,8462
79118,22496
107565,10685
93486,18305
84670,18689
81104,16746
97867,17601
92897,14190
96592,15822
97864,13245
83369,7981
100471,12032
87533,11031
93111,18042
99979,12711
103340,16091
104434,19353
78515,20125
82046,47843
100572,11448
96382,14267
97575,10132
76210,26859
96628,13922
98232,9659
92457,26958
103665,13395
107838,16792
81165,18924
97719,26058
80739,16532
77593,13169
84766,14014
97274,13981
77281,9983
90347,5739
77555,18334
103246,8135
78404,22554
107745,23009
77017,13415
107995,16846
80982,24345
93844,57326
83606,13974
86904,11197
102616,12533
81768,32054
81464,14435
103309,7581
92975,25021
96156,14441
87770,11309
99632,18385
89924,7683
77573,21770
102968,15109
77822,19428
77725,10087
100787,8740
78013,33319
94440,23471
83938,24019
81204,20449
76519,34810
82172,32648
103592,5901
102003,7180
104259,17829
81120,19298
106207,10721
86710,8084
94024,59401
88164,11818
86667,12922
98371,13687
102344,18231
83142,16060
92532,26537
98345,7535
94565,16588
106223,13310
104831,29826
96144,8195
106634,13015
90623,9396
91275,26484
91547,16567
86390,10470
101986,7309
102994,6744
85291,11493
97430,13588
106209,17720
94798,59253
104565,7555
93679,16566
93960,30803
90063,6336
80038,32083
106513,10305
77267,24894
91539,28842
77973,39679
95999,10473
78036,22809
106191,11581
77480,11830
82656,9101
93916,15240
95975,17475
81550,14043
103221,12142
84062,10536
81584,14053
99564,14485
100276,11362
81308,17065
85519,12358
80114,17421
83911,14355
101879,10630
106626,10388
89009,12309
81989,22623
88197,11228
93592,27405
103290,11719
96988,7056
106777,21911
88922,27959
78224,16453
79643,50417
100066,10019
99132,7750
100610,6930
89409,12786
105675,22335
93304,26548
87662,10278
99433,7245
100011,11118
95327,27215
90169,14623
103978,11342
95238,25923
96242,13044
107917,12180
92639,21129
88936,18733
102923,12990
87883,14661
82670,17454
104229,28329
82031,21768
94197,24883
93921,21413
96030,30294
106335,6206
80671,16064
86723,27768
79293,30834
97549,17129
91837,18807
86437,18441
107577,24019
88419,10244
80746,46904
82548,17889
102711,10469
80682,20247
93204,33839
99582,13746
93195,34235
89626,25064
84713,2756
103182,15571
96954,18404
81758,19240
91938,18194
92961,15561
89533,19447
86243,14035
104482,18294
83198,10702
78284,11774
101133,15371
94339,26482
88631,9762
84364,15409
104341,16730
84650,9633
91140,26147
88889,13494
98085,9894
78796,14041
80524,26003
81309,7621
87410,12951
96810,1626
89982,16701
87326,10455
79722,15334
86367,11221
105368,23510
92505,25957
103000,13034
85052,11937
76497,50024
105312,17578
89705,13214
104999,25790
107876,28264
76095,21402
96723,18859
91593,29919
85772,20725
107199,9362
78256,50199
78275,30798
87582,23315
104231,11631
90265,9379
81793,19240
90526,15053
99086,8088
92743,19257
95412,11897
91146,26735
95923,21134
76021,20009
92858,15189
90984,40215
79158,17488
90318,14622
91747,19262
96641,9585
76202,15461
101040,13066
78797,28549
84745,16444
76942,11560
78980,28892
96662,15837
107813,29289
93431,24971
86915,13363
105102,29949
104447,20630
83183,10986
78917,14384
99336,7433
86883,11664
104155,13142
89989,16378
80406,32113
103151,12239
101077,12527
80134,22125
79090,28657
93482,57174
87205,16415
81295,42434
89726,9007
107842,8628
100351,10314
78392,22515
106503,13327
103982,8638
89276,9493
83143,11467
106521,22604
100841,8919
76990,8842
108466,19091
94285,20164
76323,20717
90868,22613
100631,11001
76196,10663
98387,19604
107494,8942
107439,13798
101458,17987
78473,15090
107016,14351
102109,10184
76537,11518
106523,15818
86340,11371
102486,15076
98993,20244
79358,8736
79906,9294
83932,7143
95064,7352
108339,18347
90489,11988
107984,21018
108096,25772
98313,7696
79508,16955
94289,25119
104393,14458
108220,10204
104795,15541
93178,19733
106079,41361
89584,7527
102435,7261
91967,48143
107618,20333
86862,6340
87991,10527
83618,17640
90089,11515
90681,15145
85562,12008
102934,9309
78806,28978
104615,25517
101221,8415
107067,29117
101807,16339
85952,16716
99387,30163
106135,12865
90522,13681
80068,29857
95046,36343
93546,27506
97202,25048
97567,6219
79963,23556
84033,17020
86538,12106
104104,30335
98033,6133
91989,27184
102114,15769
102507,7972
104663,14321
90772,7081
102250,7570
78758,14824
101421,10271
86744,11851
98916,8445
86659,21502
79853,28436
102463,8341
103827,11905
106662,21542
97291,9699
108516,10105
101211,9980
94947,19580
87948,13993
83719,20316
105186,10224
97592,21069
79918,38615
78137,11139
78859,9773
86082,10912
96316,12037
80327,8222
81639,9593
76145,26510
76612,27817
99606,18780
101120,7917
98540,6332
99667,6424
81038,35287
77521,16753
83408,7406
86905,9904
85997,8372
77009,18435
103958,10124
90392,7689
94800,12003
84391,5717
94843,22368
85555,16183
101453,7759
86686,9226
101665,9057
101044,4835
84230,8560
88440,14262
103253,6982
102847,11621
94381,45197
94229,27443
76327,34866
97717,21512
101291,12266
81877,14682
88927,5982
77137,30369
105325,8711
79368,65995
90769,15700
101376,14845
88733,11371
104519,18452
79100,11438
85667,10077
91111,30532
84474,17847
102166,7328
96711,15434
103102,8332
102519,2221
92508,16956
79560,26674
79530,19556
103272,7376
86935,8611
88977,18349
92681,13176
91978,14186
81144,22388
98005,13598
82716,10947
83371,8168
95566,19940
87240,10606
105593,17459
85457,12130
89803,7919
107934,5283
94736,45750
92865,17588
89863,14066
101109,10970
100755,7920
99015,21662
98439,8737
84150,9763
87593,14701
83830,8793
96778,13403
93458,39308
103141,9544
78576,22401
84582,8202
84034,11187
79223,28523
88574,15165
95914,18148
91830,22913
76682,21185
76091,22280
86187,3983
80571,21035
78015,20529
83392,13729
82103,13850
93859,21940
76290,7841
86539,5233
81288,18030
103599,9429
90430,7817
89392,15479
98963,1590
88846,13145
90966,45716
97360,8335
82496,10296
96630,16093
81712,17017
105871,15887
90926,15463
81443,17361
98173,15903
90309,5600
92444,19613
80136,23092
95739,15941
89153,20653
76376,14444
80884,15674
87395,16994
85338,3404
103345,10685
82351,11378
94598,35921
103500,10487
90717,7207
79512,16817
82283,20140
85192,5336
81490,16012
94793,23656
97046,17401
78567,30843
106928,12905
102478,8003
99213,8313
101949,6202
102151,6329
82627,10840
90239,7055
91840,24387
93782,41734
97384,12337
108322,16883
97638,7616
101508,17512
77475,27472
106194,42167
76651,19007
104133,24552
99030,8712
81824,18171
83167,19972
92274,24592
86068,9986
78912,16764
88363,13403
97410,10731
77823,20174
98879,12610
77043,11375
93902,17841
82757,11989
90417,18680
86645,17202
105708,29914
79365,19510
93456,23544
104676,15431
92775,24498
103789,10479
98176,5451
101278,8553
86112,16558
90579,20625
102615,6833
97093,25444
84373,8362
97755,12626
100097,10040
80866,20345
84693,13772
103077,5096
93079,69627
97533,26157
94217,12945
106019,25032
107836,14353
84471,12972
94600,23461
94349,16900
95132,26211
104772,25668
92560,17245
101638,8466
100523,6092
82090,9629
95816,18457
88689,12623
82540,7517
81643,13830
104880,15397
84922,20235
97849,8519
107366,10870
89303,16296
76547,47229
105055,21439
104312,8857
106500,30322
91096,15067
92671,18792
95982,18037
105012,10969
108232,28766
84668,10127
104903,15289
86487,10408
102860,5305
93205,11935
78221,19448
91931,31610
81589,16615
106873,17850
89482,13607
98459,9813
97660,8959
96409,13516
101480,5146
105862,2137
90363,11335
96433,10308
76970,20791
96689,26865
88899,11966
87559,9272
92908,27577
105211,9328
96729,8860
95854,18208
93767,15110
90545,13456
84005,8599
77380,22352
105877,9970
104706,16295
89994,8573
90227,14207
89814,15788
102539,6211
87753,15042
102038,10934
76666,17545
86698,4872
97368,9379
79416,21272
85147,18196
80148,21311
96579,12628
89817,9501
86431,10082
103566,2479
89355,9863
97349,10082
92618,22565
98595,13539
87502,12544
107954,11667
81470,36267
79848,25139
96373,10859
79599,27995
101454,10171
92802,24730
82725,8668
81084,33642
90130,14409
91985,13615
79528,18769
86359,12834
95724,18556
102527,8549
87032,21855
78499,11922
107980,30159
91005,85507
100196,19246
102797,6734
77141,19830
92109,47977
96501,19366
83865,10941
79122,31666
87979,15089
93237,33962
99104,12553
95095,18551
89412,10477
77440,15589
84127,6640
103842,14067
89806,5623
98894,7735
88126,9660
92809,18238
106076,14388
80110,26717
95396,18244
103003,14946
80123,25640
82441,11987
89990,20148
92936,20586
82544,9230
91339,76436
103929,9882
102389,12933
91128,25035
89752,7542
76840,6477
96514,10999
98706,18035
107602,10136
103844,9638
76375,20924
80401,16007
79030,22154
105766,11026
83033,20728
92521,13590
90836,9473
99168,9211
86363,11542
87320,14377
88185,8808
79290,19631
88091,7133
83838,6293
88099,6843
82824,10213
94204,10819
107723,11538
93691,22841
99317,21241
107105,12817
106351,20526
82970,15399
107261,6325
76679,31050
79464,17271
91312,26288
80546,28630
89220,10035
91796,27941
106360,31291
83027,16667
81553,17806
79124,16813
82590,9085
107515,17655
87964,5752
79995,16087
101022,10169
78580,29057
97644,6644
87603,19234
85091,19852
85155,15830
78402,11408
92603,30802
79788,19964
107769,20941
105117,11463
94619,48137
76808,21123
89229,16751
102592,17325
84597,7683
77146,31005
98794,8184
100453,7768
84075,13535
92090,28394
97646,18416
84071,11162
80924,28881
91167,27411
92607,17325
99654,13738
108195,7263
95150,30744
99921,3844
83768,22503
106095,11567
79380,29536
106671,43369
91757,37555
84936,17984
77970,21600
103327,7646
102169,9294
103207,12195
81602,8447
79975,37594
102385,16384
80726,26961
106953,16368
92929,21172
96553,17025
79654,10056
95376,19432
96667,15679
83421,10545
107579,13932
89108,19325
79958,26834
101980,9155
85178,11058
100898,10045
94926,12459
104484,12970
80250,37042
79639,51297
84385,9545
98249,15916
94803,49983
99178,10389
99706,22287
82493,10548
105868,15833
98807,9522
95529,42873
93580,26010
91437,37640
87804,6286
92901,19853
77177,34809
78856,17453
84586,2052
85230,9073
83215,12456
78610,16074
100081,8238
105716,13871
95022,14520
94225,8002
106371,9358
76850,26618
108514,21720
80352,46951
87930,17791
103564,12818
79881,41979
86736,13376
83661,18546
98853,21454
107158,23057
96809,12462
84048,16575
90608,10346
89134,16342
99321,10047
82452,23519
80684,28322
99699,10821
88449,8432
76962,19937
105626,16166
78655,31517
97115,6118
94865,15293
85675,16264
96671,11632
93365,26959
105188,15937
97713,13826
98996,8902
98329,6161
96091,10524
101010,10427
87169,18031
83760,11999
98511,17930
94233,47574
92072,16620
79796,21307
97619,31569
84419,10771
101015,12910
81132,15733
105597,11230
99139,12858
93116,20020
97838,14101
76627,19711
81785,15056
97645,12066
78865,20643
92152,32909
106432,27394
81609,24137
85585,19454
79017,11866
105666,9531
97664,28120
84418,14211
102163,9105
99675,6688
82132,27635
89488,10501
95516,14779
88542,8223
81995,16225
81065,16046
89542,7795
87184,24501
87194,18031
101981,7187
105620,9113
99094,24491
101950,12145
93488,31781
79632,22463
79299,17064
85438,11368
91006,57345
78636,10622
98590,12813
97735,13456
103694,16014
97890,10974
87646,5941
107953,32626
103882,7885
77900,21535
101991,12258
90105,6278
106516,15972
108415,9427
78853,8736
98196,10601
95738,30797
89535,22027
85467,11034
100920,7089
97314,9620
103461,13065
104907,9965
92168,20669
98077,10959
80593,60568
76915,15132
106919,26868
95592,32015
105772,8786
95614,13874
92550,10754
92495,27504
84341,12535
84600,21124
92665,16362
93922,14751
88129,9459
82700,12878
94492,15732
100974,12380
106554,12312
107785,19500
107443,10526
105470,8427
99750,18669
94633,21300
99429,7361
88790,16218
104180,31399
104589,30817
106704,22259
78596,17921
102083,6854
84507,16195
94274,24867
92588,14270
84344,11752
99818,33589
76710,25723
107923,12925
100470,5931
102211,19623
90030,5318
90852,15080
90222,10119
105952,12232
100876,13790
98062,12774
100478,17089
85486,9491
98292,7606
86160,11029
82468,21424
76728,14931
97277,19994
107553,15359
100325,9666
91775,35073
104326,28598
102909,10843
82173,29211
96281,9238
92426,16053
97724,10093
84057,5465
91020,12657
100095,16705
81655,18535
107220,9578
91626,31284
108469,22733
94037,33847
83530,6001
84542,11533
85634,11034
91707,47681
81934,10370
94960,9086
105778,20890
83841,8475
77242,31355
104694,9158
89706,21093
88670,12651
102492,6298
82971,13060
87256,9056
84642,17474
107437,25647
94640,14727
96089,12444
85018,28736
106576,22399
104158,10049
98002,9414
108045,29188
105890,10192
103298,7782
98977,32673
100431,15552
81100,16252
85300,19842
77518,18579
76712,16435
87545,9109
86848,15878
77647,26794
92094,23200
78540,7907
82957,18460
82768,8028
95875,14578
80705,25279
76746,39012
93222,18462
84494,11006
97557,10916
104969,19958
92998,12475
75991,17965
78217,18523
79176,41439
83261,9377
81177,23461
89681,9659
96968,14634
82896,9451
108357,17482
103421,11047
87971,11110
87170,20157
89941,24194
104046,22434
88894,12986
82638,10465
79213,15691
92902,21731
79282,15347
86331,12850
76336,30858
96080,10553
86990,18387
87762,6272
80699,22212
84711,9358
95297,21106
92828,17303
77614,21290
106565,12751
96874,5930
77145,15673
80473,24554
89438,16421
98442,22124
106213,19944
101442,12479
79337,25377
106021,34658
88638,7489
77383,11708
88452,22403
104464,12635
82639,10881
87305,11957
93172,26707
98857,27243
90873,19874
99679,7747
78104,18599
77770,18101
91351,10380
83700,12356
80548,24819
81163,17330
84140,19056
95479,21687
91705,28127
97722,16042
88383,10449
96632,9434
76496,13028
79062,30360
103519,7436
87592,8152
97668,19550
77969,7652
97610,28526
93889,21382
87792,8135
95078,20927
87575,14880
78804,13040
84242,9708
83462,10652
102260,10519
102635,17220
104460,15241
100463,10506
77272,19955
82246,16998
81472,10676
82420,14624
91586,26097
91099,19945
103536,11300
105169,13206
93837,25664
93958,17920
86124,8329
97448,9096
83040,7641
104713,20226
101549,11281
96018,8729
91089,30796
105130,15519
84720,10146
97182,11882
81653,2398
87522,10288
92754,15480
77510,8863
94863,17408
108414,12140
102393,10565
81528,19882
78983,30339
98051,15697
93080,20317
92657,16555
108070,16429
96990,21404
83301,16350
88459,15159
80158,21694
106913,29076
91119,15622
85522,9171
87469,9262
89620,16450
106903,5507
104183,13517
107015,18218
89120,10876
80555,28752
107037,41655
83340,16989
86654,11783
76116,18867
108208,11102
99790,12564
100950,7802
105495,15865
85317,13418
90114,21730
99322,19922
77185,23345
99412,11452
100021,5055
106020,12117
85234,16249
90059,26943
106902,10232
106871,15134
97784,20142
96140,26329
103840,11593
99573,9371
81967,16078
96124,7305
80245,27418
90896,33133
100257,6445
76759,25580
87022,13913
90758,16211
94073,20637
104837,12906
103025,9531
91765,25213
88352,14835
83826,15831
106648,16316
102967,15022
88989,9892
90846,15292
90232,11748
95262,20059
80599,8823
93353,21062
100230,9941
104516,12820
76127,16691
99603,9460
87441,2996
98607,6529
101385,12351
84028,13620
99900,11388
97880,34116
103005,9411
99862,6782
84899,7275
76129,29754
107674,25113
79058,23535
103161,13654
77525,22198
89366,14956
76529,20949
78121,52652
87960,8125
76468,9548
104029,17310
78294,34836
93269,48066
76124,17704
107551,19651
103953,12478
103212,9572
77337,23851
94095,18413
95358,22682
94772,25455
99318,10756
96569,19213
91669,19165
95240,20326
79693,23557
83100,11005
85506,20624
93245,20486
81444,15322
95558,18748
105709,17172
80796,22412
97061,1906
91452,21993
88626,15360
92700,37326
80109,15500
103649,12140
95545,16173
96879,20959
94580,10302
88361,11444
78094,25525
82831,17372
76965,37795
89246,21877
91844,23766
92122,18973
98944,11464
101088,8537
107119,9852
91603,26892
83339,13266
105408,18783
97091,11177
93822,16791
96950,11985
106461,12667
79538,30912
81813,28254
92640,27526
107376,22900
88834,12355
98532,12014
94957,20075
84884,13238
80124,27466
92048,28919
90244,7089
90103,6163
108009,4755
96435,7283
89475,14769
86286,6427
100193,8666
99733,9646
100561,13555
98626,8152
89177,9569
80294,12175
79134,29421
78603,28404
108528,15714
79147,21345
78538,4755
105042,21102
93560,19089
107122,12294
107336,11811
105831,17039
92973,21605
79087,13792
86806,17286
98787,10255
99838,11301
105442,19184
101659,9735
95085,26145
89893,8455
100412,10962
78433,13564
90887,15291
87783,11510
105572,11083
84065,18707
93714,25590
96148,11765
83771,8936
84970,6296
88859,3481
104620,34673
83749,6934
90174,8017
93947,27034
91462,27122
108075,8531
79113,25893
88445,12567
81311,36213
100633,9560
92904,23771
83091,7658
104657,16811
82910,22635
92383,18125
93424,7744
79891,28851
98961,9055
81502,30356
99035,11894
81371,14036
87333,11299
90353,4976
93258,27094
102053,6852
86713,8161
97203,12587
92794,20565
84293,15802
91672,16268
87085,9508
99300,35915
81242,15324
77834,47037
86864,16183
108332,16105
93461,22508
85198,41500
75974,21137
78679,24739
97060,14570
89300,20170
97682,22025
86664,6923
85169,31556
82930,23126
104583,19828
107212,22805
78128,18708
101395,14111
79984,15362
106844,13816
76507,15603
87935,14623
81796,14928
92942,18245
87848,11022
88325,14600
91296,13665
103415,7948
99038,21938
101080,7160
102789,9798
84656,10885
85716,16308
90233,8101
91097,25868
104466,12838
85061,12023
92535,22600
82437,13784
104845,10882
99353,14168
94273,46584
84080,17126
90877,14860
77883,11547
106394,19956
103042,15134
105388,14834
93490,16304
102852,14759
101859,6968
108113,16620
77290,34894
80341,23917
84286,5843
96187,22680
100716,9117
99682,6885
89827,10542
82053,10522
101135,9565
78574,28003
82541,17213
94530,33579
107277,16417
88719,7428
95962,28488
89249,11004
98786,1307
83968,3800
85115,9398
79741,16121
81050,26137
106955,10479
85572,13218
80604,34880
106115,21713
76213,18130
92026,48686
91397,15652
105916,10717
100938,16374
102187,7907
87434,11705
99959,10763
83438,13690
77840,15768
100930,15661
94925,18254
78494,15481
102418,7744
77793,3915
78383,24612
84216,20602
82610,7371
97544,12755
92549,34561
80538,45600
90890,14020
100299,9643
89902,7171
105561,21358
82364,7846
78091,10191
86023,18186
79752,22496
106315,10308
80934,18698
78782,28482
76471,25973
87418,10277
76891,28554
102628,5072
89363,8822
89237,15094
80257,25782
102857,5842
76201,42672
104887,9035
102310,6665
78714,57589
89302,9939
87676,17135
90321,8416
85244,15123
101913,9140
87086,14053
81974,28962
98075,21192
80870,18371
81556,36058
94722,32571
83840,9414
100809,12247
77101,15325
102172,13857
86373,18436
77540,15521
86271,12935
77679,26063
99807,16117
79126,18432
86337,13931
87496,8495
83272,15896
103495,16003
107915,26601
82213,21101
99461,9682
85797,17940
78898,12798
86463,19033
108138,22113
88417,32013
78694,44908
99802,9239
100250,15376
83482,12148
104457,11838
101415,8910
101767,16765
108250,18685
89772,9092
91127,16878
102887,9814
90756,9418
107554,22944
103731,13237
92317,14790
86805,11824
91722,27727
85026,26685
77478,16479
82027,24416
102742,13766
80198,16680
94907,22987
106738,9344
99797,6559
106456,7533
82741,6358
79172,30252
106696,13705
82422,8185
83924,11653
90599,9024
108095,22185
91777,18846
95001,15956
80408,39302
87330,16383
103361,12737
89641,10183
90618,14352
91679,30167
96844,10977
94418,20469
97002,17970
79748,29526
96355,11411
92347,16697
81569,14334
106924,29657
85270,12890
99622,6675
106843,7583
80147,14311
102181,6771
84710,7472
85189,10890
99281,16942
101130,9006
91554,21034
86116,13005
106899,19691
84516,16782
105422,30185
76956,13240
84006,6545
81453,12541
104850,16301
90867,5386
97154,14494
102088,10141
96019,19460
100300,7307
86459,13140
99304,10630
80630,19429
82387,26698
91359,21911
79123,11583
103324,9614
101086,13622
97170,8138
91834,10107
85238,7415
81942,13452
90971,28382
87864,17651
95296,51122
91427,13607
93697,17441
107694,24680
77364,20738
102144,5131
83410,8910
101560,7421
84775,9956
103879,9354
103933,8660
76344,16052
82119,17288
102130,10318
85748,7785
93769,21244
101775,7258
94613,19268
104021,28151
98175,13167
98477,10385
78185,15227
81576,22937
84854,5196
98361,12947
81390,9467
80911,66440
89407,31866
95981,24481
79131,11707
96624,12981
85131,18790
76436,14140
94111,16861
101518,8045
76588,50169
82353,28497
96186,9906
92735,16376
87271,16636
88968,10075
84154,9830
93692,29182
89484,9490
92547,25393
78689,14759
102058,8513
102579,14790
105825,9910
96154,17059
102183,11161
85976,8301
98679,7362
89612,7498
107988,18698
83362,12477
94251,18196
97018,13138
90329,8698
104604,24934
83742,9256
99447,8896
82194,15663
108351,21435
105314,27179
97351,11158
105861,14050
83010,8667
91447,22947
87619,8535
91870,19620
86543,13536
91484,14599
100659,12853
104491,21656
100779,13240
100935,10151
82331,13510
105140,29641
96349,15592
82664,18987
104532,9813
91854,26552
77003,19419
85137,6555
94577,32473
85461,11346
77550,13155
99095,10337
91832,15670
85920,20785
79766,16061
103839,9436
98167,15913
96684,4902
106982,8175
93524,32086
108310,15731
106569,11459
98088,26581
78890,18492
81559,17650
105178,17626
90578,8729
82299,22576
103885,11290
77488,12433
96669,25069
78344,29102
79405,19168
94620,38402
96836,14865
80212,11897
95746,23600
77363,30148
76866,35637
93847,24588
105175,28073
90010,9124
104429,14006
91160,29571
78906,14842
106414,24991
86910,10528
105882,9720
107238,7714
77102,20863
76704,12630
87083,17522
79057,27756
83270,9851
80561,35893
88469,3091
78768,18750
83574,10516
76771,30169
98589,21271
93091,21136
108358,11034
94601,23440
76151,15521
87442,11949
93531,21065
89771,15502
85803,19009
93147,25819
105196,10020
76171,28923
90616,14024
100032,15608
92905,37973
95696,29541
88913,12788
101504,9629
92241,15433
99822,7119
87745,9636
105827,19454
106620,9297
93497,22892
89250,13597
105581,7834
91076,13063
83506,4805
100635,12754
91828,38776
76039,14470
80685,11787
97571,24972
87425,9855
91662,24031
105161,19737
81006,37250
82888,16096
78545,20137
102922,7000
96198,10107
92979,26048
105623,12994
82195,13050
76760,16408
79305,20306
107942,12485
81981,41344
100135,9947
84307,8082
92628,24246
103304,7830
89421,9795
103645,11158
77164,9669
88451,17828
76488,19294
92835,29117
80449,12479
97408,21593
99256,20389
86205,9064
101002,9906
93390,17305
101654,7525
90595,7892
94955,25147
93871,24736
82164,29231
99373,6556
90148,20251
83210,14120
81726,11708
78041,23499
106229,8874
84209,20191
92225,28649
91878,13951
97878,13437
77435,14949
91180,18889
100272,8100
94228,21745
80549,13809
99566,9660
85829,9592
102693,10002
83322,18189
96980,8568
101844,10025
80791,72612
107384,14678
76193,16623
88605,13414
95910,34728
101217,8053
94833,16353
80221,17416
104479,7405
94405,31653
93415,15550
82460,17955
83009,7920
85429,8424
106034,6444
88406,11250
81623,28359
93605,31778
103670,15573
100409,6450
107237,17842
101669,9785
78854,56396
94034,24955
101096,5897
98417,8039
76874,14806
94954,20248
83137,22120
94653,22174
87567,16457
78154,14561
84461,16078
85686,10978
94342,16239
101392,12297
84192,19080
106701,12407
104013,20788
82745,8432
103973,6506
90409,14583
90651,7820
87413,18345
102121,8466
92145,25794
107141,7030
83230,5887
78553,6096
83939,10016
104875,19251
78129,34047
80313,26202
85535,15442
108311,14589
102292,17977
89716,15277
77046,74468
97611,17417
93038,20446
80503,14463
79132,15017
103759,7587
78960,18770
97265,19602
77855,20116
97371,12899
94297,15316
95653,5406
95891,25827
81947,11336
79702,12643
76463,27133
98065,8457
77154,28669
77348,28018
80987,16920
92207,11352
92983,32438
80731,12226
86277,19028
103051,5511
82013,20436
78814,47353
80153,39784
94618,21898
80059,30673
105557,10259
78860,15904
84849,10873
96896,12176
88244,7844
105984,14735
82644,13431
90970,28753
98810,22936
85184,18212
93723,48365
105049,9731
88554,11440
94996,15323
107689,9911
81575,43524
106988,9986
89894,25454
81703,17095
90718,16292
99561,9323
81269,31977
103069,6420
88952,13387
95295,13821
106589,24563
102918,7859
93669,31180
86144,13555
98336,9250
96891,15096
98576,8916
86038,15688
87511,15997
83642,13160
99964,7089
82842,15490
101714,10716
99439,17718
108487,18484
88965,15458
86445,6435
85916,8211
85616,7817
90865,15888
88634,11513
108094,14735
82654,13788
81401,14801
85163,16847
97623,8810
79759,22115
108230,9570
77757,30581
83089,10517
92851,31517
80656,13442
86019,10429
100887,17056
78011,38313
96398,21228
85254,8973
95254,20151
102320,9765
88408,10708
106594,5661
83849,6689
79313,17378
95010,20887
105546,16613
81884,20376
106088,22512
100892,6115
84487,17277
78004,28033
97446,23483
93170,18342
83208,19265
88728,8463
91300,19108
98637,10821
107267,14296
89956,15945
77052,17367
94583,17115
91424,22581
104774,7424
93699,21326
102986,20229
94176,14652
95618,19250
81622,22360
91273,24301
102725,7800
90479,9706
79835,19115
78909,40202
99437,12087
79890,16611
77662,12461
90320,9284
76278,18092
80029,15369
95797,19938
95356,67163
101962,8285
85810,16383
93588,14221
85679,7637
78286,13865
105233,12633
98613,6177
101314,12345
105749,15550
106103,19943
96678,10448
85003,12706
78035,28854
82443,8602
93373,40613
99857,7518
82450,8145
96256,14372
95924,32539
81425,18699
87252,19307
100379,10475
106316,7668
85879,14583
108334,10752
80243,22886
84504,10944
106064,8067
96443,9332
99020,6808
85068,9244
105374,9217
101946,11170
92945,22024
79338,29620
95027,24159
81488,46248
87754,10491
108454,20362
91283,22757
106232,14998
78368,28418
101417,16900
81479,26530
94527,22939
76897,26670
84107,9373
103177,10775
88043,10747
93710,67007
87679,10649
84644,7472
79097,15367
98030,22053
95131,18772
83593,16552
82532,14318
101675,11533
85118,18449
100813,11897
88693,17302
85819,12044
104337,12601
102104,9181
107526,11292
85600,13365
81771,20034
98339,7545
81855,10527
85755,11317
87321,7235
101819,7925
101569,14245
94538,8433
104142,26926
93830,24799
82076,26197
82721,20467
88982,9842
85055,9236
101426,10605
101136,9260
91939,10766
104368,25056
81513,11286
76394,21644
92054,18262
94663,29851
106117,2580
92528,26571
79929,31757
81579,28440
107328,2481
105031,22349
100819,7164
87353,16643
77698,24116
77157,11982
85947,18448
92761,19715
101344,7625
76877,13396
95851,12237
84319,13051
93218,15483
83770,10553
99753,7419
82062,23035
78053,38343
83901,10068
89826,8356
104171,10422
83906,15485
86819,12954
88150,18074
85289,8178
100567,2740
105930,11684
107244,6688
85900,10633
83184,9894
97034,11294
82506,1253
81182,30092
78619,4478
86046,17378
92798,16238
86595,16396
103854,13556
108504,18058
77451,16371
76665,25525
103434,6421
82338,20241
105189,2459
94512,20473
97542,11591
83343,9601
77274,34902
83810,16017
90850,13479
79688,13949
104038,9078
100468,5840
81010,17116
80372,27729
95979,22811
89813,5510
96873,12837
87267,9945
83327,13889
92095,25790
84723,7231
101561,10081
77409,8437
76480,22605
97632,10776
91990,29252
98020,19279
81375,25795
81903,15457
107050,20286
84920,11623
108180,21205
94696,25476
88215,10385
93276,18952
80359,14321
88717,4098
99702,7913
86283,9583
100037,6140
93640,31643
104313,11403
84666,17451
93000,24731
77512,19737
85094,7481
77184,19376
91257,20741
103957,7388
78533,29730
89080,12695
98463,21611
89002,8263
87542,9440
88641,15639
97972,9137
76363,20203
93821,31531
93549,16382
86037,12031
79563,32768
100014,14600
98717,18020
87323,10093
101054,14903
84408,11791
82692,11302
91513,44278
92863,18425
90666,16690
76919,39167
91549,49543
90300,13362
106228,13173
101551,9351
105986,14575
78520,21232
94130,26809
88980,11196
76245,20668
96800,11970
79591,29697
94738,24528
103275,11231
82981,10271
102017,11146
85242,8130
106488,12776
80606,15879
100861,11320
93103,21560
83680,17296
95926,21938
84955,10605
102279,10267
90285,14763
86735,16581
89918,6580
100914,8144
90315,8499
98805,9132
81572,36245
85263,5593
91962,12092
86328,20921
79610,24264
96570,1861
100929,7184
107784,21467
94269,14017
105574,23308
76572,14463
96249,18361
97897,13554
77625,17093
102369,13554
84079,14428
77866,16136
83806,13190
107540,20179
103244,16271
98859,22862
96719,17869
76235,48068
76348,6997
94323,47994
96314,12343
77439,15545
88588,11940
89516,14148
92199,14737
81669,28213
93600,26209
105605,9791
102501,9972
105250,20073
103132,15259
76914,32925
103063,8242
85636,20712
95703,25728
95014,14640
91855,29465
89326,16700
86878,15614
94159,26981
98939,20431
106603,31325
97683,13442
105057,13920
82551,8577
95156,17054
96663,10946
103966,15114
103721,9722
104581,9650
99601,23738
76271,11686
106578,12137
105436,7459
96180,12193
93214,18799
83950,10049
87436,7774
78008,35144
96396,6847
86423,17113
97519,16706
86137,17341
94515,16400
86264,8679
93856,13923
89370,28528
95869,28444
108411,15345
90193,12166
84817,6482
100719,9197
82801,16969
83103,19458
103950,7674
83927,14555
96442,19147
92599,14166
105284,9512
89963,14608
79117,15647
94001,11695
90520,6261
83344,18163
104811,25716
81567,4354
102778,8449
90439,20851
104220,5487
102961,4066
97588,8879
78049,7125
80076,15566
83466,7589
81941,23409
105786,15680
91443,17927
99961,13477
96323,8357
107235,18868
108199,4739
93938,28172
82727,19383
78548,30136
90362,15483
92257,24207
80015,15920
93724,32446
88826,15347
80051,3174
90219,20740
83727,18594
90139,16921
101189,8238
85435,16978
91933,28787
95135,10160
80576,26709
97289,13331
90225,16034
77958,15086
96218,30973
83747,17403
85699,13189
92682,59857
92129,41994
91533,31103
86503,10080
107555,19193
98751,25540
88145,16627
104214,20298
80027,16322
94594,20284
105978,9351
81202,20056
88343,17505
96928,22549
89639,9082
83427,7207
77241,13524
76837,20824
105316,27425
80915,9910
78226,20194
98367,15749
99268,10341
102336,13818
99355,8594
92728,25600
105261,23405
86321,11711
83913,19039
76582,9299
80624,13149
105804,14755
101229,9358
104782,9919
91859,45680
81892,22009
104257,14941
89995,26549
94721,29047
100123,10546
83121,7923
89621,8782
86608,13557
106922,8918
96146,18431
108383,20614
81554,49517
101538,8688
105248,13063
81033,23485
107312,15193
85588,16229
108227,9875
84017,15940
101028,9924
93019,27343
84359,7373
90602,8048
102834,7182
85284,10670
78749,65595
96892,28193
89640,9850
102773,15479
105779,13353
108453,18417
83162,11282
89704,13027
96488,8400
81546,22058
82108,20817
96784,9341
86526,8252
81220,31725
97126,10828
79954,25326
100182,12761
87058,17557
95026,21391
96334,13471
92636,19868
89131,9450
78145,15511
106255,12115
84691,6725
83425,12481
91526,23870
81170,11038
93766,22430
89183,12873
87644,18365
105559,44797
91968,13933
107198,8890
97030,7256
96512,18687
106506,10010
97240,12388
98164,4470
79782,7988
102498,8236
86052,8333
101070,12587
88461,6248
94238,20768
97040,8293
102861,14258
81516,46375
98512,6863
91654,27257
87837,7500
97950,18016
91492,26025
86374,9266
103671,6846
99254,23128
96920,19060
100733,9884
101602,6578
101809,8657
93626,37456
94707,25370
84718,6259
77357,18979
101735,9517
85009,9274
98213,17862
89068,6625
76270,16752
84608,17798
106582,9962
102112,16090
79840,16386
102362,10152
102074,14760
78050,21175
91002,35782
91648,17761
90182,15121
101732,12212
108023,22480
94586,28655
91189,21174
95199,21394
78510,13672
92551,13529
92368,21198
83335,8023
82609,4954
83471,16002
89455,9289
84982,9228
106978,28983
96399,19254
82526,13451
86743,11228
92104,18224
97862,8797
99211,8642
99118,22386
97657,29484
80627,13337
76293,17553
83108,7337
93728,20046
108295,13557
87957,9750
78627,23126
103227,3445
88115,10194
89694,14438
95755,42205
100889,10101
76859,11669
80975,20462
104878,11428
105859,23571
93283,23113
76217,15412
90731,16356
99826,14133
84180,12383
92500,22397
81956,11735
100508,10182
78336,11669
98694,14453
92486,22830
77134,18748
94264,18132
108210,7031
98310,17672
76260,37009
89623,6696
101737,12241
97665,7933
86041,16902
86653,10596
88423,15195
103407,14919
84654,18533
77143,30325
106392,19214
86347,13639
107230,9948
103693,9355
82765,17575
103894,12201
105668,12621
94216,9667
76250,31942
102466,5902
91919,17094
99138,21291
102850,16006
79094,24139
84552,10345
93668,19889
93389,16123
84312,9831
79379,20746
98739,7388
91448,39374
89834,8071
105359,8749
100267,12060
89101,17650
76904,21726
76664,30542
102621,2367
82337,24925
94266,26546
84994,17011
86246,12552
96923,10279
107661,19114
92401,18769
96296,13903
85114,11523
83081,9605
84948,9000
80292,13535
78938,14815
79942,20005
80899,27803
102476,9970
90589,13921
89944,14121
106241,18551
99835,17440
98665,11650
96516,5991
79065,20977
97070,14766
88721,16587
100311,12165
97912,5535
101514,8762
91763,19735
88488,16830
79955,8846
105677,7608
99297,5942
77377,10373
95552,15369
99704,15050
82097,49251
77067,7886
93326,15419
98258,6146
98900,19993
101474,10378
91945,13064
78816,33286
95208,10704
80788,18116
92446,13035
81929,28566
101068,13493
105116,9337
96828,11453
102272,9662
89347,22054
105201,13628
94146,15942
105641,9824
94416,37692
89152,15135
99500,6286
101711,5552
88178,15824
94259,23457
90380,9952
80659,46256
94687,17186
100447,8817
80895,13588
91806,22198
82758,9812
81850,16682
85521,10320
92432,19423
78318,60835
98804,13701
84403,18456
100979,13493
80559,17528
104553,20510
90570,11394
108278,24730
107134,9471
84351,17162
105418,9188
93910,19943
98231,24689
100789,17009
101332,14742
105715,9396
82170,10712
101526,12409
89070,6236
90429,15413
91152,19443
82374,49330
81668,31236
78914,20206
105239,12904
107483,19496
83354,13850
105252,11632
93977,19008
89807,7861
81551,32357
86311,12075
85966,11620
83878,18239
103342,9935
102398,11669
77021,50046
82755,8046
88635,7635
105457,12150
106552,18963
102641,14294
77582,23435
95453,49889
78388,10833
99772,15956
77990,11531
78944,31835
88290,13737
90011,5548
89540,14029
78904,27723
91379,15793
105750,10698
95603,16373
92481,15054
93463,18174
88974,12473
77787,21628
101389,10960
90559,33771
90421,13330
107190,24606
87506,12335
101147,13946
78096,30054
99840,6201
89677,9630
97991,8769
103556,10495
101327,9753
108008,19791
107752,17856
94554,16977
96408,26377
93573,27616
83674,10457
104503,29091
93082,21392
101841,5816
85143,30735
76781,11244
102153,7878
97411,6410
101676,8956
103176,11856
80879,27948
79695,16680
106987,16175
89095,18682
88707,7846
79935,14318
104678,9860
78644,10673
101947,12609
85390,14638
94121,12555
80525,28218
92964,25383
81982,26702
93804,19077
95574,27412
81710,16940
84452,17815
94410,20599
79137,27154
103270,11659
82736,4654
106741,19017
77630,18430
100426,14644
107231,10330
101001,13715
95067,17349
107197,24427
83522,11141
80239,9193
106389,20010
99072,15455
92779,24974
107906,21656
81289,4664
101206,7111
85646,8948
95202,26013
96423,6345
106597,7126
97601,10085
76974,53083
80171,27797
78391,28855
101424,10971
79548,31862
99083,9789
96204,26215
93318,10400
85745,18293
79531,45734
106411,15955
88431,13476
79827,14680
80860,22385
93114,30500
89031,7407
105755,18107
81286,10226
94641,18855
92196,9532
103591,6975
80497,9885
89672,6705
80800,21538
102146,10578
106675,21871
76780,18503
79880,37751
90306,14622
102271,9140
82996,9730
77929,28982
86610,13136
85316,11725
91134,12357
87377,9824
102946,13421
105420,13846
78375,25675
81157,11011
93430,20062
90671,10160
98881,7695
107152,12989
106056,6566
86256,10350
88692,10132
98622,11262
84068,4058
85863,8261
104131,10825
94296,13587
104177,7925
105126,8043
93360,22604
91059,24797
100015,9856
97027,10001
106300,28100
83539,14406
87099,13610
90692,6584
107313,14224
81341,56150
82901,11034
85576,16529
98646,12913
102552,8201
84874,15773
104768,10735
87768,6831
93342,17436
87241,14774
103615,9553
98526,13856
107464,12571
83357,18619
103171,8267
100341,10667
104547,9712
102882,12250
107531,19448
85433,11067
78435,17553
106094,19103
92625,89577
100319,9893
95937,27854
88915,9549
87681,7235
92428,5971
85427,12740
105372,10076
82482,21484
95178,18543
106881,9303
76562,30394
103710,10030
89109,6428
92522,29408
84821,18371
80597,27296
104040,10573
96115,8552
82818,8859
90316,16019
94385,19614
86823,10248
84842,11973
102995,6912
85397,21865
81427,13287
102461,14963
77422,31158
102354,13711
91822,21242
87427,9771
105450,20382
94789,25624
106631,27099
97004,13687
100826,15014
97915,16141
93253,31536
85776,10362
105562,16291
77560,16510
82659,9577
89531,16872
94076,20090
98457,10907
96163,22823
84779,9979
104551,18772
79934,17256
84896,13277
99393,11159
82051,16668
93247,18091
86929,9700
106943,10659
79979,24974
80912,22839
105006,9119
94368,32161
81871,23406
90338,11309
104271,9882
89984,6517
105122,9949
104308,26342
92941,28815
87433,24070
96289,23764
89130,10492
77233,50144
96895,12618
90364,12021
76283,18800
77689,23003
98366,10055
78025,23245
96644,12274
80641,28233
80271,27297
99003,7687
79756,4476
76981,11094
83320,13843
96797,4856
86350,11332
107535,16555
104370,7505
100740,11099
85851,11357
89132,4804
78746,25570
88999,16714
96416,17771
88921,7408
101078,11954
92447,22674
77960,17629
106799,14594
99888,20676
83252,17350
78645,13761
92233,19302
104026,7761
85148,16333
107726,14032
93331,21951
106236,15958
95282,15937
76222,25799
84158,5429
81857,41673
94698,16948
104680,6929
104366,20927
82562,17910
89753,11589
101937,13708
76600,19249
102683,5388
89245,18768
99902,11847
106525,9697
80738,34155
107909,16023
105939,15670
92485,29125
105128,16958
103147,7172
96539,7722
99656,7850
89755,18079
88400,12779
82968,19185
103521,15453
94755,27338
82278,27567
106205,8010
102677,6711
103577,13065
88365,12882
93543,15469
103285,11145
91445,52488
86676,10095
108086,10549
97671,12422
85193,12728
80220,40009
107824,13898
87246,8851
85080,9260
85470,11921
93453,27970
87214,9212
99010,8807
77246,34939
81671,14866
83651,11272
101085,5420
86961,10010
99154,7210
85563,11436
98972,19379
79331,17698
100112,10866
92540,18392
102135,5837
104980,21823
103442,6872
104320,12315
91208,69691
82486,22288
92052,9674
80540,17025
89228,13211
98960,12004
86821,16184
95220,15627
104196,11936
77934,51098
80965,15032
80864,16790
90303,14814
100396,11730
98226,11544
107713,8475
82199,24444
104715,28035
103412,11256
77224,11546
79149,19315
79332,27787
100094,15479
76280,33423
104668,26119
106239,11425
106918,18162
103738,13897
99768,14831
99895,6664
88553,14169
106781,12095
104339,23650
88198,8205
77024,12300
90492,14828
87383,7766
85194,6726
100821,10149
86207,8918
80736,11832
85035,6451
77847,9383
102444,8419
101635,21463
99639,8089
101365,6698
106612,24597
89655,12952
96679,12116
107353,35857
101805,11003
81804,18979
106783,12130
101047,13811
76164,36541
106524,7819
104745,9751
88874,11543
89206,5118
88602,18534
80458,25278
85756,9668
100972,6914
79897,31639
85913,11553
107705,23353
102659,7504
101994,10639
104004,10389
91171,50128
100207,14392
101431,7211
92034,18582
95470,31629
79276,29117
101893,12788
91522,28624
94047,20445
100620,14064
97405,10831
89277,12037
102728,11541
95665,56415
93861,14918
77779,11553
79844,18735
102549,10909
79764,19780
106543,16476
90127,12650
78759,18080
85232,16484
103173,13218
77690,11884
78669,38468
77821,12194
96869,7845
99426,10599
86596,11337
102352,7526
88825,7873
82595,19456
79408,23215
105771,20568
92499,20850
82744,10392
104310,7168
82965,11777
108492,20018
102748,7564
105549,19519
103794,14962
87574,12295
77090,18447
77729,27442
92854,19220
82724,11737
76843,7645
95714,9394
85077,17339
100035,4601
76694,13005
86970,11557
93243,24541
95700,23405
103907,11290
105698,15301
84320,11516
91561,22714
100459,7321
106398,24798
86911,2154
102905,11826
103009,6268
76287,14503
106832,10759
107240,21407
104164,8658
96561,13388
81823,9264
82102,21643
81420,28856
79102,21593
92252,18807
91605,23686
94353,25996
76883,15995
79941,20451
102977,8160
104975,26541
86138,19532
76309,21113
104976,17207
105819,14299
103115,7419
78958,19654
86851,7410
91889,14872
96977,21298
98888,10381
87642,11349
96835,20748
95915,28806
89880,13689
86974,10792
80793,12910
95773,26060
92664,10340
108423,13236
88073,16572
97731,19068
92705,25278
98275,9317
106563,7525
83216,10664
108252,20891
90052,22290
96839,14726
87847,7707
101778,17343
90493,8948
84236,8073
94651,29316
82828,6181
84570,14802
103560,6500
105414,10645
82874,9584
94023,15657
99936,8935
97927,6192
85922,18217
92409,16609
102547,7559
98620,7786
77418,27219
106846,23164
90794,17858
102848,8368
77668,20121
87057,8883
92125,47663
89356,13706
93931,17678
98496,8125
96762,11460
77603,16537
76242,13124
77854,18597
90496,7509
89873,7820
81047,36945
81482,13649
106630,21032
102807,10232
101397,9957
103459,9890
78508,35059
87042,17035
106348,21421
90653,6456
76159,21839
87944,10413
81531,24901
107875,7290
99542,13287
107359,19816
104564,13527
82560,12915
93591,26967
103234,7471
108458,10444
79888,12755
76419,23755
106649,12396
90004,7926
93201,34316
97558,18269
83097,13965
96492,5387
78413,8858
79076,15109
87061,9737
83665,13080
97131,12399
102075,6911
99331,7897
82067,46421
85459,19134
94510,38600
97875,21698
105176,13382
89196,6395
97424,19971
92886,22174
76660,12231
81181,17314
93133,13553
84390,5821
107413,24053
98681,10725
86318,2695
80893,24684
106409,22852
101539,14539
107735,13809
103362,6865
95493,29287
95573,24233
81435,28619
89730,13571
104812,10388
95540,15273
105693,9296
99879,11377
105045,10003
95556,24660
105209,12028
77262,34149
88746,12660
106257,31034
86665,13690
99714,15812
86308,4251
107814,12327
104110,15091
107020,9940
99899,7547
87878,10338
107898,9504
91803,24811
91708,27455
88131,12136
94236,29080
94787,39439
88426,6220
82052,21227
81430,21116
103458,8138
87322,11019
88030,9765
94505,30787
80104,9944
92324,28272
93393,17702
101185,5421
99944,9458
91381,18539
102720,8339
80107,24673
93006,30429
85248,11496
99068,12539
76834,51677
89377,11576
101452,13801
92548,40166
100658,13484
98383,53318
77915,28810
86268,5418
80304,4209
106680,15472
101132,6675
90092,24927
100329,13828
79943,13874
104189,15074
107250,22287
105088,7896
88824,17994
89166,13293
78748,16217
80118,19672
106238,31508
105638,9222
94974,14316
78384,15663
93451,20498
98422,7457
91430,38651
77519,20906
96946,15937
98391,6321
102809,5663
82926,10111
79108,22818
96213,21220
89205,5356
91600,40876
107292,24617
90688,11148
98776,7347
79778,14776
106834,8376
107835,17048
99788,10933
91133,24461
82747,10854
95651,18560
90035,11951
92821,13274
93614,23017
85993,9296
94616,16507
97987,11782
79300,19995
98588,7433
83355,8819
105664,22364
106502,21373
77235,24147
101503,10025
99569,27570
93332,23904
103565,3232
98223,4127
89090,11393
101490,5099
89428,10401
82555,9410
94744,19557
97092,8660
80994,23903
99486,8640
88556,11673
105789,26681
90968,13905
87386,10889
96239,10508
98412,8646
107073,10963
85775,13200
103494,14789
96232,8541
95146,19021
101493,16652
108369,22616
94214,25768
95377,21514
80081,13860
81186,14176
100638,11518
79228,22001
83296,16672
78663,18578
90474,10958
99746,10884
80600,67586
104132,15041
77292,10488
104314,12382
92563,55679
81135,22463
83199,14223
103083,7221
88165,6893
93492,7605
80502,20233
87640,8642
95862,23229
97106,16116
88353,5682
99443,16516
85914,7790
102522,7797
94035,21549
82309,15282
103845,14896
82955,6888
86039,18444
76890,9895
94862,22010
89261,10543
95261,30909
76543,28220
93805,17556
79387,27716
105256,19031
103632,14054
101647,7774
90779,7816
83004,9341
82810,5705
89851,6613
95583,19635
95318,12080
96740,14468
89999,6682
101586,6816
90205,22292
100202,13492
95896,16477
78190,22777
106867,12043
103122,6671
78800,19047
98137,10357
104071,22511
80969,16505
93695,12261
79235,14578
100233,8418
103673,8424
82811,11020
106273,22359
81714,12501
76623,17125
98396,7295
87067,17486
94615,30267
91380,28397
81368,14894
100189,16331
83055,10512
104726,10770
79494,20710
86895,7376
104253,47717
80451,31953
81633,28753
85761,9231
76040,16621
86749,6637
97161,20344
89492,7475
101063,13304
102557,10857
99966,5842
93615,22095
79812,13852
106083,33435
91688,18690
93348,14088
95861,15479
84278,10580
76892,15850
86674,9343
76138,14107
104974,14638
102421,12607
82617,16407
90307,7780
92258,21160
90255,21403
101498,12277
80567,13676
95321,22761
86671,3589
89272,10750
78823,5817
95185,22909
98753,7490
88611,3403
108390,13780
105366,18921
80433,20706
104145,11574
90881,15146
82596,9067
85279,11051
105968,12940
84463,15942
85840,7866
78708,12857
81642,25136
88004,10519
97345,25821
106927,6630
78351,12745
91596,30927
98390,14534
80145,14774
88364,7160
88715,15994
100449,11547
92076,29384
102573,11568
89983,11950
76338,24932
78076,18589
96116,12718
76662,19379
94194,39725
105200,5947
95232,15080
85705,8127
81683,6158
92007,39663
101156,7895
96857,8907
91201,20284
77066,8905
94938,24939
82691,11498
108279,24286
101317,11238
91872,19807
92517,17905
76176,15876
98840,21682
96297,13115
105077,14893
108306,21413
106837,12833
80906,10268
85979,17811
100004,10314
108473,20154
77203,19176
101523,11550
91769,22575
95403,24945
83930,9237
95272,27943
107063,16839
105033,7676
105705,12647
80224,16665
98468,9151
90993,22092
89413,7033
98561,19612
88199,14248
95082,16181
96647,7386
80307,21313
86717,7205
107754,26510
92740,19068
89653,8954
83458,17606
88918,6519
80859,12540
76830,33521
92727,13225
82512,8403
94918,31564
96158,11472
97812,31626
102820,11359
88655,10408
86512,13200
84814,16726
82832,18896
86946,7821
102885,7859
86598,17035
76927,49353
83377,14747
81917,28295
92972,22508
94932,16641
76026,39056
82383,33570
95697,26167
79489,27366
102254,9769
95248,30603
99438,7519
96002,25101
107266,13994
98233,9605
87721,12694
76462,49490
101352,7256
89118,9425
91908,23468
94169,20763
105347,16776
93347,20613
107981,18677
104698,12513
87678,19326
78945,11120
106051,11047
100768,16954
78915,29283
101837,3348
79136,11299
97035,8109
78591,48421
95969,32929
84208,9235
100228,7622
97687,10722
87591,13958
96149,21745
87736,9436
87550,3498
102052,8091
78827,34253
102402,15409
79412,30199
77865,47380
107971,8359
107469,16079
97612,11533
108451,17000
91741,22830
97524,7417
88979,14042
87740,15750
98817,13363
93862,18779
99648,17055
76643,15778
107633,17640
91213,25353
90869,21218
85444,16473
104383,19747
76870,21463
79279,44912
83999,4979
98596,8048
86831,12672
78863,32207
98360,7052
100096,11891
104448,7574
90367,9267
103277,12651
103728,10060
84370,9682
89978,8473
92359,15717
90135,6641
87969,15455
102318,13131
76607,25166
88481,11728
98436,21388
92888,67298
106269,9756
100538,10678
106326,11244
82449,5659
91142,19035
80150,22528
106004,19387
108069,16265
87037,17327
101280,7591
95763,14006
86504,12038
81964,22087
98685,11021
103215,12847
94922,36744
78554,29282
105764,10425
87972,12104
84358,11931
94964,18855
103241,10493
86647,12553
99158,17962
85420,10495
78077,26279
107422,10402
104022,22552
79737,34802
80207,14518
80967,19665
104178,14912
81030,18481
93015,19194
80407,21980
87649,16566
76690,17583
79789,21683
82746,7789
87159,12931
105962,12343
86711,12716
90644,6038
85786,10533
107631,21325
99617,6958
96261,21569
103524,8053
106761,5040
85261,12505
82784,11146
79866,10516
85332,18946
91102,15204
86628,18417
79673,31361
83347,16147
94145,23439
106036,19137
82287,14336
88789,13342
79618,28896
94133,20234
76165,18804
101369,5803
89387,8222
76789,35499
107309,11361
91783,26499
101897,4670
97745,18358
82133,43337
91614,17736
97308,10203
95044,46784
80363,19112
87137,17337
80900,10128
81525,28671
86772,10783
104784,23822
76211,32949
88180,11113
107375,20071
87142,8344
102944,7114
99258,15620
80209,15171
81591,15390
101494,9692
103703,13306
84613,12074
81070,22235
98675,23476
90638,6263
78215,20016
104188,10238
79525,27690
95362,21147
95717,8995
106872,25570
84301,12331
81601,33013
86575,9202
100108,11001
98140,10608
80480,16685
105961,22014
88147,7656
90426,12479
92503,23687
91066,25846
103976,10580
78267,21117
99535,7858
87776,8342
108501,23731
102285,9799
105946,22726
107799,14766
90291,14485
103617,11329
97086,13613
108058,17155
84663,13343
83054,7277
80706,10247
84885,7865
96741,9560
89018,16790
102962,12400
107208,30224
87254,9102
90928,33794
107211,14540
104636,14583
96902,22080
92953,19021
107082,26771
87483,9926
81493,19500
97521,6727
107168,50552
94004,26319
87794,14379
99172,9740
78673,27170
77673,51321
89569,19476
95130,11111
82941,13296
106278,24488
92295,25375
100500,7058
82192,46139
103583,17035
76059,14150
105499,7354
107083,12529
99563,9240
94951,15408
103148,13788
91319,14719
93386,23414
76109,10018
82945,6888
101785,10464
99381,3615
87060,19917
95211,30531
91694,21766
77173,48029
82094,13434
102120,13451
91721,13407
88100,7795
101115,16177
104595,10388
90098,18491
89595,6164
82269,34117
79900,20314
90360,12637
102462,13605
106639,18289
100825,8531
79579,30765
97198,10086
78303,12820
87680,7104
78160,44853
76168,30878
88329,18856
97416,16858
93159,62324
91927,20109
90611,13459
78641,33841
92598,21049
94425,24103
91168,21147
78734,23030
78005,20917
93001,32550
101473,13657
81076,40417
89625,7580
77610,8677
99909,14611
84285,5130
87146,11836
106204,22281
79047,11114
101371,18273
83269,12516
79251,13765
83976,20810
102684,6711
97327,12355
103469,10518
84299,11152
99272,13952
89489,7650
83325,9926
89423,11453
86724,8093
83802,10150
92419,47012
104989,12141
83670,18082
90400,8053
107433,19009
81641,31292
103722,12391
86632,11219
93036,18870
94398,16635
84906,7684
81280,25447
104075,13997
95998,24583
100993,9373
105404,20493
95615,24427
88828,8420
94230,31185
97101,31165
102266,7222
95269,10639
87008,16748
96384,21169
81461,27140
92651,45828
83997,10620
100143,15333
86721,18056
107348,13160
99221,9608
92846,21476
101042,12851
76663,49223
87986,5772
92959,16449
86076,9430
76987,12191
76842,22859
77966,12552
86599,16289
87922,10053
90812,6135
90897,16926
86531,10688
83583,9887
81256,26125
80343,14429
102122,11123
77334,34839
102222,9797
93883,15813
101876,11464
77602,16565
88598,13499
77524,27842
96783,30292
108041,10882
93694,34779
96258,14565
97398,11383
84225,19251
86415,10208
90604,11097
103848,10128
81012,11759
94703,25913
107406,10617
97842,6150
106706,9075
81667,32723
81092,18666
97523,19154
77107,28912
100699,5943
86969,1350
100917,10611
86251,9655
86424,18137
79990,11713
86382,12067
101613,7625
78397,15520
80111,11196
88021,11521
76832,20180
78935,13764
100446,12219
100621,9396
78399,11752
108515,20489
106023,10931
93721,57190
83647,9599
94136,26558
95847,22982
107172,9479
94458,48496
94175,17015
92726,24431
80910,39423
86869,11592
81258,18054
84340,15169
100324,5821
99428,5549
88878,14757
78066,50651
105935,19480
87309,9501
87656,9661
83790,10835
77893,6770
76055,19409
99688,11955
99661,9231
93173,35226
89291,7667
107766,7272
80369,14404
84448,20335
98481,6244
96477,30134
94818,13782
106708,12303
77786,21248
77244,53319
91199,18044
101108,7355
78967,16074
106914,13857
91647,22018
91411,28542
98766,17456
105906,8595
104682,20105
78615,37793
85253,11378
103137,8044
94662,23303
104640,7321
97535,30621
80168,35818
89005,9503
99876,18790
88741,9876
88333,14007
79822,14237
108292,15574
106845,14261
92167,16096
91226,14227
95206,15179
92166,39095
102963,11745
79527,48896
94552,25003
89210,9111
78573,21921
104073,10789
98520,13221
77491,47001
103333,13569
80090,24263
98666,8833
86798,13267
81728,16254
81606,10904
84372,10950
105528,9804
107436,10224
89038,10458
102983,17393
83135,11947
98165,10144
96159,8071
90229,8395
87710,16704
91414,19357
77961,20344
101890,13596
83710,8864
92874,23697
86534,7400
98517,20967
76174,35351
107068,21228
98050,13016
98718,14524
101964,13770
96813,13598
95118,15841
91139,27464
98838,2121
98268,10502
99553,12236
98904,10959
80828,29404
100001,6686
106691,21665
108038,21304
98715,7537
85714,8112
88475,18727
91923,24736
94795,18624
79738,12315
104213,9331
89425,2365
82405,13932
101000,8629
83819,17497
103491,10083
88226,9669
102022,10754
106889,6842
98697,15693
97178,8998
92375,20082
95917,33501
96308,12638
92406,15599
108375,8519
76860,13652
82234,20616
99593,10114
82962,11456
82016,11877
86781,19486
101065,14685
95525,18470
95306,32014
77397,34739
92496,23391
102473,13829
102927,15573
91897,27569
95554,16773
97488,22673
76085,17598
84133,10472
106369,21228
92172,11999
80532,12608
96952,6441
104627,26656
87415,11107
97047,10948
87227,11359
100308,7120
105075,17762
84539,17734
92284,19423
95634,32486
86731,10697
96425,13088
96765,11927
93239,12729
95450,15413
102086,16591
103024,10505
92808,24802
99619,7648
79704,18465
99613,22712
106854,7754
80959,46307
96020,16824
78736,14260
101207,14405
89767,6899
105747,17900
77828,16563
91572,27364
88785,14379
76972,27082
76362,23822
87572,23651
82399,31030
93833,20733
94597,21309
86551,9418
107163,15351
84085,12933
93349,32059
99389,19681
80970,20752
96279,9372
95329,27452
99228,11462
90184,16132
107226,15594
80769,27839
80742,17018
93650,21003
107530,25224
87038,11667
80146,32992
94892,28611
107150,19358
77880,33459
100591,6806
80919,13214
84533,6924
82006,12677
83592,15450
77124,22081
93924,18350
95528,18566
105644,14354
85662,16606
83079,12361
106655,11283
96517,12662
80260,33528
78203,13894
104045,20681
76147,34674
94260,23973
101648,12199
84725,11359
100099,11521
79381,8028
77511,10786
78265,15409
85496,10277
77336,12594
80330,32033
97617,13135
94477,39572
94881,10760
76653,97931
89023,17034
104965,17774
79637,16476
94018,19227
76481,12679
76139,17560
89662,15573
105654,19799
101555,3822
107636,14558
99722,11114
77887,35961
83236,16580
107964,22084
108137,12721
99718,21084
86701,13792
77077,17311
88040,41761
78583,16046
85917,11812
81283,22503
104304,11113
87081,15121
87129,8685
98111,7219
76125,21634
89395,8445
105028,14419
98036,12230
78805,10632
103101,12839
108365,9541
103367,15635
79524,26058
96079,28774
104361,45385
106133,29198
88514,15857
80511,65506
90340,9309
105563,17235
85987,15531
88251,16807
104270,17673
100820,7078
91061,23257
94348,23427
106956,24351
100858,9452
81114,25061
103100,9175
87787,9840
96168,21040
107880,10510
79423,9129
96948,9157
99709,11371
92562,23561
101684,10776
99037,17013
89129,11757
78722,18065
100854,12976
94206,21526
107045,7130
102537,11730
95597,47787
88680,13653
96439,18106
95466,22607
89104,6123
88224,10025
86152,9668
98291,11765
106901,19221
81783,39708
100932,6753
81607,10165
96664,14368
87553,18692
95513,29966
89899,16108
98891,21531
107167,10078
77353,11289
106280,20682
90874,6702
101248,7225
79805,28665
106429,8883
80749,29985
100354,8672
80249,14142
108135,42576
80931,17049
107899,8556
106399,12302
92635,29588
99128,7714
83388,9363
79225,32543
103533,7597
103029,13622
107588,27152
92646,30004
95432,26905
105377,10318
104914,16152
103692,6639
90273,16006
91496,14125
90243,30317
88300,10833
87519,12746
91612,19116
101939,8605
91015,29862
90181,22184
78441,16263
108389,11539
92627,21647
96927,9114
87730,10436
89842,20979
92971,15841
85556,9761
82669,13233
96673,9385
79153,41944
104675,12568
91062,24162
93779,24309
84248,20530
85038,16250
87003,13389
104951,13440
80530,8497
83785,16940
88812,9406
82270,35062
108300,12152
103880,9777
90507,16469
108049,9723
77105,22101
86615,9834
86494,8323
103184,9951
98599,22157
104375,29848
107205,31365
78844,10024
99780,20274
88969,9395
95137,44055
102509,10113
77745,30331
86566,6309
97877,13458
101765,7100
77886,11413
90185,8153
104203,16190
85229,16885
96143,18717
88575,16395
104096,15867
90161,13615
100702,7721
91390,22363
94518,19212
95365,14604
77078,9916
103981,9544
93049,23795
104932,8686
80929,21368
84280,17281
107619,9103
96726,6935
95122,12737
96286,26816
104463,12170
79669,14629
83751,10944
103686,7766
76601,28549
78424,28874
103522,17447
96181,16779
106896,22640
103201,11560
108472,21247
96100,9999
78149,37340
99046,7549
101215,9335
95675,27404
103753,7106
102010,13049
99789,8106
78760,27959
88270,14886
77169,30527
94033,33605
96304,10711
83591,9317
80417,18743
87101,19971
91487,20977
107256,28362
81695,30419
104760,6638
86668,11016
106007,27883
94726,17926
80940,30404
94574,16184
100505,11251
86383,8232
95683,15947
79982,11063
91488,37236
79556,39694
108183,15367
93993,32951
95976,33213
98574,24744
94825,37506
88397,7443
84250,11095
98593,10039
98330,6490
103350,7174
79640,11208
88447,11050
97515,15903
99951,12979
99333,12881
88755,6371
86184,16226
79396,13034
86690,13701
84172,13753
94766,25032
95569,31106
106158,15716
81339,13156
93286,24944
98950,6857
78868,16588
100793,6478
90095,17192
77269,24999
79615,23013
104050,9091
103961,11666
105844,15664
101832,6516
102550,15376
101434,15490
101418,6974
108042,15016
107747,11498
84521,8472
97615,14062
81424,10827
99517,8717
86658,18794
91422,18726
83839,16612
95100,16955
108425,19591
102439,6369
88840,11656
90580,11270
85770,9257
87728,18148
89952,24740
97315,16611
85711,10888
90358,16382
102929,6931
82447,9318
100245,14440
84784,9622
76465,15973
87664,9628
105387,13025
77089,18092
81610,11744
81058,16083
77730,55656
87459,29352
104036,12239
107145,16153
82326,30862
98946,11921
107053,3224
108371,16430
99914,7415
103049,15358
108509,12622
97598,21605
79617,25724
95140,19683
90323,5241
87974,18939
103944,7794
103018,15490
87158,11042
77669,17816
98042,18260
78268,48281
90767,6456
90669,13342
81912,4108
100120,10776
102601,9275
106911,12479
85941,11130
87006,19977
79286,25980
97138,10999
90797,5679
100707,10411
107334,11001
85757,8626
85888,19317
99962,22685
76188,34727
99064,23317
77045,36419
84655,9033
107154,21683
95840,12774
82979,14954
97459,7636
89352,4850
98956,20695
96121,20509
84625,13040
98767,8171
104355,19750
89678,17747
91357,33824
75998,14976
107603,13159
86574,11513
83632,14662
89374,16035
81663,13154
85717,6728
107272,13951
106265,3002
99040,16868
88694,16419
85144,16375
86820,11754
102396,9246
87881,11103
76603,14487
100941,8742
97580,26168
106362,14719
84680,6398
105064,10000
105522,17138
82587,14928
81216,33129
77075,17712
95633,16863
97702,7267
106735,10562
78177,19496
108495,10371
100743,9745
88876,1897
101192,14024
87450,11844
87281,10769
89740,18197
91037,16450
88485,19674
103760,10725
108527,9934
94564,30787
96909,13579
96759,13821
99752,7374
96075,15208
93329,14774
96936,25943
98873,8340
90863,10634
76692,45724
89812,16139
82128,13892
96066,8997
95160,32444
94923,20648
79998,21541
98555,18946
84197,9888
93881,42024
96420,10510
91466,12334
102246,9146
95149,22789
92066,34037
94579,30209
81791,28978
87929,9088
79839,17167
103708,9923
78718,22225
87840,16789
86316,12611
106118,24976
87923,9722
105417,19815
95584,26762
80187,9075
96280,18476
88069,7441
102826,9974
91166,18765
95616,29910
77374,26096
101288,6686
88801,16229
100060,8476
97336,9549
79226,15492
106287,11307
95018,21483
78131,16437
84551,18619
100445,5498
93031,23539
104415,16033
82984,19081
104242,7080
86170,18766
79814,20994
94172,31401
95530,47401
96105,11705
87822,8417
78073,15747
106610,18805
99065,10096
77646,54944
86266,17033
80186,18896
102645,9754
83453,16667
93905,25616
90535,4590
103695,13192
87488,17205
84520,10035
97541,10821
93818,29018
90796,23102
92896,31674
95577,17352
101488,13782
92336,25651
98826,9069
99527,13737
90582,11070
99787,21649
107806,14647
94108,20043
96333,8634
100710,13775
94129,18107
85361,8144
86043,35215
86833,13054
94373,18997
77978,25489
96250,18394
95594,28051
96781,31643
91860,28033
91206,18565
102627,7059
89384,16555
100945,9998
103337,8123
78230,21022
103814,11847
96429,11706
81547,27177
85056,22764
107758,9615
81328,22763
100775,6221
82066,21204
83908,18001
105323,11242
77492,16804
107451,8530
77351,11238
98029,8026
101572,6618
94944,30417
91179,29267
97780,27227
97978,10576
104953,13282
89173,19555
103406,10827
105570,7272
81815,17271
83095,13366
92184,22215
88793,12414
81805,8218
85794,16104
97245,28629
88691,9834
98261,22340
76495,23267
100400,9850
95964,33129
101477,9786
91345,19212
76207,35961
88153,16010
96153,17704
82291,13425
99451,7797
87965,20763
102559,10253
106147,10113
77921,14478
82334,21840
108164,11028
106096,9790
87657,17297
98448,21724
91900,22107
103220,11062
107077,8459
78197,11330
101655,13260
107006,11408
101367,10630
91219,26856
92182,16894
81544,18169
80496,21699
81766,23459
96589,8866
81711,20333
94981,26124
80701,15253
83791,13177
84832,15310
108407,9318
98308,17602
101437,6731
91248,35214
104100,19742
78410,31697
98413,17823
90060,11896
101366,6906
98709,9186
102890,8730
87962,13274
79140,15023
94166,33879
105551,11173
99518,11321
101813,13898
97443,25302
89725,8060
100115,15598
91893,17837
90000,5875
82989,11368
89359,16326
91971,40746
88614,8125
104765,12210
80918,25029
91622,17181
88210,11529
82019,53086
85200,12969
81558,21916
99276,11145
81563,37406
99583,9245
77201,10629
94664,20190
99203,10017
89314,11554
89306,15204
90716,15871
84217,17221
104655,21376
92210,19736
82528,7988
91346,50116
88118,19241
76132,20761
101208,11565
102136,8331
77562,33348
108283,26082
100008,15428
91342,41491
107698,11387
81538,11845
99044,15797
83163,6788
105124,8532
86549,8887
91034,10001
101853,6293
99837,20113
89337,9758
107369,8925
77529,16261
78801,16313
76409,22230
98146,9254
91565,48533
107994,19814
93945,28509
99755,10949
78753,28366
79674,21964
101599,10645
81659,33394
96322,7067
80700,35193
101522,15333
93595,25288
78924,18860
102891,10546
107611,17437
78528,44214
86323,16653
103910,11293
93854,20037
88710,8107
82438,22769
83328,13235
91690,24449
83796,6067
99904,9678
100270,10906
88422,8460
102971,7814
106161,10006
91244,16449
81158,16721
98004,22656
84522,10396
81215,24341
94487,22197
78065,20626
97766,19997
86180,13064
87921,10475
76160,30635
104197,9958
100295,8517
96012,13041
95783,13884
104527,23262
77354,29644
106062,8194
84578,8903
99784,14105
91716,21238
97394,13258
97254,25031
87501,17754
95532,14092
91011,23559
106069,24471
105103,18042
84421,10980
87363,5090
108379,13133
83268,10891
94592,40757
84041,15702
88908,24789
85932,17800
96593,10297
106195,10363
107153,30698
104500,14311
85737,12217
75997,10320
79336,33624
77061,40177
88839,18538
86859,9106
101090,12792
87563,10155
107188,8963
95198,17762
86476,16422
99894,24838
88279,10552
108121,13109
99827,14367
107457,30609
96509,28186
101858,9398
93052,24827
91879,28471
107229,5942
87917,9828
82310,10533
93584,17412
94356,2645
76249,43616
88386,18919
104406,15173
98286,7142
95310,20651
95994,22255
79879,29708
97135,12825
81818,27530
108055,19710
96474,22735
104358,27296
77110,11923
95124,10666
100539,13114
102883,8463
94081,3486
100018,8010
101491,12749
89297,20083
99337,24519
78463,12876
97799,14380
92138,21674
83715,14467
90455,11644
89100,11471
79908,21126
91045,17037
78357,16921
83989,13998
83057,7914
92472,13895
77836,7725
91661,25942
103107,12982
95476,30253
96615,13722
76337,57755
85067,15713
95176,15134
104450,26000
104227,24743
94327,15613
97056,22191
79775,15208
91282,26767
98425,14588
79509,17022
79798,15462
82615,4715
106314,21991
88964,11226
94303,14509
96851,8413
104465,12006
89500,10780
100482,8537
102159,8022
83242,9831
104780,18354
83902,7492
88955,12190
83139,5701
88842,26734
99320,7545
81840,26373
103216,7141
80734,23799
102743,18564
76855,24097
89866,15562
106171,32138
76530,13167
77933,11553
89304,11341
77180,30072
101525,12716
83657,14003
92832,18655
102059,12877
98895,2670
87994,18928
86458,9906
95568,32724
79603,23767
77681,15848
105596,16759
100815,7152
77113,52581
95519,12322
82180,14481
105893,20254
96087,6840
102458,10002
104637,17236
78633,21184
101205,10563
90825,6718
77280,31461
94924,15274
92185,30867
101547,16275
88425,13413
95191,20528
82878,12655
87900,15349
90045,6742
85402,18352
78124,19630
100374,10196
96192,8609
108050,44749
98773,5624
105534,8389
89256,16942
102735,15497
101683,10553
80977,32522
98983,9746
91969,46843
101852,14702
77600,15058
95813,15871
85687,18068
97288,9229
76331,16127
76111,19639
84464,13386
102105,10816
92739,41396
87154,18513
76313,9668
80830,15208
107419,44659
103729,15598
93796,20849
85542,8410
89838,18054
93303,17924
86555,9874
81471,23272
97273,29552
84529,11481
86886,2075
77905,44870
78325,13572
91821,24474
79209,17475
107729,10795
88328,10443
85466,8616
105634,9014
79780,10448
107271,11105
77909,25700
81592,22980
90946,19062
96511,11627
101345,11008
94773,22689
106754,39641
82112,23187
76758,27952
99146,19221
103707,8580
84009,18206
84288,13857
107688,11476
98025,16476
94529,25885
78142,20345
98985,18602
96366,18443
96697,8601
93267,17922
98625,6495
90111,15647
94666,29210
102390,7480
87799,8716
101806,9468
92319,15910
82564,9587
80431,31485
90298,9801
83570,3339
85343,15916
104567,20569
107481,17248
80625,17163
98575,10750
76415,16621
95772,26745
85564,16968
106489,9158
104520,9607
85622,10496
104842,26178
81717,31050
91720,12667
93411,30701
91818,34717
103824,11613
106453,20632
96056,22474
87924,12983
76902,26166
107200,32576
98825,5983
84740,13207
94186,34102
87093,9155
90703,9098
87711,10710
89763,14437
107087,10453
97903,11637
105393,11085
77984,18950
93270,30434
83584,12485
95630,23214
92001,10474
104596,14804
108196,13832
94963,15424
103813,5411
97285,10008
102140,7910
82537,2463
105396,21288
92363,20418
87145,11397
83808,7434
98940,9550
79334,19023
88939,9560
86108,11047
107513,20304
93992,15632
77114,16121
106247,11633
106460,27647
90980,24116
91407,42302
92716,15189
94427,23108
79107,58462
97517,24644
82963,9940
95600,19425
105627,21018
94599,25220
93831,27917
77796,24604
86054,9366
103984,6915
79232,22388
86186,9674
79993,23610
106645,21382
100923,10664
79473,7206
78631,10189
98920,10895
93487,18278
89722,7939
86489,10435
77792,34434
83434,20673
81597,19687
93788,31429
105929,12454
83037,15539
96675,22104
85315,21484
88309,16563
80642,21404
85401,15070
81449,13576
108274,25816
106544,7494
91643,40804
77829,30675
78255,17397
106408,12055
96365,13471
89365,13203
98758,13793
82412,16796
103970,5450
82004,29394
76359,25159
77601,21461
87750,13260
103263,8610
103050,18738
106203,29546
107465,27446
89824,10732
83691,12924
83517,12064
87354,11356
80631,47214
88470,16298
85074,10249
106338,11126
86031,6436
77815,51649
94854,30823
92558,12042
105202,8697
79841,16321
81027,31593
81862,21629
90349,16364
95059,33490
100279,8840
106984,22753
92688,28126
79781,12396
105426,22508
76908,20362
86624,7856
77747,22413
104911,18397
100968,10423
103235,3233
79717,7185
93346,15716
81416,47765
105745,16823
89942,15425
99350,19936
77848,16666
98163,8492
79733,12432
106417,10688
98931,6775
79025,22071
96098,25653
89627,11827
100722,8621
89119,7796
106445,19112
80588,19161
91785,32995
79294,14424
105542,14687
98603,14272
103921,7636
98405,18856
79284,22046
104738,16201
104623,16161
105041,11527
107556,13435
103553,19021
88716,21206
88844,9387
87568,3643
84183,15800
104240,17705
87404,13378
95985,15110
95986,15936
102723,8370
93713,32449
97359,8677
91991,21049
77490,20169
106975,9974
98180,13058
80465,4775
98027,1576
79085,14512
92539,32327
92267,24662
87807,4694
78839,13135
102361,9723
76828,20238
105914,26877
80885,34274
89833,19864
81436,9830
94157,24901
98733,14535
102978,5305
81455,19199
88578,4509
105743,12871
94325,58075
79801,21384
105405,16599
80670,23866
91173,12852
80960,14486
80623,34301
93516,20016
101762,12642
104665,17641
93682,29108
86261,7006
97450,7223
97153,9150
82769,9052
81781,11694
108329,11071
93812,35173
81383,16365
84306,10238
78773,7931
85809,12044
86305,10678
88701,14328
99973,6883
106851,11674
89751,10107
83788,7911
80351,11973
84894,12701
97232,9381
82689,15479
102485,13005
96093,10802
78234,46705
83402,10882
96362,30064
85275,10503
106895,21524
87163,16711
94751,15042
93542,19414
77980,21435
76166,12899
89776,13961
106767,19347
84743,18494
92273,21327
97882,11627
76744,19595
86560,12680
93835,16492
94203,12263
88439,10018
96097,27889
105131,19424
100343,9028
90841,10929
90540,8900
92762,22477
107805,19062
102622,8392
108073,24868
86061,18628
92883,21858
82290,4778
87824,8844
82554,16482
102928,11484
77420,15106
76315,25331
99825,7887
89292,10769
87301,4485
103076,11786
93084,29848
96934,7769
85141,5754
101607,10005
106992,27345
95873,24444
83341,7162
78017,24084
83129,23526
92261,12915
83824,17438
86151,11989
88105,13042
101848,8700
89588,7233
93705,24282
93017,18565
77465,20089
105484,12340
76751,12469
97511,12272
102864,10032
85858,16579
94836,18731
85250,8742
78497,22310
99540,11928
97147,29613
81347,25508
95555,23197
98074,19681
104435,9962
107097,12623
92205,14408
90822,12226
93344,11867
84232,11385
105217,33212
76013,25417
102818,10123
106541,11898
87213,9194
94119,20919
105753,23528
90397,15830
87612,6003
82789,15963
102916,10370
104561,7634
105428,12501
86677,7890
95080,26697
90113,9184
77433,21477
106180,20308
101692,8076
80466,3561
99512,17151
104554,12170
89047,13345
93888,30528
89659,9107
89920,8679
86975,16735
91405,28148
83203,27200
104338,17862
91659,32607
86385,14532
81048,15087
102880,9444
100237,10791
97751,7083
85614,6818
106145,9841
105955,10111
100146,9178
107491,17785
80061,18200
94324,28214
97114,24341
106600,8099
90922,23710
80222,12056
99356,8665
92780,21244
107380,8644
86069,10516
107753,18809
97983,10978
88082,9933
82115,12037
81634,16480
89943,11855
104167,14096
91010,22050
85004,11920
96953,20700
78632,13533
76114,14602
78570,12312
82674,13520
91196,15743
93734,12380
96031,23971
102015,9478
108372,26252
98719,10433
83391,9757
97098,17610
104357,13574
93495,18664
86422,16476
99731,12933
94144,19954
88103,8746
105199,24247
97003,7449
99925,8491
92816,15228
98472,11423
91986,14759
84152,7921
87538,12614
93305,21655
104249,15749
85501,10831
82343,26536
80601,34695
99715,15257
90451,32470
98282,10553
98397,20487
76414,16731
99016,14567
85767,11179
102787,10219
101188,12248
85019,14312
79803,10596
107582,9820
98501,8981
107021,9507
82317,20397
105678,2363
77931,20377
101619,9471
76128,17119
86460,16831
106084,7774
80551,20148
77062,31160
98406,18588
103489,6401
107191,9000
88549,13611
85095,14225
83923,15978
87074,16418
94031,24998
99120,6426
105824,13410
82389,37261
91994,17279
85060,9528
87412,20702
94683,18467
83069,20824
77071,28549
81406,31632
89203,10729
82423,10035
88301,11459
86758,10628
94072,16107
102247,9417
101529,7636
100738,11568
101790,9311
96188,9103
98656,15456
79321,12133
80052,17488
85150,15087
102370,8128
107503,20198
76560,22393
85319,10459
89242,19669
89510,6647
104922,23535
86937,14993
107780,45019
102448,9589
89648,10329
95347,21164
97926,9714
104963,16088
92272,16988
76618,21385
87722,10946
85560,15358
92621,24662
87712,10617
91009,33332
76199,19994
99145,25641
103618,13820
106072,14619
102488,7198
79837,21870
102792,14980
86565,6060
98631,15806
106374,45894
108222,9032
92127,19058
96068,11803
84411,11744
102143,10545
77502,20667
105514,15647
76896,32857
104868,19203
99686,13278
96721,20358
93026,18978
95961,22227
97465,12652
86075,13902
106946,11802
97605,17501
83156,19190
88123,17526
106817,10042
103245,7653
78564,34980
81879,23508
102330,8582
98866,12000
87178,18569
83106,10419
78280,17198
101161,11676
96047,12729
93044,12391
90176,33309
76585,22050
99524,22337
97467,24321
95557,14731
102816,8678
87141,12982
82602,13003
80108,23139
77871,18015
89910,7134
76255,11588
76231,53463
87089,14936
107635,15052
80916,26208
95179,35230
90694,7470
87504,18714
95882,20230
82944,9296
90862,4147
89494,11115
81196,34580
78258,26646
98420,8964
84051,12858
97011,12337
97357,6820
82683,9625
107472,9780
101033,8216
86376,18789
97773,26619
76448,23719
94912,24835
100444,11910
92364,23464
104206,24181
82384,25339
78524,27485
82825,15099
81519,20601
89462,5443
94783,26633
99101,8906
102363,7266
107901,13422
107950,31267
94631,22699
85176,9559
93934,15350
99621,2990
101616,5361
86156,16535
96327,7707
89538,14269
98236,21357
92253,20865
105896,18124
97333,18401
83166,20172
96224,13828
94462,24258
82796,10158
103597,10212
99905,10648
107349,14479
76754,20758
90912,26238
108289,25342
94106,28186
86956,18249
82492,7517
81747,11553
89144,10027
85256,12073
85342,9458
108054,13197
94681,31112
86244,9393
81028,28326
86773,7836
108431,19981
102839,9566
77700,12451
92967,20274
91982,19577
80639,11867
97770,10933
100460,14228
100531,9897
84508,11023
103706,3615
79723,46176
88897,10029
88695,10224
87380,7521
76070,22436
99342,26224
79110,16692
89341,13784
90330,17499
93894,27154
104137,6270
89113,11008
91150,17618
79621,26441
86822,8331
104869,13715
93874,15853
77606,27636
96981,8831
88437,8173
87834,10075
98923,9514
108118,24188
94447,18655
99454,21499
82144,14606
83494,13870
76545,17712
85852,13643
107056,24903
95419,9930
76570,20815
91325,19757
98990,9629
107639,13962
100232,11018
83318,14907
82277,39668
105198,17014
107660,20822
92349,25304
105445,15945
98333,12108
100919,12964
94295,31275
105853,6862
100457,11220
77726,16379
96027,10216
104201,11904
105205,24239
94718,68931
96617,13326
81405,12277
98642,15616
89156,13392
104916,10682
107696,29114
87902,10998
106870,9902
106153,13139
85108,15106
106590,14631
97948,8492
77144,28425
91535,13448
83900,3939
107374,6091
106805,14745
101971,7011
103690,8293
107830,13763
105302,16246
90504,12250
91865,17517
107204,20003
93231,29668
94654,16537
107435,9723
78616,30601
102268,13956
81320,19542
85005,11937
98032,7713
92938,29546
76177,11586
83869,21694
85806,5505
77987,10407
103802,9884
104020,22733
93262,21701
92988,24669
84434,17876
95648,35506
77947,30731
76135,18314
80971,33653
105584,11840
85530,13694
106515,13077
80686,25814
85040,17335
77404,9613
91234,37125
99225,10393
88808,11139
89948,15824
107161,3428
83683,10970
83709,16249
80256,18639
83504,13611
90112,9309
93042,35918
89466,6571
103405,13401
86026,33203
86824,15736
79357,22728
78812,11565
105364,18844
105744,7509
99819,21931
91051,22443
95688,21317
102174,15504
91914,47216
86568,9581
98761,1282
101252,9369
91406,18343
78069,14285
86168,19984
105858,11999
83972,16855
107196,22573
80990,11634
101095,13569
93806,22271
104535,8243
99257,8759
94967,15237
94257,16308
100543,8686
96277,17620
78730,13917
82370,18730
86050,10671
104245,23431
89903,11530
106353,15072
90055,9456
78070,25723
84302,11513
101048,8397
97981,9074
85001,16926
79444,22916
88862,11437
90445,10140
92203,40063
100623,8055
94528,18930
94482,18431
77706,29434
100947,8786
94367,24659
108205,20504
77256,28455
88458,17565
102997,9549
88421,9322
86001,10252
97594,12524
76992,28614
92157,16108
106018,7918
85491,13597
103359,9202
101024,7736
95167,32033
93493,20762
77624,18727
76803,26899
77142,23085
86693,18850
101755,9250
82229,32029
105220,10418
81442,40320
92017,10378
106471,11043
86231,11143
92036,24375
93224,25266
87139,9619
107623,10943
81066,27098
97790,13215
76514,20779
85297,11801
93020,11269
88666,17015
98711,14629
107486,21038
79363,29899
88053,7862
87127,13435
104704,25910
103808,8693
90199,25771
92950,70653
92002,22419
108435,14006
86748,10990
86978,7894
79932,33786
107382,7180
82616,14162
99198,22307
96788,7520
92073,19344
92060,16698
79559,8229
105276,19927
78536,17822
86795,16083
103739,16726
105087,21275
106499,16477
81009,47961
77053,28531
104832,7156
81864,13511
102634,8701
90510,7101
103001,6791
97323,23580
77996,37753
89082,16418
106910,19478
83882,8147
106459,21844
99678,6953
92583,35375
76986,21725
90844,8763
94286,10132
85208,11197
81224,20049
85569,6699
78152,23816
93054,17736
93481,21066
99735,13765
88060,14112
97546,13272
81083,29427
100259,11065
77751,13285
105093,7529
94991,19669
91352,24040
99901,11784
83577,13846
95846,39838
89917,16814
93394,16354
102805,5977
105448,24873
108444,13267
100862,5729
95006,50843
86446,8431
90906,21002
95336,25940
94904,12817
81105,14542
78132,11554
87302,11020
101471,9987
90015,8948
90539,14210
82418,9715
79940,19950
77401,35448
79054,13124
78493,48644
87727,8241
100390,7765
86020,11734
106293,25329
105435,12157
81992,27954
92805,18442
92871,22379
101833,12528
98352,10537
98629,13848
79700,16626
99710,13837
84526,20064
98636,11960
106829,11070
99652,18920
85469,7880
82224,21476
81899,19253
94817,23708
92379,26746
94423,30452
94010,27742
84867,13001
84679,15629
103292,9842
77349,19420
77697,12370
103017,4152
79727,22423
86490,9851
101009,7430
96540,13943
106974,19605
80055,20418
102035,8792
87843,7711
107868,23084
100831,7714
98936,10094
96915,26852
88473,18574
89030,12102
95894,20719
92113,22851
105809,8681
99360,14545
86746,9235
101917,10333
96687,13601
101210,7853
101146,10084
104900,9584
85924,20971
90544,7380
93003,19760
98738,13035
99884,7738
108053,25776
90188,6634
91970,19083
103257,7263
83138,8315
104017,30199
105104,7689
100054,11099
87155,18387
107600,10683
80848,28789
86709,17300
106214,29558
91963,24151
97698,6933
106109,11916
88231,9588
104537,10752
99388,11401
94517,19215
76658,44029
107430,19976
87408,10079
105971,17624
90264,15259
78434,17500
88248,18695
103386,7314
87862,32935
83101,16247
92350,29514
98624,5938
97298,12354
81919,17103
80556,26523
98141,13870
88205,15470
102779,15932
99926,9732
101484,6380
102869,16768
89043,14004
92878,26434
101071,15798
106583,26146
106819,10164
79956,14939
90659,16744
82276,11593
85881,17040
76753,33211
102970,12767
93126,33778
97964,12088
81951,11970
101200,12649
96104,29725
78169,20010
90062,11585
100918,10104
108353,11028
96642,15037
104763,10414
100926,14098
107597,10783
102765,6942
85805,11969
102162,13324
82952,15448
94184,46783
87797,14510
101511,7490
107686,6372
95366,12846
78349,7690
100908,3919
96196,9746
107677,21380
93603,23148
99861,14320
87456,15483
82484,13127
89252,15272
104243,19809
107181,30531
90446,4194
81412,15624
86732,13769
103972,10130
102586,9578
82466,13321
84937,16618
103038,15490
104111,19640
101111,14341
107812,12110
81483,17312
81303,17750
105370,14935
80504,28288
85839,12541
91560,16790
92722,43140
86115,17686
88062,20190
104876,16627
98777,15708
92504,20201
94025,11545
87253,15368
106668,29646
100007,10806
100956,15405
104055,14052
83761,8437
79429,19573
104731,20605
104125,11523
95628,23459
80913,27489
85196,14080
102697,12004
98587,6141
106771,18973
90889,13368
99697,8633
101404,8185
96283,10070
83072,8708
84053,8800
92435,18941
99445,11726
94604,30578
105585,20966
106189,14044
108456,29025
107914,11454
105646,12119
99808,20997
101337,12791
94636,11220
100480,7731
104644,25697
96254,23882
105238,21868
99534,6191
85285,12263
82145,21597
79604,17785
92928,24559
82245,28109
100973,11678
76365,17216
79164,18044
75989,16552
96557,20534
95029,6232
107817,7159
98521,10850
103150,11728
95850,13560
102008,10215
106002,13796
106077,19121
83367,10949
97196,14068
76566,8001
104384,25843
80692,14285
101094,11112
81800,18580
86722,14746
100318,14048
104827,21410
98244,6573
94712,27051
98393,7190
80771,4908
86607,17294
80768,11052
96949,18771
87207,9936
84629,10690
76136,21480
76644,8684
107649,16777
90281,13241
108187,16744
92025,37645
99737,23163
90801,16571
100790,13238
102558,13880
98713,9623
103633,7868
101449,14430
81515,19128
98364,10420
83966,12125
99995,9608
99150,44983
86873,14175
83731,20327
80810,34801
94650,17350
82521,14753
100255,7475
80454,9321
105154,13496
79689,21102
86810,7134
82113,21020
85929,7882
77522,27079
103578,4678
102688,14823
90791,18876
94401,28434
76740,18293
81666,15034
100227,1205
85673,10573
108395,25261
100214,4912
95659,24468
80490,25499
88384,11688
107062,9384
105277,9430
79265,31141
84984,10648
77376,11738
77355,24504
86313,19604
99285,24182
98028,8955
77611,15924
90056,16118
84773,9868
99264,18758
100948,19862
82379,28036
85047,17656
104114,17875
107632,18699
93536,12990
81421,35903
104793,36883
88141,15334
102679,11556
81051,26556
101005,14854
97532,9970
102499,13388
89537,13680
93046,17661
79823,16851
98882,23218
97094,15189
82461,10615
86118,9716
89801,7027
83127,16028
107519,9903
82583,8399
103259,8508
81152,16225
106206,26385
96706,9058
88303,16019
94241,27312
95076,25748
107546,8695
78467,18992
98304,19617
95393,18896
98134,9482
104152,16321
76818,21360
84707,6696
87889,16994
104736,14428
87844,17565
88388,8612
83940,13045
99536,18763
83313,17314
89864,14543
106944,18839
105635,8097
83110,10090
78937,37873
91724,20523
94886,19495
91449,18821
81745,29920
93405,14331
99402,3041
94317,13537
78503,21064
87111,15583
108538,14604
90689,7680
84402,17362
80890,19110
101682,7072
81874,11240
84259,4853
96616,14835
106173,6740
102534,8204
81629,58048
104910,12776
92100,29564
98454,9863
81880,21747
83346,11772
95335,22992
106693,24225
107432,10007
82694,11197
100199,10762
107361,22800
88659,9980
84237,5407
83666,9653
104468,29012
95495,14553
84298,17333
108427,13490
88238,16819
103836,14284
87394,10449
77799,16643
97905,9272
101142,15850
103274,6691
88302,13081
76533,11867
80080,33566
105134,11548
100792,7779
81408,18454
80410,18402
86355,12615
100954,6496
93799,18326
100810,7600
80379,16163
107796,20510
94046,16067
99931,16160
85890,3158
106923,13418
98319,12482
94853,18522
91069,54532
78790,6948
92697,25393
94765,32316
102150,8418
105768,9066
81755,20623
96933,10091
92136,53630
96082,7200
108457,16027
95142,24591
85688,19286
86672,12211
107583,11059
93369,26005
97637,11152
80868,15027
102315,7978
108428,16862
99478,11593
98906,6440
96394,9278
106032,16408
76121,19824
92642,18570
94725,19989
84528,15863
104492,11356
98456,24624
102089,10071
105274,5173
91436,29625
99127,4375
80416,16968
83419,8332
76209,19817
91874,15046
107892,13440
86727,11318
83096,6576
107036,16361
86096,8569
89684,8826
105301,11096
79056,16027
103508,15545
102651,11565
76605,17287
99170,5907
94850,14035
78638,11823
106031,16627
104955,11815
101565,10415
105886,26501
86499,11816
91809,37438
86033,9113
90761,16507
104168,28417
88048,15780
106343,29385
96568,9276
90082,33011
85659,8799
102950,10776
96231,9871
101781,15547
103210,7495
95174,4105
105594,21008
107809,22974
81222,32794
84506,19895
83399,13578
88318,20763
106235,22446
83952,10619
103610,12126
107273,18569
102134,15552
77708,28048
99754,13016
103372,12355
90457,8116
80228,10832
105630,18140
78448,24257
86729,9982
108510,12280
79686,31601
82677,16936
94161,23662
93064,14314
103595,4046
107257,7213
81162,32771
106410,10110
97829,22974
92429,21330
90183,16115
83816,17843
88613,9634
90025,6871
89004,6582
107997,18257
97458,15701
82737,9615
101739,11339
86766,14682
77098,15267
93598,21022
108115,11693
107653,27998
94706,20639
105344,10213
87516,7641
98959,6627
104557,9406
99137,6179
102126,5622
104455,12614
104278,11218
80331,24052
90087,18591
93700,31519
108517,13053
97373,19737
83394,19572
100989,10720
82625,15663
93457,12035
103186,10167
85133,11732
101198,6919
102095,7522
99684,8483
83595,14362
76960,37570
103015,6271
91987,46859
78825,22172
87668,17914
84826,17670
92309,11863
90969,19123
92987,15483
105317,18038
93606,23817
95536,42820
92839,15755
102133,10435
105225,19737
85627,9903
79013,50273
92008,28358
80983,19930
106475,26568
99357,12247
79246,23267
83200,7451
79656,22319
99031,24953
82780,16224
88310,11131
98056,25478
77289,19561
105503,14959
79198,32886
93429,27420
97172,12306
105958,19936
103180,2805
85825,9505
81725,32243
86590,15339
92366,30763
80589,69928
95454,19262
104525,7522
107646,7109
99226,9037
77273,20555
99642,12466
91195,24758
98641,21066
107724,25624
89646,28852
85873,14785
81468,33814
97648,7106
85573,11175
102394,4805
77771,21114
88122,13938
85640,14161
97560,5845
100584,5765
97404,13676
82414,10485
84609,11891
100462,10312
91573,16447
94716,19088
107560,25843
79627,18330
83025,12881
91918,9178
87344,13474
91683,28848
77259,13442
95887,21071
96802,15253
103965,5881
78110,9511
99144,9410
86801,11257
88181,7360
88262,18444
85846,19529
97896,14332
92462,51038
99668,20994
89440,8019
82867,27157
85857,11199
79583,30605
103090,9390
104184,30396
100921,10407
83124,14584
93320,23185
81985,26475
89618,18168
90086,8452
80855,29576
105114,10428
92497,24166
89049,9825
88584,21264
88019,15533
80119,21630
84879,20602
99293,11518
82515,15903
97600,19045
103737,13496
102387,15992
80404,33076
105785,44030
76379,21384
100569,14432
101553,10339
105803,8774
89151,8716
102960,7095
103094,8203
92146,11045
97802,11003
102939,10796
101492,10496
84207,10076
86995,12415
90024,22820
87536,8830
103571,8109
87529,11174
96756,20326
92326,18015
97609,6543
75984,16816
80733,33708
77150,11429
102496,7545
86666,16241
78836,11633
82444,9490
104414,24283
98585,8128
85191,7254
88013,10136
78962,21247
101510,15077
103438,11470
99474,11149
87180,16190
82983,22873
87503,9412
90410,21134
98416,8973
104117,10971
84900,7222
88565,19432
93797,16728
108131,44429
78848,17078
88151,12953
85081,10786
78163,9455
106580,12806
104638,10263
103696,11519
99589,7194
79699,14163
95129,27094
102173,13480
92811,23310
84986,7647
84162,16190
77340,23273
79685,30386
81423,24985
93745,20045
101399,10078
91611,23673
76973,12737
83734,22120
79526,20700
80087,6659
102186,14028
77640,28462
105138,16048
79146,30048
91713,13237
104230,24779
101896,5879
107587,31110
76461,32457
95587,29952
96185,11570
103181,10357
107643,26496
88948,9702
97565,25478
83821,11451
103781,7413
81677,52562
107975,18178
84106,9870
93060,46152
81078,30662
106748,19620
79264,53783
84098,9895
87838,22600
102957,13174
89353,10927
85492,11582
107957,27852
89938,13604
90260,8238
89571,11310
106963,10530
97266,11037
80413,14893
86028,11059
93343,27573
105232,8146
107755,9765
107326,12979
107571,9533
100062,9651
91477,26930
104598,8577
98614,8963
104034,27824
98446,8972
103023,6136
91550,23012
81211,17462
90619,11982
91525,35794
104422,21229
93555,22604
88346,10418
102067,6482
107051,19796
89642,16748
83492,14935
99169,14157
85964,8910
85179,12114
100677,3277
85529,12382
86198,12881
99532,6639
80443,32358
93248,21197
86958,12908
77942,26245
88568,16246
81730,55535
98884,8579
82267,17173
88088,11150
89578,19509
83568,25951
85083,8104
79222,17104
82543,10642
82611,2465
99708,18832
97699,6456
91371,26012
101757,6074
104417,11383
99830,9520
88477,17301
104614,14546
76098,28576
92143,17303
81343,28183
77212,27565
78262,48577
95097,27398
84440,9905
96942,19642
101584,9379
77202,7952
85173,19604
82953,16380
81151,23715
104377,16070
86697,1005
96650,12343
77031,18814
82235,42956
91333,15316
103393,12798
76254,16293
101592,12749
101865,9746
90819,14610
76941,10630
91974,16089
102930,12664
96310,20443
77912,22557
108119,13388
93631,15761
76592,18705
94282,33941
77715,24427
93747,18514
94560,35283
90108,15720
102128,7394
85820,15437
79541,12891
102901,13267
102761,10234
91536,20771
82089,13414
108489,8827
98409,7540
79151,13416
95549,18250
85472,7179
82072,22427
99386,12580
92932,28855
86525,18003
99013,8678
99472,5745
89967,7616
106604,25983
91608,14364
82249,26484
85445,17679
106905,21241
89122,15421
87056,15746
98254,7099
81697,28310
102542,11501
86804,11747
92626,48729
76602,53094
87943,12587
95438,19678
95823,18059
82403,77259
79347,22362
99419,13887
88561,8901
104572,5818
108507,24574
97900,7376
89733,13996
86211,6799
96713,16112
107123,15995
78086,18390
100576,14403
102589,16903
104477,29743
103487,14405
79189,11899
89098,16428
79787,30360
84294,17567
79128,17218
90269,8464
78251,22798
80572,10338
75986,48778
77619,31404
105025,14935
93882,26053
78338,22096
80621,23827
103601,4239
88170,16405
102889,12730
76347,23019
106080,6136
98834,20996
76498,31495
85104,8861
87534,11033
89883,5305
88738,3472
99252,20076
102696,10913
95948,22014
105438,28369
103463,10426
100261,9449
95315,22428
104172,21408
76502,34047
91569,27534
96071,12888
105936,15897
97089,16634
85434,15716
88446,10774
93751,28896
105399,14040
88174,34518
88555,7611
102346,12909
87144,10733
101990,10085
102931,9807
108317,12998
87976,6599
97988,10601
101822,10809
82536,15213
80676,31307
91255,10249
94069,16664
91894,25459
108147,12846
76928,23689
82648,13665
79426,11917
101936,12730
107567,21639
88776,11030
91113,29729
84568,18629
78044,25010
76929,40567
102526,6075
92515,10769
90009,7606
82978,7973
104437,15861
101451,12894
76325,32773
89491,7674
98435,13820
92282,17548
82209,15233
88705,13941
104679,8224
84919,7674
89998,18124
103520,5580
106857,10335
108499,12985
78893,42949
100860,10570
91684,11953
80617,14083
76634,35448
92055,26395
83030,2756
86154,7113
96022,19815
100336,17525
92663,13939
102884,10018
80763,23074
78329,10521
87867,14011
104353,27101
94284,14431
107996,20242
95784,22411
101298,17010
95995,19778
102718,6647
93623,27746
89585,16657
77533,22399
107550,14774
87760,16011
86299,3403
83152,12027
91322,32818
91286,8093
89231,15984
80082,8814
105518,9833
100224,12160
97261,11647
99651,28184
76487,10733
76867,26306
84574,11906
92378,48141
103934,10545
108445,8735
76872,20957
76180,46289
106906,9670
76431,16727
102603,10087
78403,15355
100799,7176
104755,15347
89602,24760
101656,7242
79362,15594
102262,13871
79884,16832
97740,28229
101264,7570
76525,11641
101988,16134
102819,20877
95501,20129
82890,13318
94413,18501
77898,26769
92991,22073
82055,9722
100865,12572
107388,13268
94252,22824
105973,8199
100976,16128
106212,26354
76078,8576
79014,16717
104787,10147
92342,23837
86334,9802
94066,11594
76062,9841
99371,14580
91498,19049
86406,16972
95531,32116
93274,9721
100190,15613
90424,20460
99089,12051
94306,15418
88209,7920
90029,8880
103397,8904
82341,28247
92358,27471
100389,11110
104886,23641
98404,9929
85100,16227
84878,18983
78693,30260
91992,59144
105754,8490
89594,16714
84756,5335
91795,66705
108235,11148
95474,23842
103485,8641
107700,9688
86613,13253
85741,8302
89372,10772
79735,27609
76186,13917
93135,28928
108107,7192
95853,31139
106625,24888
94400,17208
84893,13399
97777,22891
82127,27565
102116,15525
84330,20106
105251,22350
104115,9692
93746,15947
104982,18482
105988,10026
102562,3215
100822,11330
104409,24706
80140,15328
103317,9823
96145,9135
105732,26257
100943,11177
92940,13802
108400,2551
108512,12798
92473,51506
99001,9983
81082,23595
108460,13309
108169,11598
106864,20838
84685,19578
77736,26933
94232,27670
89520,2785
104514,18841
87509,11998
102802,9636
91042,30219
79197,32665
76499,15517
100082,9757
91224,25232
95303,13955
96830,13716
88064,14494
81628,9122
84857,8148
82032,21909
93316,22658
104993,20794
82315,19426
95990,51798
89970,11671
93407,19308
84755,13660
84684,16304
79353,38906
79649,54309
81749,27338
107002,6578
82546,18239
97536,15015
77580,30255
95967,19604
108150,6703
98992,8204
108536,9942
102358,6541
91856,26309
93148,25780
84957,14484
95413,13335
102404,11718
91495,19623
77953,23343
87398,7942
95955,18995
93290,15726
88128,9692
88830,18618
83397,11558
81599,32893
106055,7513
77655,17811
92106,27993
96536,13100
104575,16029
105513,8130
92308,17471
82419,14237
96473,13278
76961,28449
104060,39303
91056,19797
87618,17399
95253,30474
96135,10063
98015,7689
87695,10876
79066,14796
95512,37033
89234,17485
89971,11114
103750,11503
94180,32072
107947,20388
93455,78053
86369,16559
78817,20073
85051,7546
79315,64183
92395,27297
82513,13965
107728,7292
90261,12576
101064,13646
79329,20299
88998,11427
102002,9046
87718,10599
87774,20565
105214,12875
103055,9855
103543,15076
104548,6267
90387,9215
83786,17028
108102,13273
101455,9378
100577,16634
97483,10591
103056,11653
78401,10998
97400,10902
97703,12943
101311,9004
87912,10626
97168,9231
100833,14870
93043,26917
80772,20540
99794,5620
78326,9931
98710,9167
92351,20009
87356,6274
96926,33334
100570,8136
95109,22193
85050,7719
84046,20352
101466,15074
90832,16917
93397,31650
107778,14070
106710,23085
83464,7151
93622,16106
88744,17238
107378,20813
83032,10176
89480,31866
92634,26325
81057,9070
102633,21496
101794,9357
78355,13122
76544,53631
77408,12777
104451,31903
89254,17661
85412,17636
97709,9305
105230,24097
87691,10725
90722,9501
86679,14121
81418,28592
76980,17354
105319,13894
80516,15524
88960,9108
82982,9957
105004,24072
78037,38517
105901,20906
77109,13519
85855,11439
107355,30525
106193,10221
97700,20953
86150,9397
76267,33722
102096,15845
102561,13616
101137,12784
92050,71337
103878,9368
94760,22690
102678,10491
79971,24754
85739,15624
79714,19828
87673,17444
107304,20043
78692,30667
107274,9236
88686,6752
90843,12837
97507,7932
92343,48383
78781,13187
84990,19392
92913,34928
92079,43424
98507,8076
97152,22364
78442,29698
79711,13213
96643,9870
105000,8287
89454,5712
102265,15428
94961,28451
76335,17703
82897,10493
94061,26751
90661,7437
78112,29971
95596,17678
94740,35416
83287,3951
96668,13514
101834,17943
77285,32523
102545,14185
96287,19225
82156,73200
87276,11758
77564,18920
105991,7491
107570,20171
94519,31810
78369,43025
92674,9863
90532,21258
85489,7380
103660,9853
81206,15714
106764,26869
97425,12611
96393,23400
84960,11048
78993,34704
85876,13791
103936,11188
84201,6676
105098,27780
85078,14790
89886,14936
81268,35626
79945,16250
97727,8638
90636,7029
80106,9909
76947,13708
83264,15851
101532,6776
91558,31473
93311,15444
101967,6998
85725,5535
104684,22541
89747,13221
105165,17802
104814,16762
101904,8594
99238,11967
80989,24831
93575,15981
101536,10037
86847,8656
99847,9639
89212,6862
93997,20155
93647,29456
87846,11040
93737,22567
77906,25577
80648,30509
102925,7300
103709,13523
86195,13108
76865,12292
83260,18152
97233,24610
104618,22869
83879,7351
104804,8847
100551,10496
90524,20491
99669,19888
102658,8167
101398,6193
103286,11169
94823,33958
83630,11696
86079,7019
102145,7674
94270,43342
105688,27424
87335,17996
89805,14202
95093,26012
76699,17809
83187,17650
84218,6498
94153,15984
91849,16010
96202,13979
90172,13141
98759,9515
86718,7326
103349,10383
93293,46450
94622,36333
93181,21025
104870,11887
83247,8410
87566,9800
77362,21014
79537,19778
85049,14875
81402,17147
108341,14158
92193,24635
100184,16839
106252,8934
98047,11843
105416,10512
90872,30647
100235,9886
91485,22099
90534,21539
77841,15964
105730,11922
84175,12831
103964,8587
105970,55689
99843,7535
102012,10860
76779,26998
80778,20628
106638,15290
88233,16089
102657,24459
107180,28924
108468,16440
86399,11405
85128,21623
99868,4912
100413,11464
91125,21415
80467,30133
78605,12537
90259,14351
106759,10469
101253,8951
100980,7667
83805,10533
96745,7425
90242,16014
76118,25755
98824,7823
78006,21863
100924,14009
77138,81700
87665,10853
78023,14868
96117,22130
86789,8359
88649,15813
96792,8158
79403,22875
100547,7476
106529,12602
83042,11720
80334,18556
86589,8004
101811,11743
94128,16349
95868,7151
76244,31270
88957,19282
108503,17240
84409,8864
104962,27242
105121,8482
94389,14252
105602,15348
88289,9303
108168,17761
84978,19585
108011,11216
79783,11525
89892,23833
91748,25151
105942,12400
106893,17116
85969,11280
105403,14167
80319,28147
103010,4230
76518,27482
95598,14494
101287,15006
84475,15770
87686,14062
91202,23353
85296,16626
89710,10107
108409,13825
104660,11967
91493,14423
103318,9156
83537,10965
93277,19237
91290,16335
107127,12295
87752,11115
82613,15225
104508,9317
100051,9499
84203,17121
88624,12470
99483,7482
96635,28535
78956,15922
105839,23189
92487,20010
89382,10359
100337,7385
78640,33798
99495,7077
95580,41246
85347,16981
100050,13695
97749,12058
76587,30539
95918,32062
93823,34172
80470,26906
95399,93209
101483,7808
94776,25360
97442,6006
79267,26365
82710,12735
77473,19051
105371,12973
84991,13931
93878,25731
107126,17467
90996,7481
87095,9888
80205,16853
100043,9797
84793,15978
80403,13258
88018,12425
92747,27260
104894,12749
108319,39074
99481,30851
98270,10736
88155,18592
84565,18605
80779,46875
105684,22134
106855,15023
103908,7986
100595,10867
89822,19607
100401,11422
101037,9298
96350,17983
104191,18031
87891,11623
97744,17196
105757,22248
98966,12821
91869,9430
81292,16353
108284,23910
83092,10493
78394,20731
97961,12617
77723,37175
87317,8336
95065,37747
88227,9841
108087,8903
76311,10662
100764,8496
87828,11944
77314,15469
107860,12290
100339,5792
106165,6077
104443,12150
79613,32194
92686,24875
97493,17730
78977,33430
82933,14637
80063,23975
92287,20114
103664,11600
102185,16699
94679,16232
99024,8337
99366,8724
96554,9485
95906,24708
85623,12483
84336,17457
96560,14910
107448,7977
104118,18041
88391,8156
100327,13811
89323,6667
106925,23178
98542,9077
93996,22646
85103,11508
76033,23505
77213,20731
98117,22206
81109,35122
78316,22993
91021,26907
78093,11907
77497,13432
83590,13104
76126,21515
90509,1945
76454,22102
82095,31596
88625,14908
100031,7827
99458,8104
88085,10739
91823,19128
77735,26905
91799,6789
91480,8761
84915,13797
83688,10854
102334,8562
97765,10853
99836,14029
98569,19109
105050,23159
80826,15052
78684,12284
99123,8651
96507,11603
104742,22180
93690,18632
107606,14033
87019,18300
100735,9273
101685,7409
82792,12159
100036,8051
102607,7348
97772,16752
96207,16854
100697,8049
96481,22563
89054,16010
97847,22281
87528,11024
97145,5855
95223,41739
104325,13738
93743,15833
81914,6344
79040,25112
107030,16556
106244,27773
79602,26274
107684,7221
105346,23391
100000,15605
79001,10544
78942,26001
87637,10668
102257,9435
103502,8094
84619,6073
91129,23021
98493,13920
107108,30227
101158,6912
80236,17931
105375,12545
93002,28753
91619,19863
83965,14215
94431,42622
104601,9272
92698,30045
84014,9257
91961,28445
77595,55655
88848,20917
106046,14036
99498,9203
98153,6962
83157,8935
107475,12582
100589,13250
81448,14830
102638,6808
104473,25957
102724,5382
99338,9541
92431,11271
84969,10432
108426,1620
103206,15755
87345,8469
102625,15339
84606,13224
99166,7759
94408,21534
94898,19831
93658,32330
98234,15382
99725,11526
103979,13424
77277,21881
84401,12018
80006,29996
78572,14922
88781,11589
78546,16778
103829,19652
79159,53397
104502,12113
95125,26007
80804,14213
96580,24886
92059,17890
100530,18695
78079,26867
95036,14937
91490,19165
103310,15725
88853,14750
105948,8916
93744,19503
108518,47653
107733,20402
106813,9767
98343,13740
83056,7763
105721,22788
89165,7423
106402,12341
77252,50277
89194,9328
76777,15589
90569,13676
93912,8997
96848,5138
87355,7132
80539,34656
105351,14574
108019,5999
91331,15908
80814,11527
95951,21491
98392,9381
99209,19001
86085,9553
84678,7764
96534,13686
93665,27041
89832,11834
85079,10617
79425,10722
96052,4936
96599,9938
103705,18144
78171,31207
92005,20657
101323,14203
80398,16889
82123,17323
90262,6323
93300,16096
76795,17725
91043,24859
97362,14493
98969,7959
104826,13282
84329,6529
97976,12045
96904,5516
88148,13007
94895,14214
91122,29940
108145,13339
85476,16024
97564,12328
107770,41564
106947,22964
89548,14663
79027,17401
96032,20532
100133,9585
83191,8998
82695,13231
79273,49514
95667,16219
99578,15235
84492,11169
92353,15417
106435,15361
86655,15493
106651,13081
90268,8260
98311,12496
86971,7814
88573,13861
93189,18208
87244,12355
108207,7261
95819,47901
105846,28415
102372,7570
83616,9968
92411,24635
90395,12744
104613,16055
95808,26416
98662,12353
86066,12227
77454,15128
80846,17603
89060,7343
91975,14051
84011,10815
88315,13166
95692,28267
98373,8141
97283,26615
101495,8004
81770,15244
87458,15861
102710,15485
81205,30862
97440,12949
82618,7244
104838,7636
103606,13027
91507,55772
81463,13968
76741,38645
94422,21368
99543,8858
104044,19319
83284,9842
100834,15146
108440,10409
96881,7379
103925,10061
102881,13625
78690,22535
78052,24876
103938,12232
101271,9118
76924,20535
100415,11062
78455,21920
102811,6889
85154,14245
103761,6794
77732,17643
85957,15849
96779,21624
99061,12081
106028,21221
85889,22155
97539,8136
100890,14298
96058,15173
80216,18256
93045,21236
95789,14602
89368,10664
80917,20147
93323,28055
103669,15081
81561,17555
92214,28776
86368,13602
95070,19521
80730,14371
105647,18255
104707,27454
80353,19624
98677,27792
89445,9599
98332,8246
95929,13579
88970,17876
81272,15703
77963,16531
88285,17953
88924,12032
93562,30577
89463,5632
105407,14063
80944,36809
108099,26403
89199,6800
82756,14195
79573,12996
98847,10517
100966,8154
108500,25152
103830,11695
84043,9849
84550,11540
83946,8526
86287,10676
77598,17588
92893,17635
106936,16277
101123,9733
83943,10313
89197,11632
80185,54543
82429,16042
95864,24074
100750,15875
85497,6222
99469,15860
87667,7586
78681,49400
106579,15799
97388,8693
82487,11357
80635,20485
96378,8900
77827,29489
79045,33185
95229,19772
95387,16625
101754,6836
90728,8483
77618,28445
79390,38860
79449,17871
107826,21230
87026,13120
77765,19674
89691,15001
91087,15602
79770,28217
79341,32627
87532,14227
104082,9235
83169,7073
107978,26246
97466,10794
98381,19360
87614,14487
84768,11661
103605,6103
107420,10037
76099,46054
81932,11654
96233,11090
103484,9029
89608,14860
91316,20633
80424,13243
83120,9875
95888,20754
103279,12231
76800,12495
102188,14285
100147,5873
107959,22093
93341,16662
87446,13306
103554,8008
83756,6312
86353,9388
107874,21845
78416,15643
100911,11550
86514,10825
92702,31465
76787,21782
98523,24179
88972,19339
87370,15469
107060,9764
108186,12906
90126,16072
103874,6021
88271,10429
81752,14845
78089,46407
102383,12879
76766,33835
86120,10975
82871,20179
78647,29653
92451,16007
91743,23048
96582,12246
79729,19107
78864,25678
94728,22928
90355,7714
103777,13744
96076,4949
79201,28267
106707,15780
83836,10760
82332,33192
106545,30684
107268,24792
105459,7517
99683,13746
98385,15126
103402,9228
89402,12954
87077,7012
94222,22902
89919,6612
80585,27942
102406,4807
95002,15202
78216,19437
81346,19855
78309,19754
93307,20400
87233,3343
77093,9970
86762,6988
94561,14913
76392,74420
76895,29242
85419,14027
101026,14264
102584,7404
81381,30056
81761,51833
98099,9839
91347,15341
100024,7754
97924,11907
100492,10980
93559,23345
103175,11675
98122,13839
84362,9409
77943,20368
87275,11578
79991,13190
102700,10584
79660,45648
105465,20504
94354,31259
96390,7966
88763,36249
87219,18828
77221,27533
78165,11003
95069,24549
85157,12620
94547,12735
80643,15120
97499,8331
81957,24705
82538,11367
83777,22267
87927,15097
82916,18154
104146,12669
105260,9135
85483,14373
102412,17873
86508,8203
102998,11817
94493,37240
93422,19253
90033,9699
92957,20627
96584,13938
103170,12100
83550,17360
76050,13095
99903,10154
95255,37326
106697,26300
91497,30840
97177,9209
101863,10493
99298,7561
106496,3727
98770,25352
101801,11271
85037,13401
104399,17903
83980,4128
97825,17654
81924,22204
104192,9754
87130,8394
79364,14941
81388,11491
94917,18652
102119,9814
84135,11777
94992,25182
81229,19780
79503,19498
84540,14057
77881,7982
104978,2353
107373,16605
76208,14222
88192,18155
107010,48849
93961,47634
83957,20291
85283,7497
104226,6726
79463,14856
102587,13649
90204,3151
103507,11761
94351,30364
95181,13730
107410,20414
86541,18054
106281,22257
77315,10867
84485,8422
77592,10904
104262,26055
81260,24740
94417,54107
83014,13465
78192,21387
85838,9241
98395,23109
92617,20403
107538,9026
102588,10717
88950,11961
101450,8816
96101,13078
90567,13726
94383,30034
82961,3709
96591,7977
77890,22341
77801,16655
85738,7868
88580,22075
88914,8461
82206,19551
107485,13726
105203,24437
82256,73370
80181,33383
88792,8524
92581,19388
101272,20122
102359,10122
85306,10064
106078,18791
82442,7658
106313,20129
107617,11192
89719,18353
91358,19179
89676,33201
86927,15666
76819,26486
96646,8784
81533,38735
89207,13054
90282,6729
94908,26254
89890,9257
103477,13878
76090,20181
84810,5861
98323,10976
100552,11861
104719,10409
90016,15875
84632,7142
99846,7678
92362,23723
81315,12612
85084,17811
86760,11245
80297,17791
93420,23451
78563,20506
100791,11217
89019,7048
101709,9179
103419,7332
96092,16556
89891,6540
86562,12327
95874,25152
99343,12068
87586,7832
103112,9662
82740,10149
81595,34488
77578,7346
94090,18004
102873,8820
103258,12975
107497,7827
101861,9197
103997,24715
79785,16184
90250,6495
93233,32411
86527,12085
86140,6254
104063,8924
77734,21267
91652,18943
97758,9490
95096,16223
106186,9989
107960,22058
78445,22522
91886,21901
82711,9299
99248,8840
91701,16254
88172,9625
83916,13693
88883,11605
90342,14534
102042,7607
96563,7975
82344,20435
102707,13147
101718,12377
102705,7312
92589,27967
84231,11688
83534,8169
85768,8879
82141,10789
87448,12263
79569,6150
82261,11120
80605,13370
91120,11120
92482,20086
99998,11035
82202,21037
105899,13667
93653,16024
94333,14974
107717,12360
107655,9061
86240,15290
88745,15688
81723,36309
84125,14050
89476,15267
79059,37764
77879,13403
82855,12453
108513,32331
83646,7003
95702,35332
84145,10469
107629,24939
81843,10271
98863,9435
95154,26797
93275,29438
94003,21874
81095,16777
81099,10480
105527,12365
89596,9480
91007,24519
80594,15269
82782,10721
92721,18554
91718,24884
87452,12744
78098,11992
84123,9046
104672,13538
105118,9970
84690,13948
88986,10380
76028,24332
92995,16864
76275,32903
103315,5517
98168,19064
93633,14906
90151,7712
105269,28821
102604,2427
89541,7847
105694,31487
80405,29963
96001,15440
96500,8155
95235,17202
88367,21652
98850,14329
105724,22375
86451,11907
86426,12275
81213,43265
98547,18835
86461,6678
99294,23001
99597,11396
92255,10247
90097,21927
102302,12398
105746,10353
86133,25131
94950,56259
103666,7812
94750,20426
92880,24711
82349,18072
107337,17421
82954,6966
89689,16615
99034,12653
79873,13925
107966,23043
88864,13531
97942,25348
97481,8926
100313,9185
99927,5938
87287,9257
99134,22827
104705,16512
86134,21177
93028,25079
80161,21109
76639,23002
79239,22124
94244,20238
103815,8499
84445,15907
85884,8938
103496,10768
88620,17904
101448,7016
100044,7666
98388,15041
87610,9810
82063,23942
82211,38019
91156,15200
83323,8059
100187,9197
93117,23555
82227,33174
94263,14688
88207,9270
87988,17215
104687,19561
79791,47047
82242,21592
80273,13518
81542,27198
90361,14503
83914,18989
103142,10571
80137,31758
103580,14916
98328,8960
95936,34096
95189,27562
97806,22626
95829,11040
98684,21737
92494,20834
83016,19739
80865,17719
94537,19662
86293,12211
100087,6051
95534,17448
80827,27755
80610,12720
97472,5950
85523,7111
100005,8031
96618,31852
104893,9986
93688,38248
86182,13323
105091,21946
103031,10367
99359,7603
101907,16871
82914,13076
83990,15799
98598,20029
85494,9439
82922,10125
82854,11455
89024,19007
91754,26916
102699,4079
96887,15209
102671,11474
80646,22506
88146,12399
82969,16503
77225,16967
87443,7134
91227,14393
95731,16245
95171,20257
97076,17864
98901,10461
86013,8526
80831,21997
100258,9728
103586,15626
84553,15292
84400,12943
93434,43611
86149,7047
80336,23256
104511,20570
93127,19628
86330,10853
105082,11740
101222,14104
92606,21622
90462,10740
102123,12747
83212,11286
90403,14255
79392,26053
102630,15889
85988,8452
107908,20772
80949,17790
80517,13163
97922,12857
100296,8949
93073,21504
97137,7854
88311,9208
78021,15631
81970,22371
98957,7104
99602,20025
91417,12974
89429,13738
96535,17097
80782,55883
86889,18789
79609,21734
99497,11074
99547,24391
93817,3339
91079,33549
81962,14180
85833,8240
103305,8220
94357,18940
88736,9352
105162,17807
91131,22267
84148,7264
76377,20063
76357,25916
84675,15631
83239,29846
86317,7892
93990,27583
96357,8853
89745,21355
97141,20107
82911,16831
82943,7384
96282,4801
105885,20551
80131,40701
99806,21140
105497,24631
106447,21565
107746,19176
89523,11775
84388,13997
78166,31112
103685,8142
105018,9483
102373,3860
76988,20278
81097,23051
105521,22869
99775,12099
99766,9748
101346,7815
95228,3402
75982,25365
107142,6181
86109,13944
94195,18937
80777,36843
92612,26112
99383,9674
81686,20316
88650,9915
95681,14228
100071,9524
77554,35260
103505,4064
93281,19484
107444,18456
78752,22029
103057,13236
100248,12792
98489,11391
89189,16008
81293,16365
83285,9329
99459,14038
90810,7235
82015,15832
96132,17211
80808,65281
104685,16548
80937,19307
103328,9352
76512,19261
83456,13153
95102,36219
79692,24292
107807,3862
99176,12119
89632,10342
85310,17182
105676,16199
96825,5672
76640,9876
99932,17083
103568,13291
100906,10952
97420,14139
86996,16057
86948,11135
77326,25738
89296,14219
83087,7790
100477,9599
84635,10534
95060,29211
79303,27258
84026,8736
87802,11266
85561,8958
95941,15239
107662,21463
105811,9010
81618,15593
95733,27065
93613,14143
82163,5193
91734,26011
87677,2304
89816,7184
106327,9186
101799,9874
106344,9313
97705,25709
86976,19013
104847,19916
103833,6170
103482,9526
96532,13677
105817,12046
80883,15829
77825,54233
98673,9254
107364,7031
88945,6634
108307,15913
78078,30067
92490,42588
89401,11240
81002,17059
93285,19935
76796,29811
99933,2899
103989,8521
77504,17598
77187,14578
76477,10755
104834,11731
90656,19828
86161,9453
82503,17462
95429,22463
86123,21820
85549,9485
101443,9659
89089,10908
101004,9537
98976,11488
106328,46671
101630,4576
79682,13619
107885,24565
97206,6366
80721,28546
96625,24566
87687,15006
91458,24818
104683,11328
104151,9900
108346,32148
101262,9494
96543,15581
102763,8159
81274,13025
95280,10799
82561,13572
77783,15799
95843,31246
99776,6002
79114,32842
102376,13270
101704,12626
77297,19813
80285,39358
83467,6740
101059,9486
102229,12017
84664,13769
107750,20665
102405,10127
85553,9389
89780,32603
104268,9939
102935,6825
97898,11709
103785,5255
98529,21170
93897,11173
101766,11082
95038,14927
108350,18258
103542,10078
106061,41710
82286,21039
93548,32399
89937,10436
97650,17977
77515,32312
87466,15562
87489,13575
83029,6870
78512,46256
93310,21740
99598,10106
91341,16334
82704,8818
80819,4789
82774,11024
100367,8279
80303,15084
84897,10782
81307,34751
99687,9217
85321,13680
80702,12789
103843,8633
98898,6608
87147,11786
97662,8815
97518,13392
100217,4597
94513,27491
77035,12608
103165,7509
77140,15553
103771,13072
95993,23047
83624,15723
97945,9237
87103,6468
107640,13138
99549,10880
80464,17055
99623,12852
103689,14119
97337,10594
84308,17665
81459,23678
104126,30762
97303,32576
95139,19572
93074,37230
102368,9676
78475,10720
80333,26260
80144,11695
100439,7541
108154,19605
107137,34467
92752,23370
89896,10418
90485,37481
83159,11744
76671,16138
96849,13341
93722,35253
107787,7659
90164,14944
84760,14655
90370,9225
88117,9358
89557,10536
98274,2252
97325,9248
78887,27528
90525,18264
86491,25112
81617,13398
96123,8376
79413,14172
88016,13004
104681,22991
83330,8060
99163,6748
102236,7965
78116,15614
81077,21598
81046,31758
93928,24786
96436,9405
93479,16461
92021,31695
95143,18438
90500,12770
78940,16937
94861,16608
81961,14633
87630,9899
101224,14114
103357,7270
99521,17779
103897,16307
76701,10399
83560,9801
83516,18259
76385,15038
87311,17774
102065,7994
81718,21062
100025,12920
93182,28499
79240,21539
96331,14241
84781,12238
100663,3114
76390,24161
87234,9869
85790,18727
91278,21578
92254,21677
99105,6194
101324,12048
104734,9930
103445,16992
103323,9131
78055,22857
101302,13147
103095,9662
88134,7241
79346,12889
81699,16453
96464,23004
86609,10510
96737,23459
100080,13308
93423,22671
79886,28116
89452,9932
81509,15459
83975,19768
81360,8552
98089,8855
104047,27588
78711,18901
81025,24854
79973,17946
102117,16490
78400,48500
87911,11447
82806,15997
102480,10171
94044,16937
76824,8057
104095,16509
98660,11069
101444,10851
92320,53176
105141,14991
106950,10719
81851,29508
100884,10631
95196,18886
103636,3156
80584,17118
92337,17295
85513,7814
85180,13761
103365,11426
85796,16273
78462,31146
87895,10044
99262,11254
83363,10119
103800,13579
78822,9239
107816,25127
90042,11408
99022,12931
81854,26234
102619,13311
80425,16837
102306,14725
99778,14157
105957,22084
102184,11692
105195,9941
98841,9987
78452,35712
98974,11758
86430,12963
87124,8505
105872,20516
108077,16034
103608,9755
89218,11545
106418,20493
94498,10929
89269,15339
87283,9656
97545,11450
85408,16266
104594,8819
103905,9322
95101,23373
83226,11157
89257,15036
79479,11752
77652,20148
96606,9127
95504,3213
84103,10352
102843,8381
99361,8867
91098,17407
92937,13540
85635,11811
105348,12166
96427,21452
89473,17279
79316,21618
89157,18752
92217,14519
99761,17186
88748,12573
96029,25020
92916,29559
81210,16641
83778,22244
89380,10416
103398,1669
92869,25815
105278,21287
77054,18179
94021,21960
85177,11311
77904,23088
99917,15051
77123,26916
95195,19907
81922,34671
84281,19430
101289,14242
108200,25901
90235,11269
81150,32370
104224,15419
90071,12422
93187,26098
84284,12006
97109,7898
102231,10195
108093,8930
108443,39457
92992,13741
80438,66231
104913,11821
82772,9760
83960,13022
83052,15933
82939,7514
91175,24136
80115,25812
99384,8840
101540,10946
76849,34962
97226,12767
97672,24080
97579,8664
92361,27377
91952,42919
79024,16903
98048,15078
95481,21318
90572,8251
91301,19837
103209,9915
78464,13248
91311,28428
105722,19522
96211,11189
105482,7899
80750,55686
85880,16476
106997,20077
99866,22477
107262,12524
98814,2578
98650,5967
93505,14903
103810,14521
92931,51826
96126,8727
104285,6682
96503,14775
76826,19375
102531,10341
86939,14150
98276,9324
89094,7503
89376,8085
101715,6237
98971,8316
98359,12796
101520,10096
86866,10333
80468,17922
84146,10296
82628,10718
88012,17045
78341,15099
104664,9382
80753,27553
88296,14031
100349,10338
95307,23029
97982,14229
99328,20672
84689,6894
86620,8175
105565,11594
94198,43583
81959,7874
92894,39447
95163,19474
81774,16513
97953,7237
83179,12915
83316,8712
88506,15383
83533,9950
84069,10912
103724,8272
76757,16809
88222,13352
77382,18934
86702,15660
92511,14838
100163,13881
78982,22519
94043,15797
87066,9958
79987,30049
83428,18577
88886,19231
79836,16318
95090,21278
77868,23709
81415,20033
76542,25597
99066,9721
98211,12659
77789,11460
102614,10148
100676,9181
95751,16522
95684,20842
108508,16464
82075,16660
78948,15193
93337,21560
86465,17402
76163,27318
101688,9622
97445,18695
76672,29102
108153,26761
92963,25347
88441,12274
76274,14713
107189,8264
79393,10674
94684,34713
77033,6265
106413,19604
90407,22794
86730,11044
79417,13935
93426,31064
86689,6162
94562,21390
101792,17372
99696,11923
84181,20565
83652,17209
87285,8405
105860,5225
80615,27571
100040,7069
88919,12637
84980,11695
83969,15785
103616,6255
105097,13474
81573,26237
85124,16046
82995,15539
106976,9692
97250,17140
91609,13664
92582,31090
106719,12709
95711,22324
81868,26898
86650,9841
84727,7422
79409,11056
90538,16219
90346,6994
94050,42750
82866,9476
93402,14552
95803,64931
88730,18326
84023,16786
85119,15144
80528,27906
103284,8448
87269,8595
80708,14637
96853,19018
77191,21351
89419,15015
106060,10786
98372,4531
102076,9487
79960,28879
97268,13793
101849,15333
96850,21628
99301,7149
81672,20956
100709,12865
104616,10168
89965,8738
93313,11593
104340,12607
103783,10092
78842,30593
87942,11057
96790,6556
97330,10782
90180,10088
78934,31264
90145,24163
78173,19984
92455,32509
81565,22474
78530,28010
103732,14893
91559,28243
100802,10861
104472,28030
96556,9209
85610,9564
81512,36358
94005,26088
88847,10610
105272,20043
88156,7065
102245,11777
103740,8802
98554,2005
82268,11920
80472,12982
77127,23412
94612,11282
91124,33032
85847,15035
95527,24632
83373,16207
86221,16842
83131,15867
104639,19759
108323,44337
95465,17732
96905,18274
104272,16900
90562,17838
81396,30737
107589,15129
78022,16450
89141,25221
87808,11803
92344,15637
85181,15554
101172,5454
107038,13383
108214,50895
90048,8850
92619,22767
106279,12976
103918,12437
96418,29872
97891,12231
90459,7588
90230,17274
82589,15208
84093,6802
84128,17430
77775,21261
80709,14377
87084,16786
78358,27457
99051,7275
81732,12826
94316,37750
95333,26695
84653,8154
94200,22713
77707,25791
78884,9553
87384,13755
84311,10955
106179,6015
77959,49508
101918,11901
82519,13626
90216,6219
99455,9044
78784,31300
93016,19280
102343,6882
91681,27036
94868,15741
87562,7298
96639,17916
85312,19307
103821,6509
101157,14676
98644,8196
91060,21263
87747,11935
77903,22206
99482,19194
76170,17226
83750,17324
95288,12162
83977,19002
78300,23621
80362,7668
101315,12376
88661,5957
96575,26603
87420,16116
76175,9834
95867,27950
80904,34237
106939,14339
97892,10220
102282,16044
81764,19092
103326,12174
94064,24790
97529,21543
97606,7277
89922,20852
104023,12885
98885,8006
83365,12398
81828,40459
100521,11136
76827,9601
89850,8929
90528,13047
80710,26549
104646,13007
102709,10880
93055,18770
103701,18111
103548,8376
96053,8219
77609,30711
99637,12905
99911,15482
87622,13654
95938,15861
93648,17058
105208,19845
82558,24261
89781,19029
94210,48033
97589,25816
96120,14413
79277,28700
93852,26046
106276,13839
104292,22417
103994,12826
83967,14189
77971,21606
76636,25201
105328,12449
89518,8320
107941,12341
79721,22109
96770,9455
105293,8919
81503,42310
97932,12532
101258,9416
83499,7607
85447,11655
98221,9553
105617,24700
103224,7580
82749,5042
104578,17368
77279,30065
106045,25010
106053,9982
99749,13969
102786,14854
87467,11009
97949,8892
91680,26005
86203,17663
102078,6829
94020,22562
97807,12741
86146,11884
92130,26818
108463,13681
79600,26116
89904,10229
105696,12174
105440,11600
78666,25566
87225,7073
92285,30384
85762,7955
107249,7220
86894,8297
86790,20685
98272,13648
95514,16093
103863,12521
85887,10634
92171,18574
105828,20076
99025,6161
77032,7604
96993,17844
95599,14451
77651,38326
99249,6818
82347,29694
83547,14878
90793,8106
94114,2542
98376,15401
88356,13001
97473,9133
84728,15040
99765,9206
95147,28686
93220,24601
91907,29139
100215,8580
93841,28204
99392,10404
100078,10272
98334,39965
97491,10037
76179,13450
96845,18784
99295,13153
101419,5846
88658,15101
82883,19994
76475,10667
99742,20087
93385,29856
96197,7631
103239,13629
89746,14759
84083,17293
90921,36690
81029,39922
85735,15202
100511,7162
86938,10084
106540,12269
95088,19995
106791,24962
101353,5739
90012,7550
87810,9732
78427,24973
105147,22071
99572,19107
95461,35048
91238,24798
89040,20911
106508,14838
84365,9006
98635,13883
95456,26783
82157,22581
107710,10564
102827,9356
79534,24079
81865,27234
88639,12501
106981,29632
105063,8859
89959,10901
76364,20368
82709,11126
97975,7812
81231,26908
91395,21579
102044,10309
78668,14676
78000,19185
105797,19765
97820,18976
78541,18016
83979,25137
92189,25887
92421,31497
104433,15243
94419,23848
81249,56933
83181,14357
101041,4193
84544,7245
82304,25231
97216,23541
106909,25589
88158,6150
97244,30843
85241,18520
93235,26106
84502,18103
100273,9628
99220,8078
100249,7838
98796,11235
100226,9565
76989,57670
101824,13931
104347,17233
83602,12176
105100,31388
87507,8727
105460,21489
106962,16781
76968,18613
102530,11271
80270,31263
76134,12696
81648,19018
82846,10897
107094,29352
88963,11402
85665,15986
83962,10311
96200,13163
89390,7606
86778,7858
87626,13986
76994,14770
95430,13520
99912,9638
79916,33117
77558,35590
102504,5511
79125,18392
90514,16457
84199,11937
88179,12443
93132,29062
103105,16094
91760,27657
102027,15034
99456,10174
97843,8805
98592,22797
101912,9246
99398,8442
78585,17455
99870,11934
86989,17354
86206,9052
84406,10046
86226,4834
86528,12544
84765,13751
86600,9757
97750,31373
90475,8646
103437,7797
106713,17139
84811,16188
79863,35963
79529,17169
87367,11051
93885,24911
107524,12579
77240,24969
100091,11276
77872,19197
97015,26123
78978,19418
95091,20463
107650,17553
76162,31602
102355,13484
101524,10338
78720,27358
108192,30604
94404,16513
100206,11671
94915,30403
101631,7136
84639,11939
108277,22208
103453,10231
105392,20252
82369,9973
104666,9571
95742,28201
96912,12420
93541,26535
82393,15176
81024,11951
81284,19653
78406,20194
99306,8611
108130,7546
106160,19432
102940,15413
76742,20815
108025,13382
77658,21145
84295,11291
91996,14974
103468,11150
87336,10739
103993,24482
90396,7633
97935,9460
80399,34164
105883,10715
92823,24841
82238,21108
98091,18718
87257,11714
87937,9589
97548,15210
105775,17662
81363,36302
76833,34312
91768,21237
99627,10904
