carID,price
89856,12333
106581,24289
80886,13561
100174,16877
81376,23397
85391,10343
82175,14553
95250,15053
85071,4988
96210,17054
80317,27148
92731,20504
107704,9251
98302,7250
107055,23340
94621,41726
91709,18242
98193,47262
76189,17829
86871,14948
102917,6790
90923,26746
101603,8321
94196,21151
85174,16217
103370,12368
107877,16328
79567,14413
90091,9137
76169,13898
98708,11171
107347,21796
89583,9330
101591,11495
92160,15063
99676,11782
85354,17749
81900,11830
80345,22162
78509,32326
100872,9561
95087,28253
86027,16181
89135,13994
80557,25957
108092,20875
102672,16887
83022,8021
78398,20312
95889,29403
81117,45649
93730,18865
101380,9293
81772,26926
85304,11334
86107,5725
88696,16165
104350,19969
87331,12480
85206,16302
107445,23632
106539,28559
98712,23854
96875,13354
108464,22529
99890,7836
87771,16976
79442,20710
84170,11107
103045,15010
101544,3518
77350,10321
89225,14337
79565,55195
82849,10568
94360,20217
103040,6541
105101,46263
97077,11859
98674,13082
93447,28470
84951,20009
91953,10634
102101,8285
92604,30741
89010,9635
102729,9501
88024,10920
104367,11857
101230,11425
82524,19434
95279,47949
106098,12482
89749,8840
101277,6712
108016,27569
81259,24751
97434,20649
105289,25970
103379,9871
78317,31570
104166,20852
106660,32092
107490,11958
90684,13393
90032,6808
79481,19563
102524,9377
100778,16975
77810,14789
98979,13210
76558,19210
94550,23265
107246,6291
77429,25289
106105,12430
105213,9539
102747,9965
104958,15364
96036,17300
92310,23116
100837,6536
82858,11314
90119,10804
77304,21251
89011,11328
84623,16674
99665,22547
100592,10000
82623,10227
92035,18895
84305,10413
92903,6128
93398,20510
108067,18049
85062,8271
81727,38033
95637,10746
89690,8002
83240,17498
89711,8340
96945,10218
104924,22133
79633,20059
89582,4788
98080,7426
85992,6751
86712,12738
105767,13039
100590,8948
104574,15989
97246,13355
78141,18169
91590,28680
80767,13866
100344,14766
88987,20599
96479,21236
90598,8906
83880,8194
86802,15514
103078,15623
84736,9637
84196,3261
102062,10108
90110,6235
102907,10911
81776,24686
102431,6434
80442,13902
78656,28850
78537,35405
102511,7557
93612,19306
99284,8031
96315,15342
94305,49430
100636,11046
81816,14132
100352,15734
101476,10594
93392,32391
93995,21938
94261,31033
89117,15129
86506,2435
88456,7500
84134,10873
81088,11567
103960,11119
84925,13074
97306,9951
83752,7606
100696,4928
76472,11166
101128,12986
105932,14134
86416,7078
79616,27943
83395,14367
88734,11371
106676,17673
102442,10281
88761,17752
79708,28026
96808,18689
103755,9630
86273,17689
97635,26538
80797,25345
108000,18819
95126,40528
105187,31576
81613,20424
103906,6670
105729,7912
100637,16379
82861,7796
107823,15096
85274,14129
88926,14794
87871,10829
97970,6818
98044,8012
90277,7133
85647,12542
107447,17933
79418,7880
80383,27554
79894,16799
105875,7061
86032,11630
104423,15973
78437,14398
79480,17607
89973,6480
94007,28839
93952,14897
84548,3091
97885,11853
86571,10191
77839,37449
102201,5720
98731,7953
82395,18511
76816,32638
97956,7553
86012,13145
106393,21492
81832,28670
82787,19279
103974,6678
100725,10011
86552,7051
80174,13452
99189,15573
102543,13243
98518,14085
100334,8972
92673,17538
88008,11884
105207,25004
106462,22833
106106,15693
79705,17708
108193,17893
89668,8244
86435,11687
101281,11332
104753,27430
79004,17155
89732,3063
89201,12824
87282,13206
101589,9536
87352,11704
103388,9529
93619,16643
101941,6620
106533,13505
90018,24816
101265,16348
104255,23210
80093,26987
82433,7740
77254,19537
106400,31858
79847,10409
95735,29224
106733,20473
76318,20722
95966,21878
101690,9674
82845,15937
96266,22440
104175,28491
97347,13618
92730,49060
84738,8907
102596,6167
78356,31159
94062,30892
101662,7032
81715,29091
103046,12358
108133,6693
96302,13207
83859,22012
104815,17210
95903,27321
79683,10264
88888,20869
80529,24134
81898,75093
83435,10199
80448,13286
79241,32419
76056,20586
76342,16738
98238,9550
85878,8111
102846,9926
90215,3678
79635,58884
77561,17312
101151,13073
93594,26455
78703,36730
87596,7731
92572,19174
90757,8221
95881,19606
98008,13206
84805,8820
100888,10211
82504,15887
82177,14780
89472,32480
82301,17105
106483,8829
79808,12805
83412,17205
89386,17542
89889,20759
108249,17560
98252,8917
83525,9767
102595,9893
94255,11497
91259,25554
99539,7101
97379,25900
104452,24988
88479,11180
95424,31951
94732,46550
89025,10356
89497,40647
92405,15421
95346,15957
91337,17647
97739,14862
81087,12167
80661,10253
105537,12617
81073,27390
102770,9859
99299,9724
77528,18286
95278,30999
106536,17215
79421,14589
105026,23663
97887,11717
106163,15485
103242,10503
103098,8167
76195,15859
103418,12922
102091,12277
102341,7246
100315,20439
100377,7560
78857,21779
93748,29130
107891,9561
77063,26550
86916,8994
108347,10035
94475,18467
100383,10773
80618,32580
98926,10106
77228,14989
106915,15191
92594,11406
80745,34332
78361,10736
95725,26207
105171,8068
87007,9681
104121,16060
92877,15769
108335,44417
101357,13581
89325,9949
103144,8018
101413,6518
85182,11205
84097,17653
101970,5601
98315,5023
89048,10745
106141,8882
87105,16483
88472,11931
93361,15585
87040,8047
99831,11442
95677,12992
89770,6535
77371,26644
107143,18085
100271,11785
83905,11303
101531,14043
90617,8089
83895,18576
89453,14086
106012,20589
76381,18826
106986,15860
84143,12346
91665,42947
81350,13647
80422,13139
84794,6145
81156,31695
77082,34940
97356,9376
82730,17136
99244,9845
85538,16279
101585,11312
90288,9620
98799,3077
93547,21078
85142,9726
82012,32640
89654,15590
102304,13420
79288,42403
77400,11538
98597,6244
103156,8472
95446,27176
97036,9061
101401,8528
80817,10328
84078,6742
95390,27351
79883,23744
104059,12530
103041,11335
81651,12941
100432,10783
84933,13454
81600,18918
78379,8130
90816,7721
107414,9380
105633,19839
99508,7338
100874,8159
104208,17530
84774,12325
96518,13064
91543,21032
107146,20899
94426,15682
99059,9264
96640,8088
81277,9342
102409,12384
104800,13628
107498,19178
90942,43208
80202,23839
76794,17136
88973,14361
91958,58520
80562,19491
103486,7565
95237,15473
105569,15577
106560,26605
107977,13616
90076,16402
93050,16110
80609,27942
88557,16359
90894,19916
83669,7061
78849,16459
101275,7525
91858,7148
96243,14492
106227,25396
105300,16708
93065,35956
78002,12206
82500,13559
78204,9302
107851,8559
86217,7182
82662,7431
93324,33313
79680,13004
104920,21541
96735,12283
89992,7541
106961,25376
80078,13981
101429,9788
95551,19603
79937,55011
80680,19323
99448,12393
93909,32769
96888,9805
104584,12737
107289,21670
84126,15811
101282,11017
92474,21161
88871,16002
107177,15774
106026,14620
96937,11733
83543,6654
81094,18595
77503,21867
85351,6131
96000,17965
87374,15454
86394,19162
108364,12381
91441,30643
97039,19553
106685,11571
95631,16534
101883,8489
78238,11292
97508,9279
98441,12273
80066,23343
79095,39523
80007,13528
100219,8798
82511,9818
89270,15877
88713,9640
100353,10723
102841,4342
90117,13579
81549,49627
82350,25558
76546,35468
81013,19254
91240,16096
91542,20691
104518,13322
93537,47006
94372,24752
104419,20412
97636,13911
96288,23908
78717,9991
105610,20714
97754,16894
81458,12125
86931,18523
90713,21394
90909,30654
77251,39833
95081,10221
95560,14244
93288,19017
105036,13527
108490,10270
96935,21745
89373,12726
98010,8684
104699,20480
86692,7934
85024,7852
79086,32101
89939,12764
79098,19205
86141,18001
105462,30041
92870,32885
92163,21915
87481,16271
83276,9840
79356,24185
103602,11649
88460,10168
100934,6735
96659,6389
83204,9446
104621,19730
84110,12093
99265,12353
79574,14054
78186,10846
87005,13546
104043,14999
81574,31576
104091,10744
77759,24064
78181,10825
96169,9984
98267,19595
97837,13343
80133,16834
98571,9972
88628,20347
78622,14837
88678,10837
87278,15694
86963,9522
100350,7012
78771,18432
95935,18019
107590,12799
84458,13965
85656,9208
81611,3887
92638,20530
87478,7973
98407,3886
95581,9960
100645,12083
97184,6845
84473,14673
88951,6894
100836,10405
91338,58093
94112,16920
89882,17286
97097,7663
99151,10394
99607,8962
78931,17650
97805,6588
97477,13274
87819,18992
76361,19344
99201,30229
103410,11071
108436,14608
105558,19512
88025,7786
101944,8116
80786,18859
84001,15275
78304,22425
100501,14774
99693,7468
94557,18592
82152,26284
92039,38783
83177,15139
90726,7838
82879,13498
87378,16445
91699,15110
85500,18656
97050,9642
88754,4546
79069,34866
89329,17375
102605,10412
93090,17093
108403,15998
91391,18502
80964,20771
89444,19813
84092,12432
100617,10568
107962,19731
106640,7155
95123,12825
99114,6044
94461,22159
88654,15402
80421,16366
78113,19533
100558,7059
78873,26362
85480,10420
103902,10433
104816,20736
89039,14237
95169,16342
93971,19145
84450,20066
80824,27954
92545,16005
89226,6497
93873,20477
85871,16664
86343,10660
93634,37727
106942,8965
82535,10819
92259,17247
88794,13462
77385,35003
76996,6558
102708,8323
81359,14606
90486,3408
100200,8239
87970,14670
107512,10683
79078,26870
108477,14154
80312,33173
82208,8012
100695,12739
99506,9595
85773,15292
101887,13363
90129,10891
84730,9392
107601,23054
89592,6313
84844,13164
96938,15698
84981,16281
100698,12754
103306,15408
107175,24451
95411,30960
101169,13904
99407,18407
78248,16063
79031,19251
91040,18840
76464,11854
102813,7947
86811,20665
81191,29308
78202,32873
82471,12571
103920,6709
79904,25155
95670,30288
89931,9892
92605,41789
85695,19385
98750,9641
101284,10391
91932,20010
98623,10470
82499,11103
93193,26937
106110,18254
78500,27429
89447,16149
103373,18281
87872,9580
99425,14439
96552,5804
105787,12173
82567,12305
102894,7439
77641,14873
100827,12152
97712,15976
95197,32796
102993,11734
94855,33277
81534,16548
95133,14127
107468,5572
86402,12890
102666,11838
92984,24300
93891,10278
94312,15904
91959,40030
91802,26952
108175,15558
78293,30879
104991,8238
104302,9891
79807,15176
87167,13604
78620,22297
81174,26431
83125,8918
103123,10332
94065,19750
78480,16500
98280,8737
83415,7830
92297,127604
100221,11119
78829,15103
93418,20340
83424,11063
101749,6390
103456,9277
88503,10219
84931,15033
107552,21777
108037,11422
94539,24454
83697,8759
87455,17907
103044,7914
104852,21479
93437,39957
92885,15344
80922,17953
102886,8217
104586,16685
81164,13221
106074,16487
87617,17439
84513,14326
96743,12928
81209,19549
95463,12628
95457,18622
101606,12193
97485,29386
91916,24876
91629,43033
84215,12740
108190,9922
88314,19896
104526,17299
82467,10692
91827,31616
77885,60340
83459,8266
98375,20257
101233,10965
97186,9701
95520,18765
95216,40379
100878,5194
80031,29815
106134,25409
103526,6724
104018,45017
83920,10020
88245,9801
86248,8224
86315,15670
108157,31419
102814,9008
84371,11773
95270,14920
107670,19505
78745,14268
88772,11191
82335,16922
100049,9488
84953,6971
98948,18240
95952,35882
93638,23449
91164,32885
87627,19658
89209,14583
94140,19184
86567,9472
81451,22501
94658,25405
103969,9193
90158,14773
107712,14316
102518,11344
91367,29991
78764,16775
87411,13806
80790,46540
97848,15307
97985,6154
99323,7008
96854,12199
103917,6557
86223,7676
101812,8872
102098,10083
93414,11739
86794,10001
81508,29193
105781,16750
103758,8832
100877,13343
83075,16384
100303,12983
85269,14787
95693,18402
85891,17539
85991,9712
89378,10951
79718,11252
96415,13489
87510,10661
95579,15541
96453,13324
80182,29138
103363,9818
76430,20550
86302,8024
78876,12370
106740,11654
101855,11956
78987,29336
100155,15616
76069,28936
79889,19566
104035,21069
102533,7038
85374,13755
82210,25031
81145,13142
99738,12821
98201,36042
88630,8444
94084,18652
79771,21907
91057,41027
92492,16987
103600,15950
105315,31508
106151,18929
87426,6442
85249,10463
77379,7182
76190,11741
89820,30100
92650,27519
82906,17277
104766,16691
104673,18586
103734,6487
87652,13065
107399,16210
97222,17828
100614,9448
95807,31616
88084,14053
97997,14597
83321,14807
83002,15116
103995,9546
102305,7093
97774,22692
87737,11343
102191,15635
78470,22760
81787,21056
90975,38422
76598,21052
88308,10248
105997,11372
97095,21181
100555,9317
106628,22026
84638,6036
106752,23804
88072,15603
86734,11123
105842,24133
102037,17780
96623,11132
80943,12379
107882,10194
96069,9315
86796,18979
83234,14386
85044,11319
76183,30295
102124,9216
105963,11572
108127,12183
76435,59002
89809,24253
98129,11925
95632,24515
77264,22400
102849,5479
106860,14922
90177,8502
104336,12507
91068,20029
85416,9579
92720,18617
105257,10644
94524,15707
87069,15494
79026,16913
100533,10441
107396,7465
77220,11548
76863,10890
89441,8143
86301,18320
82808,17176
106681,13058
100673,11257
87115,10077
84819,10122
99889,12435
100435,4726
91329,15504
105897,11472
94788,20894
96403,18722
105780,24377
81290,20659
91689,16209
93660,47442
84018,15610
79166,20747
99850,12872
89900,14965
76628,26272
99136,11017
89388,13500
86441,15920
100362,7763
99493,10218
108082,13983
94759,22662
91954,25857
90378,17617
86126,19827
92990,17369
80507,17269
105394,21191
80679,11342
94014,20373
78092,27522
92725,9425
104609,6015
89940,19893
84337,15817
80392,18140
90992,44135
88342,9805
83193,8125
83080,27315
87197,16505
106043,8998
81316,13911
105197,42756
86103,11122
107819,34189
94911,17975
76597,32664
96614,8327
102197,6255
104617,7401
101445,9116
94521,58176
107290,17887
93099,23567
82179,39765
96268,25731
83202,15580
101568,7553
89145,7872
82718,6260
84595,17247
86633,13155
91925,29038
100357,9459
93684,17632
106465,44394
84631,14879
97796,10576
82836,11331
81314,55537
96868,19640
94329,20583
85728,6741
78259,18873
107084,19942
96134,9034
81583,26476
104264,16351
86202,10661
102867,7789
83461,12049
77589,16580
94394,16348
87588,9650
98769,12744
76735,21382
105592,12395
95260,17027
82699,7819
95827,27649
89294,9067
90853,13961
86522,9849
80958,29101
94038,30891
88512,8243
80219,10470
86063,3020
87724,8033
88835,13406
105687,17147
83567,11478
106584,22098
98492,5605
94494,20005
89061,6291
103125,12247
103883,12244
80430,11078
95544,30315
105136,55983
105560,9353
108397,26843
82236,45501
89477,13737
98106,6526
85996,5706
103439,13885
90831,7649
100746,13237
81518,12300
98610,9686
100644,14032
105486,13806
79765,15459
107609,10127
85407,13278
81527,25417
80955,37144
79400,21825
101238,9573
87024,19020
88662,9198
107983,23949
93662,26600
81557,27538
94520,16362
97010,14529
77628,29419
89561,14248
104218,15905
99839,8921
87279,10849
93760,19575
89551,7601
82714,17168
98166,19751
83812,10684
102617,6795
76869,17233
103735,16868
94201,21054
107893,17198
78651,12425
85246,12054
81194,25192
81133,33427
95611,32118
93004,15234
81826,39797
100157,13006
103768,14267
93350,16401
76901,21992
88742,11250
102866,10633
76438,28359
86105,9666
107506,25217
108520,8608
106613,10696
94164,43327
100964,10345
92769,12279
82221,10225
98686,25702
79762,18769
84645,19106
107656,21314
97538,16943
99552,24724
102157,10695
80935,11078
100578,10960
94686,24218
93268,47714
91842,24564
95609,35527
91576,21665
93139,43550
101030,7929
80172,47493
106262,16444
101562,9352
102273,1903
87102,5110
78491,18464
90631,7598
94672,20668
77261,55834
80434,16229
86840,8849
95011,25066
90870,11647
97999,10427
77016,44773
96931,17558
85215,8975
105268,16410
99519,6537
104056,17891
91117,54168
107099,23496
80475,12126
76216,34134
93207,25893
105166,9699
107209,18982
100109,9312
87232,13549
102624,11505
81948,9059
93625,43970
90334,9285
79878,13534
105653,18904
108014,12818
105491,22033
87064,14146
106773,14769
93489,12820
89490,20939
100771,13221
100803,11947
92144,15018
88632,10833
78778,17922
99308,10165
77161,15240
97501,9620
100933,10888
77489,28716
84309,10819
108040,7957
97159,17786
95779,14951
89650,14398
80999,6517
91887,23011
79753,29090
84669,14864
76401,13780
90299,21016
80820,11654
80744,37367
96151,16255
101368,10167
106886,23988
90590,14505
102988,12014
96155,10748
98069,22567
99349,23013
105341,7084
97054,12385
80210,23833
105334,15582
88495,18576
101578,17120
103240,7541
84979,11097
88799,10311
83073,9160
107288,10873
102097,10561
99042,9912
87242,11652
77310,23948
87982,18532
95506,13632
106574,17244
80962,48454
102168,6526
102528,6912
99307,12707
89354,12822
96717,9897
99267,19470
84588,9526
88920,8121
101122,13184
100916,9736
90206,13881
100314,10276
91528,39305
82508,8200
77095,50120
105943,10308
92610,24078
76706,16797
101753,8802
97020,12830
103582,9522
89559,16323
91293,10512
76698,31658
105365,25213
102755,12873
82363,17608
94314,20260
92463,20214
107566,12249
99251,13243
108140,33102
99394,9708
107849,20539
85021,10835
98878,12663
80258,7843
85751,15596
77932,14510
92120,13912
84462,16034
104744,14798
78174,12025
76239,30104
99098,20784
78068,20320
80129,15988
92276,24889
84297,24785
99082,13634
103218,11920
100512,7511
100481,7235
77761,15922
90764,7296
103431,9955
96133,17736
80377,25654
93811,10286
99125,12692
92377,22355
84221,12371
87280,13113
91188,21872
83645,11935
105967,8077
89389,10174
78866,19342
82761,16527
95049,18252
80729,8017
76702,28269
93554,15021
98932,24506
91264,24403
86993,12394
102784,9923
79105,21923
102943,13361
77065,24814
104740,14524
95500,17315
95345,13465
103581,11200
86417,17914
87299,10588
101375,13269
97640,33024
99560,7450
105849,22450
95701,27897
89124,11637
78589,18897
86742,10323
84620,11988
91165,27497
88463,8954
87571,8090
104773,17646
83370,10669
105599,11045
104275,21561
87908,17540
92637,7466
101747,18773
99271,7475
77493,30934
100122,6177
96424,12378
103113,4935
107985,27070
103634,9494
93302,28088
93877,15394
98121,8486
91191,15813
99106,20491
83151,15077
87913,5100
105517,13263
99452,23053
95017,24038
98803,11255
95625,29399
76846,18555
101791,11875
79911,17628
98545,10271
106811,10614
78007,37841
97259,15349
96999,8396
101969,6657
107018,32814
76246,28966
77303,10978
103674,7220
100794,13785
84367,18815
101652,15824
95111,19273
96965,8720
76396,13999
80269,18284
87328,6569
85984,15990
80193,27581
98525,6625
77460,31725
85424,19083
77271,20320
104786,28392
103727,9715
91819,27379
107028,20786
94966,20363
78126,16150
86200,17307
100317,6674
88403,18518
102036,6500
78858,25367
85122,11683
107516,19512
103432,8754
97354,8053
100218,12693
92759,14990
107648,38632
97107,21105
90871,6259
78611,38242
107537,11986
84840,11310
79802,20242
96763,4849
93033,19332
76969,33334
106154,10030
105965,10011
83644,25722
83889,10892
88026,9440
81652,27504
77312,15902
102749,10330
84444,15314
81496,18077
107471,12384
84265,3491
92346,42105
87248,8513
94931,14508
93712,24761
80162,24716
79351,24757
85734,2329
106372,12718
96106,8850
96702,20881
76823,10472
102214,6132
81128,16419
88320,12849
83531,5911
104506,20769
84074,6517
104709,24637
85626,11191
98427,9226
78699,32780
94756,23670
101283,7907
82397,22577
77954,24533
81630,23877
87025,15622
81189,16709
107048,30622
99510,7042
85462,21794
99442,7270
85541,2429
81635,36595
83983,12125
96161,9287
90359,13015
86597,8643
77633,12227
80552,28448
87749,19517
88246,11607
100434,10441
102049,12789
84649,9789
80783,18098
102021,7905
107760,14266
98095,6390
103474,8842
101486,14840
78334,40792
97026,12392
87049,13678
94207,23831
90080,6089
82025,17051
94478,25084
90501,7481
86699,10011
91557,29553
105343,10433
80034,28389
84220,13741
79498,23330
96294,26769
107974,7828
80316,13716
99928,7448
91851,10619
87827,9387
98130,14432
96139,18325
93176,31782
90903,31849
77200,21118
95858,19846
77764,17657
93978,38600
78852,12459
82121,16292
91653,28108
88882,10494
107327,6802
86583,10463
90101,14234
90893,18894
93813,31294
79215,16216
96480,10668
78841,34335
101519,17895
77704,26564
95308,20882
106617,7452
92279,23527
77974,22507
96897,9066
84841,8382
80966,12973
81646,28680
83773,10275
80357,31544
93576,13394
76332,30028
100522,12060
95723,11898
97599,9200
83267,14794
107086,13587
80173,29966
90902,50113
85442,20663
82924,3914
106669,22413
77358,22616
86661,18644
101073,13048
83897,10368
92465,21686
105110,19005
79370,12736
106568,14489
106121,6059
97194,11056
89289,18796
77301,22933
89051,20488
90207,11890
95193,19840
98653,6786
98934,15506
102897,10742
90845,10199
101868,7828
95210,20690
106341,11690
101091,9676
98060,11348
90026,6886
88157,10877
97383,13599
87451,10252
103381,9509
93512,14143
77414,59814
79553,13066
96377,8563
105001,6955
106183,26063
95745,25592
107011,9660
78953,21587
85187,8958
87941,11040
77483,19022
101372,9003
83730,9044
106166,20879
83753,10525
106514,27570
101583,7731
105137,2394
105295,27198
77657,44345
88515,7415
93729,21426
88280,12685
102832,10299
97873,12651
101671,7882
85210,13723
80735,26898
87811,17751
97684,11405
99915,11679
97502,9493
93678,32878
78821,16475
93898,16843
100832,13719
104921,14910
83890,17321
85696,5561
89485,11831
87460,11168
81080,50297
87235,7761
87587,8140
96329,28044
108174,9595
106700,12442
98539,18421
105234,22560
104708,11536
79081,32688
90270,19094
106057,5001
80928,31583
94218,34867
107429,11421
107776,14418
105303,8001
107166,32204
94379,24966
94832,3869
83043,12149
84114,11776
84283,12591
107679,7374
89280,11041
89840,8918
89927,9603
92218,19149
97100,7850
79443,10504
96551,8901
101305,12317
102576,9138
84060,17881
92280,26118
105210,12298
104496,19556
104267,13349
91491,31268
78595,20320
100913,6445
103028,11689
77788,25102
89629,7791
93781,24310
76551,47912
84917,12305
106009,13696
96109,8506
78933,20063
80386,42487
105590,19231
87670,13923
84443,22346
95776,56758
96400,15372
90834,22468
88360,13815
106848,25819
91981,28209
89126,9703
104879,20758
90449,15423
90667,22388
78986,11305
84945,14378
104356,11017
105159,20580
87755,2838
80978,27237
87272,17554
77291,29324
84904,11072
99446,17792
78688,28920
86155,13956
79551,27868
78281,9305
94551,44611
103232,9663
104767,10881
88566,7613
77896,28641
96885,17096
95778,21258
86874,10189
91080,23653
107737,14874
104851,25030
85070,23532
87362,10800
92302,13532
93294,19119
83422,17975
84862,10063
84415,11326
78737,20500
84686,6426
95112,26546
86518,13181
84839,11545
81172,26867
89932,20063
87300,9662
105568,16706
76252,14385
80951,31221
83509,14267
108493,28685
89976,8211
102525,8061
88102,7889
89605,14710
92381,12723
81987,35856
91951,25675
108167,16529
89798,7567
97312,12992
106458,11067
80611,45793
83390,9225
84346,17542
88061,11578
91266,15890
99611,7522
106366,19175
91936,32706
82520,11533
84865,9054
80141,21166
91890,16671
76251,18705
84247,7699
91298,33272
88015,8849
92776,25812
76709,9354
105728,16198
103796,12856
81171,19346
88413,9912
102155,5589
81200,17341
95674,15075
96157,12564
79020,22607
103587,6246
104190,29000
80486,19056
91177,14347
76909,29445
97278,9207
77170,22502
78840,12692
107987,14884
104444,14844
98408,3817
90629,16868
85268,8863
98419,10130
90747,12972
105907,15283
88335,10504
104161,25665
101427,12788
87176,18634
94012,28935
106937,19193
106573,40060
96877,9617
102568,8217
93510,21222
78820,32044
76763,23096
106884,7095
81041,13797
93827,19761
100321,7978
81450,9635
95107,16154
93670,24456
103551,12031
106715,17376
100863,11028
79259,10814
105336,28362
88906,23069
93039,28656
85639,16525
98378,7932
93639,12507
83518,10328
79592,14185
95678,18921
87400,9692
98813,12829
79157,8007
76223,19733
95406,18785
83724,6435
89739,15904
94933,25497
82605,10930
91566,16306
76873,15399
96884,14880
85901,10808
106449,22338
90672,9746
78513,23198
86464,10612
82921,8914
93886,29328
76303,12928
98243,17339
103497,10892
87786,15000
87780,13452
99339,7280
95351,24881
106965,12370
87540,11915
99854,10560
102357,2317
90737,6129
85392,14359
96882,7438
88268,14723
106075,19950
88674,16018
77623,13801
80394,15385
94942,25045
101237,14902
86351,14921
87055,8885
94851,25140
79816,14448
97214,14279
88900,8154
97464,11377
76403,16398
79786,18909
83858,11410
83658,9382
96456,12689
106217,13319
88111,11367
86581,10696
98218,15649
93801,24163
87206,10484
88569,15372
104348,14171
76478,19374
101509,16985
100915,8566
79676,17747
102673,10112
98151,6492
77583,14775
106602,33750
90134,12914
84228,6077
100131,11728
92807,24926
95025,30557
79779,9100
77216,26734
83476,11975
88942,16034
87565,18135
97055,21638
97212,20071
97321,16201
102240,9607
91253,16869
90284,16053
83582,16101
81255,34102
93903,38635
96241,17490
99117,4422
79874,28754
105193,19385
98186,4465
103313,10686
107714,15594
101081,8626
79663,4810
81108,10899
86643,6537
90931,22119
107518,23785
84511,19154
80689,11322
86547,5892
79670,14777
82281,15885
102274,6392
107948,12089
97149,8857
95980,16545
108047,29815
94763,24493
106148,17676
84164,11670
93448,28422
103837,20526
91861,26677
87914,11072
85944,8888
83795,10786
97374,14578
80569,11670
106331,31046
93177,32997
85257,16200
80094,19058
98473,11918
98021,23616
91714,22261
82569,15930
96451,9613
86310,10852
89702,7030
87577,15781
85221,26892
100454,7114
96748,4607
91472,8603
88350,4846
84386,15088
107993,14158
101496,5662
96805,13391
82084,19032
94643,30096
83871,15886
82327,19025
90332,12809
84949,32276
83111,18373
92067,18926
106714,19706
85531,12255
97311,9982
78102,31269
98348,14864
76715,23533
77091,14729
105854,13133
85983,8111
80823,13565
102612,14023
104209,18210
97643,7775
95340,22426
81183,48611
87928,5718
89448,11560
98522,10144
94213,10721
91583,8354
90280,10608
93287,24013
84510,9885
98179,21106
88162,18334
78449,46105
94548,17283
95056,29573
106725,10058
97968,6794
104923,9801
97276,6869
97080,23399
90691,33515
88033,16647
90160,16411
81661,11704
101260,11145
79520,28597
78213,16031
76187,28898
85752,15793
90729,17104
77637,19717
101847,11219
86787,16539
105758,10121
79389,24462
98312,6502
100222,7634
87873,9452
92965,22321
89168,18530
82368,18537
76505,13262
100946,6105
85815,7645
87705,28325
106931,10749
95571,20834
80308,19713
91824,22981
106743,25693
101866,16187
95817,32829
108505,14867
88722,13402
104371,20334
93879,11138
96038,16810
104690,12234
93199,23667
85967,12757
88714,7938
99467,7373
85701,9141
103450,10333
96943,10427
88526,11843
79326,10816
92314,38042
106373,20375
76953,20293
89741,7507
100458,8970
91895,53653
92356,16596
80632,21052
106959,10306
96251,11796
97996,24054
90021,14716
94899,30309
93093,16774
100175,13865
89968,6967
102132,3754
99121,11798
92662,17204
96612,14519
77399,16951
86443,12812
93198,33916
98001,18324
97764,12470
94983,106068
82703,11434
94794,30546
79793,18910
93376,12377
76374,23755
84045,7881
106780,15730
93213,15106
97870,9219
97748,12664
97255,8752
102668,11832
105898,9928
101786,13191
87690,14632
86329,10542
77696,35569
104321,57853
86782,17468
97134,27484
86684,9458
95509,33693
82314,17222
84124,11952
87597,10830
81357,17448
95055,16769
100244,8932
79271,14737
82043,21009
96348,20571
76594,19168
79552,14027
97181,13534
99147,11131
90786,7286
96203,9049
100288,10929
81529,20739
84229,15603
94332,27783
92714,20821
107716,14741
107685,27860
97836,4317
98284,21000
83128,18195
105500,11519
97781,10593
99341,9413
91793,31749
76224,15794
80840,24435
94587,16623
98667,10541
78973,14153
85175,12732
107489,44527
95790,12504
108044,8130
80652,24259
76007,16585
96039,9980
102618,14540
80863,14763
95695,19892
78815,28736
98063,11308
83732,13253
83190,16613
99504,9490
82372,14005
77977,48131
81688,14381
80154,22355
108106,21625
80724,15096
89190,9114
102321,15665
97375,10902
99379,24453
84767,9877
89470,7863
85592,11272
80381,28788
92149,30208
96044,21002
79041,12052
103108,17984
91118,18594
96434,7966
86875,13667
100326,10545
106416,21127
88074,9548
91579,12357
96819,29712
80373,27223
82681,10031
88450,10754
95040,15109
76720,12105
94576,3952
82502,7008
101100,7847
104522,17182
108039,9990
77894,46391
80888,11505
80366,48251
87653,8152
98083,22650
89042,15784
102520,13319
101620,11986
108340,9775
98465,8626
82307,24497
107499,20687
101440,11569
82392,25534
79371,25774
103916,14821
81192,8706
108185,10115
81811,14717
97993,9659
80214,24773
79896,18324
86793,16159
100548,15051
98986,9009
82411,11637
98467,7587
98645,22344
84530,6557
86479,7087
90655,16163
97319,10697
107749,25121
77199,27399
79255,16659
85072,8329
99421,12184
95187,10264
103262,13512
94589,35872
77608,60541
89729,6113
99171,13526
90914,24336
83250,15089
83275,8240
91269,23682
83003,10047
98988,19063
105748,14157
77688,15841
91090,17024
100544,14059
96608,7590
98784,9324
85655,15448
104236,8788
97437,12569
100150,5815
96911,31466
87126,18311
88544,9533
97889,11306
76768,13452
101722,7612
96407,12094
80640,17328
88000,14020
103451,14925
80542,42002
82212,13379
102407,9134
79895,11497
95909,19663
79646,29756
77051,31168
79375,37044
92023,30805
87608,8960
77731,10891
94671,24104
107804,15579
106359,20503
102758,6187
76944,34633
92103,16939
81188,14549
84157,14070
77509,26183
87332,6407
101597,10468
84021,11002
79820,24778
102505,11450
82887,18699
98676,11743
89288,19981
89410,13036
76489,14127
85587,13202
93752,13949
104857,16035
91582,33572
100760,10121
95388,26415
105606,19448
93352,25016
102452,11665
88997,20357
107478,18516
82604,12662
87188,15863
97769,8719
77941,25681
91489,11959
84501,16350
97428,17072
107961,15459
106520,7828
82860,17167
93232,24295
106592,7141
81719,9261
81658,16331
92676,22550
102253,9104
105237,13091
78527,20987
97452,7507
106530,19297
84118,13089
84314,11415
92313,23461
91271,28792
86067,7765
100751,10377
99647,30401
79872,64050
89703,19994
82985,9878
86719,7166
78249,32110
94826,34250
80867,33026
88405,14327
92596,17652
90699,8585
97504,20466
88236,16583
90859,7678
84327,15937
86926,8946
98478,9108
82435,14476
105477,13867
91685,14190
77406,15642
79806,23743
95728,14099
79181,30154
89777,13598
104090,10657
106849,19669
80612,20529
78114,15718
93850,30385
91913,12072
104359,20059
103818,1472
78505,7690
78147,5929
98618,20252
80947,17686
104926,8807
87266,26567
100085,10949
99550,9858
100618,14139
88609,8637
95379,25480
97130,19183
98078,30328
81543,16996
94442,14708
88513,8345
104084,17615
77862,16963
83231,12744
80020,30087
88533,41309
89260,16458
82264,13311
84569,9698
94361,39467
76511,20543
79088,16687
85645,17768
80492,21133
82092,12762
80792,11819
79022,16669
92175,17600
87149,15433
94676,26049
82453,13760
88623,16173
93157,25168
91767,20210
82525,12859
83387,7317
104711,13038
82040,21997
90973,23004
85628,16674
96701,11610
95441,16086
104513,12391
91247,30347
88940,3091
77571,22620
104299,19193
92609,22434
85134,10628
81305,30634
77683,26499
89313,5636
85999,11096
100266,13493
97102,15332
101321,5927
108299,10670
85057,12503
84995,13843
84612,8426
94300,19525
93656,113752
89647,10913
84389,7667
90197,8129
80844,7792
105331,20542
98831,7452
89697,18039
103351,10254
99969,6886
99325,12054
89198,17057
78239,16413
82481,8849
83655,14875
83006,11061
81067,51587
82451,14393
107390,25029
101406,13078
91715,27251
99989,10344
93206,29338
85902,15442
85195,16151
78130,26825
76552,26117
89420,13325
89566,13545
94682,40247
87373,17483
83481,11218
84348,11002
88809,10215
107886,12458
84976,16261
106340,17325
87849,15984
78363,8382
86657,16046
89773,19853
94449,33848
90861,15609
91749,27790
87090,12175
80200,22381
79369,23293
101679,7666
88080,11351
103400,6779
100960,15615
106116,10258
76678,33794
86832,4806
80278,13044
92718,15026
80121,24093
84360,7896
98000,11222
86852,9952
84665,7285
104032,20154
88348,6932
85919,13584
102408,5988
91678,14341
86965,13410
99748,1855
79192,15430
100469,11858
102772,10754
89526,8202
96191,8481
99222,12734
77086,33879
84447,7336
99981,9417
106052,21137
79612,29520
106792,16506
99124,7983
79678,30323
101632,7828
77692,16281
84345,7351
95000,26069
83015,9003
99423,21413
107480,19580
93765,18391
105419,9080
94052,14120
97432,12533
79133,24326
93225,23050
82956,11060
101231,11151
78727,19301
92150,28257
103869,8012
98266,11362
85017,8940
76853,31830
93027,15456
88493,9548
104829,28148
87800,17566
94723,18304
77219,12278
94891,12241
81656,18819
97239,27343
83620,10050
93312,19522
83441,8662
83959,8684
83653,14355
103364,11470
81279,9981
94483,20316
78683,14161
80423,26171
104442,11619
102026,9493
105992,13784
108007,10447
81476,13324
82770,7334
97979,11931
103866,6852
83147,21295
102902,8064
105918,24956
100265,12706
86165,12200
107697,26914
94497,32781
83540,7694
76617,24597
88133,13384
92181,26059
90065,3907
94177,16004
86942,11512
82629,5573
92087,21805
94508,13871
81678,13300
88106,15197
82869,17541
81744,23572
89208,3960
93035,22083
94656,27503
105571,12585
86332,11353
76711,20704
87423,10646
97343,25310
89591,23497
83291,2180
76146,16187
86683,10804
100726,10918
102328,10366
100991,12789
98049,12547
104948,17755
103129,8119
87892,15696
90770,24869
97113,14233
102422,11440
82462,13058
99700,14964
103799,5408
96959,13606
97715,8267
90880,11561
106632,12377
102656,9033
106686,9812
97346,8195
88283,8326
102248,12603
89091,13450
100474,10764
103428,7676
82698,7425
107510,8406
99122,8723
93152,12021
78084,18309
103130,9773
95826,43099
94977,24760
90104,9254
89105,2352
95397,26178
77476,14345
80208,10574
96744,11831
81310,25135
88688,8189
100514,7680
79490,20662
89236,11823
106677,13926
90882,14937
105048,6595
92458,18876
91682,13921
104659,19935
99559,9618
82608,7643
98793,8291
101083,9049
86469,10596
106304,9856
100515,8801
97006,11595
87531,3020
88873,36077
91700,15459
90471,16912
88077,20897
95546,42026
77965,14348
91548,21950
101360,14891
89845,14266
95934,24738
103745,11351
85862,17262
98424,8866
81736,29133
93391,24758
76523,21464
83573,18295
103118,3588
84399,27516
84864,10596
104282,8963
95389,20226
108097,12442
94999,12355
99345,15093
92946,43047
104048,13050
76817,25736
90448,19046
107837,10051
91182,17388
102654,6697
95298,17261
93659,21083
87866,18663
99990,14543
102469,7393
107351,15921
82490,9027
80756,16380
82365,26513
92332,15962
77456,30888
81007,26743
82391,18330
84647,20323
76296,18876
100192,8317
84547,12959
88877,18635
84254,11290
87836,9388
85970,9323
94834,13972
107159,13618
106800,10305
101989,7543
95604,24815
103637,15408
104301,11548
83799,12487
107855,13383
101506,10551
86644,11988
81902,72991
90490,6814
76314,19090
95360,31662
96272,8154
103911,8669
106553,8845
106063,16020
84179,13725
106912,14172
103819,4470
94009,32216
98285,20758
81101,14084
76806,21335
79127,12987
107416,13288
93786,29884
101542,13043
101640,9517
98800,16555
91451,35288
104033,14663
105550,20204
88203,16924
77481,17323
83704,14677
94474,21041
101924,16102
93203,32920
104628,14764
93308,35241
81984,20790
93228,26006
94247,21802
85162,10624
104670,25637
80875,47445
80850,26490
79475,26122
87229,11692
79162,16781
107652,7610
89835,19350
77430,27403
97568,14431
78947,47254
106692,10038
97127,4748
80876,22873
100152,8367
88949,18673
95804,36408
106833,8918
89283,13003
78115,39328
86941,16153
104794,17664
103892,16616
90746,14383
92996,17994
88679,17076
101007,7037
97824,8981
85138,9833
87869,12611
84266,10313
88682,8044
84543,11194
88967,17055
78831,16722
80227,20464
88995,10664
95761,19486
82060,17863
78253,20054
81193,25610
97309,8192
93654,18832
91399,26468
107195,37939
82137,13443
108006,13721
78534,57659
75979,31576
78847,7520
94746,10948
76591,15531
97366,13120
88756,10502
105074,18021
107641,24451
103717,16222
92559,36379
85453,3636
91736,28646
100632,12043
93314,20634
82593,12807
105791,20321
104431,21015
77967,20915
91373,20682
86095,9025
90950,22733
105410,23062
86516,7610
79221,46246
86603,15365
84058,19243
101017,9528
103065,9697
102817,12611
106443,20841
96455,18248
103514,9801
88407,15852
104658,20983
83823,14951
106801,18100
100859,9407
97156,7466
99816,12502
87726,11119
88783,12119
107654,17747
102420,6233
104147,32686
76019,11363
86158,10964
82852,7206
100871,14685
92537,14125
92028,13654
78319,11018
77111,21913
81426,15038
108336,8747
106048,23707
108482,15188
91336,20145
101242,13409
108309,19159
106397,5377
82413,9884
79355,36722
92826,32812
102020,8921
93857,34883
88875,8623
81926,19725
79236,17943
101106,17185
99069,7307
90017,7212
101706,9077
89701,8314
96760,33028
103901,13940
96780,26568
78905,16990
101894,9012
94657,14819
93703,12647
98690,9024
90597,14469
80138,20550
97044,9625
84258,15073
98543,15527
99833,12996
99848,14740
89178,8102
105598,17077
95971,27145
94875,32706
96048,9960
82606,18447
104545,9506
85571,4946
103757,16332
80192,16783
100422,7445
88065,17235
83544,14015
76851,33752
90464,6464
106501,9574
85011,21984
102308,9694
82241,71131
100655,8756
86477,10826
90830,1704
83274,19166
83251,9560
82122,23492
105600,19007
87514,10914
82184,31066
84829,11592
90704,24033
86306,11196
105655,26058
98964,7150
87189,19151
80116,12855
78366,28377
103668,6048
95799,23298
97496,13016
107112,13782
79698,26837
78946,33018
82843,8257
108537,18736
93675,31503
93629,19692
103134,10960
76458,14721
79219,18239
93401,21354
87666,10325
97697,14249
77945,10536
76173,31924
94835,21970
86700,6843
105682,29159
88546,19127
100486,7283
98187,11981
81395,13161
104408,12995
79922,17367
102955,11111
85515,11514
100490,14372
91070,42208
81321,27231
90925,19944
91291,31929
83986,15771
91729,15329
95830,22479
103720,10177
97023,15597
84892,7338
86618,15009
93094,25587
102487,7802
76952,32669
90121,9067
89687,34604
82663,13501
80253,19576
96004,14464
102267,7534
77777,24180
85135,15572
103806,10580
88031,13219
84252,9359
80246,24748
83445,12023
107528,9691
95161,42662
105132,33237
107504,12038
96720,20809
86060,8978
76370,15036
102092,11627
93523,16080
87963,8325
94183,22549
77548,29265
91116,30765
100013,12765
105525,22067
104210,18132
91137,18821
101960,13222
80662,31187
84914,13988
107857,18394
94916,26300
102858,10076
88182,9931
85339,10029
98692,19958
98460,9039
101787,6222
105924,14087
81440,21635
107043,15000
98747,10235
76065,17312
103452,10708
87162,11405
85972,5356
95159,28992
81106,25482
106324,21262
86957,8057
76900,13584
99319,14802
105884,22740
82889,8018
82253,69700
80818,9085
97074,17260
103269,16762
78298,16760
87216,13543
104853,7096
96298,19928
86803,6591
91326,13550
90948,16942
102795,10561
77163,18401
93519,36649
94980,10838
106455,23803
88860,7757
76536,31762
106556,22371
103002,18281
104193,9399
98247,9767
82529,9027
90499,7347
89400,14126
94595,20519
85870,19113
88424,16660
82715,14215
76324,20502
102259,3889
99192,21463
81437,13769
97208,13380
76420,16890
107557,5595
104202,22077
83400,21439
99664,19971
87781,11770
105706,32547
86320,10102
81907,34003
84881,7493
78575,13654
101857,10561
104378,15914
80281,19600
88208,22133
85864,7318
86973,12078
101072,3511
102664,6457
107949,10802
88832,7505
87046,2414
98930,8013
98721,19127
103249,10190
88230,2897
103604,6475
90645,7338
94246,13921
93604,19036
99287,11615
106684,17716
89506,18134
98726,12893
77060,18314
107323,17295
100559,7499
94511,28925
81367,21787
107185,14787
87243,6247
93241,16779
90899,22998
92791,29653
97429,8982
81883,31902
82428,9669
85224,11315
90818,32917
107186,16384
104489,10750
77026,17880
103119,7783
79360,38663
97763,7017
81434,21417
102270,9175
86171,25439
102255,7049
91018,25827
93219,16832
107667,18671
89301,16183
106869,9383
101867,10354
92922,18232
80057,30433
93951,22855
89450,9582
99681,14444
85661,16131
76072,30301
81693,27245
77375,12086
77649,29062
105904,20133
81679,22563
105555,31722
78762,15471
78590,17354
92784,17287
88497,6407
108413,17208
88994,16185
103426,4809
104394,21714
88703,10575
97376,7237
97470,15332
88681,16714
76599,18905
104274,9896
89590,6025
79749,43112
107386,11504
94829,25039
105123,12797
97602,21703
93900,29374
85986,9597
78014,29995
90073,19200
91815,19896
88067,13126
79079,33183
97590,12193
84491,10110
81997,14689
90875,25639
88805,17174
84708,14618
108010,4832
96549,10639
79023,7553
80493,24240
98860,12076
99938,9570
91154,28593
102202,10271
76479,17491
102548,15639
107979,10032
80905,31956
82630,11766
81130,16892
105382,12849
101905,15264
103353,5747
88275,16697
88052,17271
85537,20759
82742,5765
105960,20528
95151,37571
102555,10815
87742,8263
107219,22063
106170,10134
103341,6180
98947,18283
90933,17414
107651,6375
107937,10715
92742,31125
91138,17105
100134,8150
83718,13040
86977,11739
102165,9969
91372,19725
95812,23576
98911,49199
86966,6086
107280,11743
89020,10772
85167,15788
100394,7877
93450,16351
86838,9714
107563,19626
99692,20333
103946,8335
89586,7953
90733,9226
91071,20002
89142,9287
79359,17411
94435,19834
86980,9033
92661,36723
84734,16079
92829,19422
78925,31913
88863,8914
100507,12920
97469,17915
106358,12844
94446,18328
100068,6685
80005,21099
106548,8709
85323,14070
92629,61915
78057,14414
99591,12576
85307,17886
92660,28862
89525,7691
90953,28559
103312,8972
107912,22103
93292,17538
81638,38530
105433,16862
94804,32906
85666,15939
87338,10694
98818,24293
91960,26261
95612,24168
93399,16535
86492,11166
106169,11860
106699,14624
102175,25778
83555,10645
80941,20748
91366,17455
98045,18911
86988,19820
89139,14051
106277,13456
76317,14068
101300,11547
93086,12306
76936,21205
80711,21214
106659,12270
78296,9513
97527,4807
104494,32756
77982,31891
86456,10839
85161,18563
100583,10326
93063,16181
85331,17045
101731,13708
97389,30669
79902,18055
89643,8070
93175,16983
98389,6443
91334,14744
98514,11956
95382,17258
77018,12713
76437,18488
98250,14066
77104,21695
103059,8276
83308,15028
95106,17629
88684,20339
100870,13771
103498,14528
105342,28008
81398,16592
91833,26396
95311,19868
77369,32420
86011,7863
84952,10918
94056,18901
104796,12087
101571,12285
77188,15981
94304,16303
106008,14000
79849,17061
106099,26892
105086,10702
85658,8165
102040,11158
84343,10546
104882,6077
88582,12942
90328,20219
90536,11192
90805,12197
106058,29680
78871,26795
95489,26123
76637,16436
87818,5717
84478,19827
108394,19203
91676,34606
104964,2476
78506,37850
92557,25141
90715,16469
101721,6939
80715,22650
81705,21454
94219,37566
85893,16441
80550,15053
86662,11729
85271,21123
107075,21352
100992,13170
97396,6412
103943,7758
78916,15520
94516,20932
105411,9177
78377,22790
103977,13824
106716,15171
88465,16855
77421,14532
88866,11479
97787,20357
85063,9956
92555,15615
83695,9760
81797,13756
104241,34309
94730,17419
105191,13900
84112,9033
90379,12105
88992,9418
77423,21648
85126,8775
78691,33890
80320,31304
96309,9072
92577,15045
78891,16701
86056,16053
82129,13429
102436,10131
101469,6153
95885,30340
92879,22403
81484,5402
95550,29706
102726,9857
95252,21960
90695,11186
95863,23115
108338,22130
105327,25570
91616,15765
83077,7823
105582,17220
84382,9459
99666,16492
84818,18015
78498,44736
78378,50445
82799,5234
81429,2000
107572,17142
91279,27390
100475,6728
86325,11081
76825,29813
107657,9057
82346,8625
86687,7083
103471,10447
78209,20674
95328,12786
100363,10502
87672,9002
98994,9548
83549,10000
96370,13323
87842,14367
86297,13224
96716,18853
97492,20413
92786,11374
78254,15391
79291,21283
96050,18475
82240,22738
107938,11080
85258,11157
92512,22557
79919,29390
101410,5561
88700,18015
91847,62748
101835,7700
99878,13047
96318,9266
96245,16898
96194,21158
97973,8834
76985,22849
100002,13163
91364,20779
106980,7493
76285,19857
101396,16099
83368,9010
92820,14616
92264,16778
84052,7929
83928,10304
105324,19547
98502,5574
94457,13203
79073,21277
92738,20718
91008,29788
76447,31612
81627,18780
97016,11122
83182,8903
95791,34543
87449,23049
90013,24627
107223,17395
96785,18563
81473,22424
85403,16442
106473,11242
81568,19144
76748,15690
77020,18759
93210,30616
103955,8232
86509,15762
78291,21300
88895,10183
98026,9933
108410,23873
88039,8638
91193,106276
88087,1716
88708,16138
98485,9557
89847,14538
81318,50791
103971,11626
85649,8519
96137,12308
81112,21997
87825,18395
103890,13336
92845,61393
95649,25784
79000,10233
91668,10276
94544,30560
107024,19336
79725,11862
107343,20463
107612,17086
76647,9438
100922,7008
88583,10825
90425,16827
86258,9102
81973,16133
85370,16283
107854,9469
78195,12474
82124,33010
79050,16537
78880,29995
88596,16519
89033,13896
78792,9188
98664,21331
78544,11201
89184,10566
83109,7944
101759,14891
87164,17458
104156,9148
107607,26523
99705,7948
79398,16244
98401,8263
91911,24649
88175,6687
77275,21621
88946,12601
98293,8766
95991,18865
82196,13700
78514,38525
102853,13850
93984,20109
104689,28656
98534,10518
98744,13484
100456,7582
83468,9079
104432,22597
86752,19270
89762,7062
82788,19711
105604,12255
105490,11660
79447,16420
107405,18704
102782,11418
82786,9619
100557,14949
77711,20271
104935,7256
90750,12843
94396,27622
99628,15781
87360,8983
103238,10389
84883,7471
91450,25396
96221,7768
82400,24302
91940,9711
101320,10176
88653,7422
79446,8753
92672,33785
85552,16507
89858,12681
96610,10664
90447,6876
90357,14416
83266,11971
106259,33304
84489,11819
87875,11419
78430,31564
77249,18538
84094,11342
102218,13813
97151,19084
102064,8116
97655,15817
97387,8026
97118,14790
101804,11648
81888,20863
77455,24919
99638,13654
76845,13704
85493,7098
99781,3712
79322,29306
96766,22765
80513,52363
83907,18174
93217,19389
77426,11758
105044,9518
86573,9831
95251,30743
86098,5332
93674,26165
104392,9818
82340,28141
85899,21893
85579,5517
86725,12090
104810,34102
94570,16690
89607,8018
108478,17649
91464,24337
77613,21149
83067,6330
104585,24112
94473,21128
98756,10089
81199,21145
83741,15920
84972,11984
87486,14030
92290,24557
97049,6750
81960,27908
85765,15929
81319,20677
84335,9741
98897,8063
83649,11399
89567,2377
101958,10432
108211,18698
88326,13396
106424,16518
90848,10180
104944,24196
81300,31751
76804,139397
93569,17524
76839,18925
92611,30618
76006,23560
86953,10085
107767,17610
87949,12963
95782,25803
94414,29250
98483,23711
95988,13830
98640,9445
102899,4443
79367,55966
88430,16356
79428,20840
76247,30933
90955,23506
100711,5770
83720,18439
93618,23169
94754,22360
78740,29503
106522,22936
90165,8251
99615,6230
88112,10320
90759,23689
91835,12538
91563,31376
92736,33697
96939,20466
100301,8690
80143,18419
108141,10319
99743,6386
98627,18592
86233,13038
104568,16005
96489,8610
79018,17367
92173,25339
81198,13651
102450,11339
105038,19988
93284,19449
85848,15112
89587,11146
91457,10073
88804,8432
97228,11319
105841,28039
107331,16667
81008,13274
81853,23844
103283,10722
79036,20652
90376,15824
97271,6499
82967,11396
83663,7226
81640,19697
99076,24253
107790,17345
96460,8781
88286,16198
86545,10725
97634,12940
94452,16230
94409,20643
104877,10136
102952,10876
91502,15875
105695,7729
78608,13604
77384,36939
82188,21172
81054,16084
92709,21436
98260,9967
78996,17521
103868,6604
81809,30549
84251,10622
103762,7200
101479,11279
90533,9820
84636,8230
103208,6005
90274,9025
87517,16549
79671,32987
81486,30738
89338,23134
76912,12853
89675,9302
101294,8271
98316,9130
82457,15711
78558,16099
107933,11180
87555,17595
80873,15057
94717,22742
78922,17746
87376,10433
79203,21729
83801,13090
80314,19674
96011,9455
106585,23038
94122,23846
101723,14644
95561,19072
82751,15839
107424,23860
108316,23232
79229,8170
104835,3617
106289,10949
89876,11306
96917,10973
85982,21573
105023,16593
76749,30095
76453,24139
98954,9430
101783,11144
96734,6416
76884,17763
84277,12905
104756,10430
89268,19249
78955,21191
99279,4886
77361,27520
97823,18849
84313,10503
80520,19755
105472,27717
77671,9281
93098,29519
86559,16887
86582,12894
79414,11579
97179,13289
94617,20366
85780,5160
90904,33106
103178,8314
105752,17961
82636,1522
81069,17181
76784,3646
105061,43757
100732,8364
106562,9534
102833,8130
79029,17080
91944,25956
99849,6884
85213,19284
92653,18728
90824,8825
102752,13475
106732,19305
77076,12758
101825,16470
78920,30773
107404,17373
80053,8825
108062,9911
88256,16269
93809,29490
97342,11731
101308,6224
94366,22101
88228,9981
91471,22900
92294,14783
92018,23886
77448,37570
91091,13487
90892,10121
93754,31281
103644,10305
101170,3626
87238,15949
103651,18857
108015,18568
96704,8624
87938,11501
82456,11898
94735,33120
79831,19177
99435,17568
77407,20131
105163,14016
90450,21353
101144,7934
85101,11045
102152,10199
96445,26434
93062,47468
100172,9268
91519,22434
77563,116618
106245,14940
78606,32702
94171,16930
82263,10451
104528,6764
90918,28593
85512,11051
88317,10156
77807,10926
96992,10419
93802,22703
108022,22688
97029,13198
92027,46226
88331,11035
81387,13541
78465,10829
104119,12180
86438,7623
78315,13190
102212,13826
83625,14671
99983,6148
93838,17907
86485,15438
99164,15538
100640,15165
91693,25681
90195,7383
85076,9523
83090,8268
84161,10610
85985,16985
84759,10427
105838,6720
94748,19244
108188,14411
94465,16404
81856,13084
102715,11739
106448,17967
103923,4869
79482,30644
86062,10073
95217,20167
95712,45844
98498,7787
79175,12900
82244,16970
91792,24044
81626,12769
83185,16508
83134,12269
97667,10860
90780,15697
79383,30284
78440,33101
93657,17747
98771,22071
103569,14282
84696,23854
104235,24316
89916,14306
108238,10379
97737,19780
95184,37697
77985,25761
100680,14472
105919,33181
102177,10548
99133,7036
85097,8571
102464,7231
83036,7076
82142,22983
92118,9173
79734,13396
107861,18214
98253,10010
103183,8194
98112,10953
82339,21874
84875,16961
99774,23407
101808,5593
88731,11352
84055,6444
87777,8701
93362,14790
96195,9908
87650,9182
105329,7450
84167,11577
79667,18320
85111,15769
79561,18324
81753,28988
99584,12442
107389,6276
77634,62265
97353,10630
88362,7960
78923,29646
78687,32166
79611,12506
97264,6855
104372,7600
88340,8202
81409,13313
102716,10166
100489,8121
86616,9553
96450,9827
103898,12369
78965,13508
77910,15790
85534,10333
81814,19893
88537,14404
97930,6903
98346,10091
96397,19282
106812,35360
88599,14637
102760,10325
94884,25473
77319,32782
77255,9613
79483,15995
93869,17160
78283,30889
79491,13475
79679,16016
104817,9447
81355,34654
102513,17463
102311,7902
94639,30530
92057,26743
108057,9867
78415,28063
91755,18136
94507,15529
77368,24352
88838,13658
86482,11701
103032,10372
101482,11121
95744,20386
76424,3384
98537,16978
100039,10086
76025,20956
82426,6775
88387,10553
100785,7889
84030,10539
107046,13337
80159,9879
81743,31875
85348,10712
79901,26985
108373,19701
79436,13461
83626,11927
84211,11434
107879,8735
107245,13608
102868,10663
98034,14425
101634,10470
78902,20669
104908,25004
108265,10022
89613,15379
100852,6401
101045,12681
98194,11143
87876,9994
88436,7309
103563,12805
92679,11713
97639,12249
101310,8951
107398,24971
98740,6942
103081,4320
93701,40434
88341,9698
91276,18918
78877,14664
100579,1493
76474,21649
100963,10815
98672,5438
94737,18416
106382,8571
90771,24574
82118,19900
104839,28823
88881,6234
91400,32788
89615,4458
95916,34932
99952,8983
95605,19566
108251,12176
88507,10602
97142,22745
97129,14746
106320,5664
104569,5660
86018,17396
98054,8856
85925,18354
82859,10288
107329,23467
90943,28692
83393,8276
108091,10819
81571,17305
102704,8980
89511,8077
86361,17401
86449,10052
91048,30033
88932,10744
97096,12491
92493,26952
106005,29249
92101,20005
85618,11999
92275,9213
104354,7633
100165,7444
102137,11724
92251,12292
102299,14453
93358,25451
91807,49153
108402,12177
77155,24042
79195,25504
96974,9044
105848,9516
105425,9937
103620,12992
79238,31310
82292,20036
84451,3307
93942,28570
104577,8969
105690,25586
93421,11389
94411,20744
103746,6050
104927,10011
105798,11105
88601,8615
87898,8863
87580,11739
106294,27251
83194,11301
76073,17818
98161,8437
99152,8540
78180,12235
102662,7853
98915,10385
103302,12240
107764,10711
79227,23222
96799,12976
106081,17304
107508,23811
97995,13680
97586,20028
87104,28569
92790,42364
101900,13132
107104,13380
93384,24676
100649,5506
94525,25220
103004,11832
81477,58501
94774,14046
86403,16519
95958,9983
85977,20093
106000,25696
80189,35623
105330,19310
98119,12785
108242,16105
86122,9162
90847,15707
78649,18622
78043,31876
83454,16959
98842,10033
80378,26838
100525,8687
101979,9307
93192,30087
96062,12373
96319,10870
81121,50228
96527,15580
76762,54644
89658,9037
97136,10434
91941,23553
107113,9697
86846,8931
102674,12380
85905,19138
78034,11568
96919,6999
81474,24602
92121,13082
108308,23218
105113,14521
77939,34678
76253,22651
86272,9524
103786,10722
77663,24635
90143,12520
83487,15737
99629,7561
78016,45636
97062,15752
87499,19097
104580,5433
92086,20229
81704,25843
85458,18294
94697,24652
95730,27524
95533,28154
76852,11986
83813,16865
91465,23978
98380,10965
86923,17375
81159,33090
99462,10054
86553,9434
96547,10082
77542,11489
91704,27247
103567,14234
98508,10366
94989,11263
96305,12860
103772,14759
89923,10572
84616,16273
99970,8992
100286,7445
95785,20749
77239,8949
103828,8791
86204,19773
96855,10839
90132,9148
83949,5326
97042,9415
81439,4114
78200,27059
96583,16758
77935,16849
91759,16417
104912,17930
95613,14910
105447,9617
89828,10494
97297,25319
107599,16949
103109,6830
76094,14456
104324,16147
82877,15857
88953,14241
106644,16484
100086,9336
103949,11168
87447,15978
103384,11419
108506,18126
82045,15858
86346,13237
92643,33240
106532,10469
100209,15623
78371,18886
79815,17376
99946,7470
85965,9837
79558,24444
108318,16248
100907,6547
85301,8322
86214,3894
76307,14759
89487,9609
90272,19034
92470,19626
89056,16470
108376,12857
90393,17561
90202,8177
95164,16918
80501,19918
80614,27344
86354,9440
103851,7928
91517,2597
80179,33503
97710,13566
94083,27294
83733,7702
105032,17929
91064,24396
94799,26582
105548,20467
94248,46481
91984,25881
105390,11584
84137,6714
84643,8963
94173,28682
89789,14606
99329,7901
107125,11685
81011,11443
92062,57129
76630,24665
89022,8981
91463,28916
101563,17673
104307,28095
95572,19317
91019,15063
76966,18878
76916,31140
82319,23618
93863,20514
96798,30887
87072,17805
92771,18966
105915,8832
106830,12955
88798,19900
81750,11270
90415,10913
91110,26511
82187,25758
102386,12953
103517,7048
86270,29878
83526,13046
83728,15028
76878,11559
99712,14121
92556,8858
89879,6032
85276,7036
85272,12921
82645,10786
81445,14371
97841,15639
97088,16735
87735,10020
100748,17654
94315,32007
105218,23556
79295,21825
85482,11082
105112,11149
98458,12587
98177,8942
92392,20348
106885,9012
94239,26355
98355,5643
81111,21904
101464,11764
92070,24202
98707,24541
91095,18608
84486,12794
82898,15985
108233,9644
80001,29113
83538,14287
88563,7412
98871,10007
80645,62968
82054,18234
86397,10495
97865,14653
81700,31473
100417,8962
91017,20462
95218,22808
105519,10495
98097,9781
89232,9569
104997,13934
94952,51584
87017,13230
94876,32885
87741,15704
82776,10347
106221,20234
100602,12011
105337,12327
94476,21725
82899,11574
79145,35351
90481,16917
92396,32372
94605,23422
101668,8683
79742,9864
84465,10804
86828,11125
84944,14517
93680,32829
85778,7037
82841,11004
96597,30744
106852,10064
88003,15349
90461,9640
91184,11431
88055,16138
99180,10720
87766,15994
86691,13975
107751,37312
94882,31125
78637,25035
100601,10561
106271,6610
94355,27011
103261,9990
84449,4435
79799,22408
78481,12409
76569,29942
90516,21312
91054,30104
97435,8089
91203,17393
86130,3963
93768,29821
95494,28126
94319,37575
83638,15747
82289,37359
107990,15317
76261,13826
103466,13982
91403,21779
106025,14624
79465,25435
102871,16997
108446,12447
107305,21168
80190,27424
81649,7951
104611,13085
79821,22803
106756,9690
94209,30960
81524,20824
102947,11025
87868,11502
95933,19952
86850,8947
108381,16542
88771,6070
83105,12071
93264,42578
93240,25152
94060,30253
95003,12463
105812,20982
76675,27637
91421,15842
102047,10598
76316,18965
108385,39131
80043,21610
80122,11314
76885,11385
100765,12991
90748,6843
90799,14575
98792,12294
90085,6760
96967,12898
77008,26889
100132,12429
90720,15773
105966,13219
75981,15404
83312,14120
106478,15787
107800,14038
103769,10851
91814,18828
92683,24694
93319,25744
90670,16505
105982,18586
96565,12346
89299,21941
87406,9666
93260,48432
101201,16549
85414,16080
87273,9215
77653,17957
94848,24018
81983,10529
98927,8251
105078,16210
102825,7724
91211,17222
83862,9704
76624,13877
96502,7292
93149,31129
105761,17151
81327,10355
76688,13043
99302,7874
89052,36103
106892,20951
97157,14487
87715,14202
104669,18352
108522,20715
104725,26416
86473,11764
107402,24941
99376,22245
105473,10297
101761,16372
100229,5143
104122,5613
103433,10687
95259,25307
76691,12058
81526,21675
90817,15511
106577,25252
105900,14776
86342,15687
100902,12040
84715,8662
90605,13654
80255,10386
84484,7246
82894,6899
86148,9197
100981,5424
104559,33167
96603,8887
79461,12969
83864,7121
99364,12389
98182,2591
85145,19605
102591,10996
91416,28781
89032,16826
98530,8785
98214,11004
87931,8882
90835,20416
82398,28201
104749,8056
90735,13380
105444,18626
90324,13441
102500,13886
106702,7112
90727,7266
97427,18429
99844,9074
94541,49553
84483,16539
100773,9655
97910,8087
97461,14301
104846,8208
83951,15549
90276,11205
85508,14013
90153,10123
89830,21494
89708,17725
98504,22638
80397,28139
76172,41692
85446,11339
96732,11471
90781,8039
86208,7860
87814,11969
90938,30479
91231,24398
80979,18239
85098,16331
82160,50228
82809,20454
86468,16457
104758,6312
79772,30765
94343,22442
91304,27872
88751,12704
108437,39505
94059,30429
101856,8105
76319,17566
77918,30389
81976,36261
108377,21477
95984,30525
102208,10761
84420,18332
103716,15647
106428,10991
94602,15865
101119,6759
77387,14941
107227,13821
86164,12264
85096,14472
108198,6775
86401,9707
86386,9577
82726,13785
91977,35706
87805,21321
92810,59077
92387,29824
76117,13773
103862,12410
86962,16302
77023,53956
102863,11721
85375,9205
84363,16488
77485,17937
99266,9739
100253,10525
79037,16345
92228,30658
84144,15720
96577,10042
81837,13382
77791,21402
80717,15446
88865,12190
103611,13731
96150,25385
98071,24233
90964,16535
108523,27280
89431,11736
107595,22968
94778,24503
91385,18489
99288,20945
82885,15486
100437,11108
88938,17713
98801,15269
107023,7455
88675,20035
90159,13926
85804,11362
80088,30941
94929,28827
100421,10761
90603,10094
101899,11017
83201,16011
96023,9089
102019,10561
106863,23206
108263,23598
100605,8073
100998,7745
105544,21381
104343,8986
89692,6695
106309,9200
86065,7047
86436,9821
103991,7873
92712,33208
89709,14523
95415,23200
84959,19000
89069,15521
85580,15782
100728,11057
80638,36201
105713,7202
98494,11035
94819,28717
83800,7665
91085,17465
102276,10340
96111,13657
90891,24770
80010,10165
99501,8882
105431,15327
82161,10777
97426,7226
100242,16099
102470,12001
94769,44250
83472,11460
81138,30640
82719,16285
97305,12709
77744,11625
83536,12985
85355,9576
84273,11647
100061,10606
78109,30173
86119,16343
100274,9893
90390,15677
93338,36903
97460,9649
87833,11229
107064,20055
80942,9808
87473,11474
105869,13091
91776,27160
85853,15826
94909,23054
82407,15706
97633,11784
80176,22644
88572,6067
97971,51727
88633,17520
76234,19918
98579,8089
90034,15392
80857,24740
85633,10432
97760,17314
88831,9580
101303,6099
104373,11793
83512,8481
102692,11940
87092,7374
104305,20747
95344,22028
76629,27620
83699,11665
99290,9178
93528,30800
107251,7164
103980,13345
94469,29072
96448,12378
93511,21987
101249,17323
90543,15995
94928,18120
102623,14828
79505,14182
90175,18097
77417,15773
80974,25221
78874,14181
103376,5931
106490,26166
103267,6078
92434,28183
94016,48536
107217,20813
100783,6298
104306,10118
107691,44346
79101,23617
79607,14901
96910,13972
104648,16240
97752,6946
91917,19362
78307,31264
77462,11249
92958,94765
92148,48019
93317,26040
77824,22150
81043,17025
77339,13868
95942,20922
106865,17615
100781,14213
82907,8310
98541,25541
99032,6960
94935,20050
88567,14668
103765,10357
82436,11138
87940,10348
83542,18775
80229,32442
99988,7719
83379,12826
100404,13324
76340,20113
104105,8942
107460,20500
83058,9894
87987,10370
105926,6272
92263,21796
76100,16092
98059,9582
97622,18859
100124,12619
85132,15294
90849,9126
89461,8453
104144,31035
76429,37529
95660,35113
93649,20847
86295,17970
91313,46023
77778,40027
76003,13575
96131,10892
80441,14623
107065,25006
87237,9293
79135,34672
79471,13891
88444,10007
80954,12157
87030,16380
82803,14006
92307,17599
103846,11332
81505,50475
96454,10212
92723,23843
85406,9143
94692,21969
96459,9771
97045,4432
88125,15824
107173,20946
86708,12112
104799,9341
99726,8678
83300,9485
87117,10767
100398,9847
82731,15916
106322,28189
83937,11424
76509,27614
85158,11168
90411,17167
79751,19396
103864,8845
85183,9825
83429,9584
104401,7362
102908,11577
82107,19032
83546,16464
101326,7111
83489,15782
95464,11562
95312,18462
76958,13022
87284,7505
93565,28306
91521,27015
103751,12118
102806,9052
83404,16066
78539,19989
106376,7466
84742,19728
80991,13709
99185,7417
81160,25641
101309,8148
96620,23511
85514,9171
104504,11195
90442,12968
78824,18031
93907,9588
92574,39720
87966,9788
84013,7895
76192,15135
101039,10546
93377,25837
89911,10111
82649,8999
92244,36981
79456,21842
84577,9057
101829,11978
82454,10513
90738,8318
78614,42112
105723,12691
92281,5788
83361,6226
87484,11637
94268,29930
102791,7592
80098,43065
91058,15370
94029,30635
88543,10812
81670,22010
101579,10387
78436,17222
106875,11950
87655,14973
91929,25639
91251,21880
89471,12479
97578,8585
82672,12609
78444,21493
100808,11468
88869,11299
85357,10096
89167,13112
106862,25674
91281,47358
87788,18398
95287,17389
85680,8922
94781,19889
84268,13342
91867,32518
77714,22924
103499,11341
83996,8126
84187,12479
94237,22708
86917,15587
99891,12854
100901,9208
78556,32568
98139,21781
83447,18279
80732,21845
81168,14859
101789,4789
96183,14497
104888,21561
79944,64427
84752,9420
99274,3856
101601,10680
100509,14816
83579,19607
78657,16063
97894,7510
98305,13891
81298,13447
98132,8653
83681,12751
103875,10561
96447,22336
105060,19985
79150,50337
105628,22587
84027,11111
98984,25529
103343,9303
87304,9872
92483,32747
78555,17858
78697,44151
102830,12152
105192,19142
88749,11111
97670,20694
89034,7713
101691,11636
79307,21289
92856,15432
85540,6832
86841,11785
78144,21383
106175,8531
101199,10561
106284,13697
107920,4336
85677,19228
80672,26803
87751,12398
81660,23907
104608,16401
90356,12315
96037,19609
85376,8368
94596,15082
88457,10866
92475,13591
81195,16393
92529,41051
96471,13884
107840,10347
84210,10498
103192,13932
101468,13725
105529,29656
97367,10577
86100,6332
106778,14026
81881,23765
89597,12510
95589,27141
78552,45586
105240,18416
83448,11861
83290,9484
93867,40918
104187,21408
90760,17029
89599,7196
94415,13864
105080,6805
100371,12984
80360,35363
101046,7038
76264,16466
93041,24663
104160,11747
78058,50775
93770,12623
101223,7084
101983,7465
98730,13427
89800,9559
88196,12503
97641,6085
103870,10170
84704,6062
77526,20869
77738,21676
90078,3079
94292,25704
78838,18176
81836,28594
80276,26011
108312,18649
107467,22395
79713,17072
93468,34044
97220,15952
98297,9320
91141,45633
105107,19662
89334,12611
80077,27524
85326,15726
88677,16279
86517,11508
78770,28645
82840,18141
84256,11313
92318,26124
92119,20466
94970,29141
76714,15753
89170,11947
90548,14433
92194,30754
78522,25004
83527,17114
104239,8874
98128,26177
80712,18715
80259,16722
78469,31813
101923,4940
103655,9219
101481,10000
86550,15455
90289,11630
86255,12400
80411,15987
97263,11315
91086,6939
80675,12784
77800,25181
76613,31336
87002,16409
104952,12010
94790,37697
89888,9050
106268,32441
76926,13266
90503,10758
89083,20188
92741,10737
102911,16077
84601,6993
84846,9885
87884,13889
88305,14047
85335,10991
89396,16770
101992,9091
90693,16437
83262,12124
81620,17170
88435,14496
80013,38678
79539,26893
85226,15457
93522,34460
77175,47312
104947,10416
100869,10286
91575,39891
105880,32356
106564,20218
100585,5490
107332,10375
77295,28923
90575,8456
102261,6914
108080,14453
80364,19229
92476,9234
104078,17310
79184,12036
107575,10675
79281,16882
88560,15516
84166,15972
78054,13054
97324,4263
85558,14228
95710,22772
98600,4405
89622,16049
81838,25092
90646,15871
88110,6435
104085,13066
98242,13176
106226,10328
87500,8484
104807,16095
100160,9680
105379,7122
96754,22725
84863,11966
100130,11205
93462,35314
91640,10539
95922,38776
81137,30797
78194,10488
87308,11578
106775,9704
86629,11661
87659,18072
76404,20635
87258,15693
100560,11713
78660,15426
76485,18641
99545,20249
103074,10929
77874,19318
97514,12282
103308,6770
94753,30415
80045,22791
107089,31077
101236,7464
103264,15408
94387,15637
91926,16375
99972,13059
98651,7065
94873,29012
80722,6375
95907,53911
87746,15375
90574,10919
85387,12959
84204,9751
80453,17951
95244,34423
79952,14295
105770,11185
100419,15126
84200,9712
88059,10097
85615,5886
90795,6975
97219,9600
81380,12445
78928,17431
85613,19475
90529,13820
89825,12350
107431,9954
97707,6519
76203,19715
107808,18358
106497,9587
101925,6461
95434,19877
103718,13729
103544,7182
78735,21085
101803,7192
106491,20834
85594,10124
99930,14512
100927,7234
76097,19035
89406,17882
103773,7437
107843,10448
83507,17325
89693,8006
101441,11117
91438,9815
82189,22425
94224,30352
105046,13070
105441,11796
97014,5304
89955,9481
85532,15999
99916,13090
103336,11501
102567,13906
77309,12628
95074,23836
105279,19244
77443,39886
100797,15408
97954,5891
104854,10023
77615,12508
99982,11511
91956,17079
79467,25671
80293,12873
78335,13492
96252,20414
94301,25974
97832,14595
103557,12773
86997,9779
78106,11156
107176,12235
102079,11891
87624,17422
108178,10591
82226,11586
85709,14954
78061,40868
98092,8951
77846,17271
91751,20654
89344,17826
78458,28813
90444,13953
100411,7072
76272,19914
83891,12174
87391,26267
83460,9021
98018,6833
99334,12767
97352,12671
85704,16421
80151,12784
83044,11057
98476,8075
82495,22078
100766,8316
87429,10435
80457,15469
97923,13121
84002,7979
100461,16883
101414,13962
86834,14694
79455,29433
89913,8286
88592,7524
90339,14095
94894,32458
76725,25415
95859,25046
92694,13365
85619,11996
107634,12571
101014,7479
91174,27565
79521,16784
97334,9252
80761,11640
81867,13573
96925,14302
89478,7504
104606,20068
77120,50114
94436,18297
96562,9525
100076,13889
100900,9689
87706,10823
84868,8153
77447,9718
99633,14444
107182,43871
103805,6975
79968,21940
106861,21521
81356,27641
90962,30269
102794,10103
102702,13781
101649,9291
92766,9107
95750,9590
102296,15665
106629,13174
98746,11406
95417,28284
91178,18250
103915,7614
94148,26373
92159,22166
89562,12076
84575,6222
98654,7705
96212,21272
102653,7905
88269,13024
79684,31022
83922,13401
91288,32422
97422,12878
85223,5823
101422,12650
80295,16426
88778,20426
102400,3407
106858,16695
91510,28475
79257,26104
106694,33140
86646,19522
100380,13324
79631,28253
83337,18179
92866,13750
93764,19732
100701,13026
85085,10137
102731,4126
107928,21281
95668,22619
86229,10737
102872,10577
95063,27324
86474,27750
80950,48075
84432,7553
78964,8826
86914,16438
97272,21881
99757,12527
92235,19457
87764,10069
81233,4424
91506,33895
77920,12931
104487,28307
102823,14121
96590,11457
101069,9276
82549,10415
77585,21934
98854,49661
82501,12916
101386,10099
86959,8675
105135,20641
100304,13450
76999,23507
93936,15508
96755,6369
102115,9910
81953,9736
80238,49602
84324,9833
105850,13558
86327,8388
87989,5308
93530,42081
99610,11156
102129,10445
100985,11596
76008,51947
77703,21800
94691,15787
103293,13659
84439,14671
77444,17260
85455,10932
93989,59872
85336,10795
100517,15299
108179,27142
77395,11816
98462,11038
84943,11569
78028,30351
81596,23158
95852,39194
88816,17619
94448,26649
86470,11897
102503,10164
105474,8545
88119,10669
96141,12357
85763,8287
105011,7686
99747,7778
108392,17524
90949,14092
105446,15955
95792,33294
94956,21434
102277,5366
77366,30146
91112,19293
76355,22077
79142,22114
103859,5014
82352,14608
86826,19002
86754,9704
104363,9322
93154,29613
90930,21135
107269,18162
104109,6075
100487,18329
106527,17337
96225,20337
89925,8525
76775,28673
83082,17868
105115,30852
103481,8697
105642,20886
92703,18120
90864,8556
96072,7884
98628,11245
102378,11553
85185,10112
93707,38048
98795,13854
97577,7148
79804,21267
95541,13082
78568,46669
79608,23559
103860,9307
98449,14029
91377,26500
103436,6150
102582,12373
78381,9039
90999,17938
89764,15631
99515,10225
89133,6372
81859,36306
108005,10242
103733,10285
105155,16765
100185,6330
102347,13232
107943,11908
104445,9531
90149,23570
106593,15981
94733,19787
91481,30649
100201,8213
94149,19564
101639,3093
81577,29586
80120,31260
85995,9735
85199,10161
85909,22001
78676,21792
91948,33895
88041,15747
92848,25954
87598,10299
83613,12936
85054,10794
96903,17091
78725,10534
94869,33279
89121,6961
79858,61703
89079,15994
77639,39223
84498,16108
90431,15458
80553,9953
90257,7432
91607,29312
82794,14729
79243,32872
93687,20879
91774,30692
104622,7034
94152,6855
107441,19078
96359,12344
105873,19162
82415,12373
106807,5594
82732,3827
105350,17607
107206,12612
82693,10866
101998,9899
107032,24655
88200,13755
105801,12776
86649,10156
104334,17192
101972,7267
99530,7213
96201,13050
105972,9610
100425,9625
106763,26000
90434,6009
88690,5513
88747,10728
92158,15132
104298,17397
91527,20624
91731,19911
89575,6825
107525,15798
80805,20092
87001,17200
76256,30027
106726,13674
100912,15657
78223,21268
78232,46084
79424,20851
83551,13891
98945,5685
101673,6977
108525,12777
92543,47796
92373,18511
96994,1559
80957,26218
104185,12749
107318,22615
89348,7942
108046,22557
107385,20415
104247,23771
79675,18856
95374,20766
108422,10754
76584,36828
94645,15766
87779,11420
76043,18360
101605,12700
83501,18518
95444,24019
92724,41758
101099,15105
105469,7698
78289,31437
90064,12706
93527,14304
102951,12181
95138,18444
90436,22469
86900,11477
107779,18392
98096,6996
89305,16552
81735,14165
91537,17574
79302,13026
106769,15253
105306,12384
106670,14655
80113,31742
87168,18644
90710,6505
90995,14178
96388,13561
88029,16169
92389,15661
102649,12871
97530,8735
88501,15930
80998,21969
89624,7850
83063,8615
90128,13321
104897,7037
85490,28631
99453,22827
107743,11622
105662,14567
89186,17453
93355,24594
100497,12418
104389,14813
104476,12113
94822,15035
102639,8923
86493,9311
95602,29731
86924,8305
81852,10455
102319,14380
107863,11850
82938,13857
89666,7481
92812,28480
97393,7643
92386,30670
77152,9418
107259,21390
90094,8452
103704,14967
107194,22247
86326,8922
84993,11826
83853,5191
98484,24225
91880,22424
89715,6554
101393,9109
87375,11225
81722,14164
91249,18002
103603,14944
96576,7507
77094,13331
97706,17445
76932,12005
86648,18208
95671,20959
87831,15357
82577,11181
87475,12161
99557,9623
82882,2838
97798,8923
99009,32481
98120,9799
86637,9110
91310,16192
101677,14505
105146,10903
99727,12722
84169,6933
91121,18918
87151,11425
107732,21969
77136,29177
77148,5107
104946,12810
88249,9348
105127,18737
89504,20877
81927,35283
86452,16954
78250,16372
85921,28826
81378,12751
106286,17282
82085,15303
100957,11909
98903,10909
93994,29693
95727,44521
102483,15565
85566,25023
97406,5870
76120,4157
101642,9655
86245,7942
82830,16909
85386,11623
102072,13131
81015,15804
76016,28499
103157,18622
85980,16319
107548,20532
83411,17928
99745,8722
103338,8848
100366,10348
107718,25382
91888,21458
106559,16798
102293,16187
88007,17142
100545,13355
81498,19128
81632,58576
102626,7188
91621,18345
88591,4876
87743,1853
79289,36252
79813,31524
93561,41087
99218,8299
83575,21774
86909,9890
81952,7393
82101,35193
79912,12720
106129,12718
103614,10692
108271,10126
88813,9838
105533,30859
97693,15960
106423,7973
88858,12842
79568,19675
78667,45642
106744,19355
79183,20507
92329,18839
93551,76708
84807,6721
106251,20514
86816,10736
85547,8824
101577,10734
103281,8137
101919,10626
97281,9412
85353,20812
99143,7048
89606,15818
108144,17046
94628,21676
78418,30040
90238,18986
97412,10637
95368,21763
80945,27103
101657,13594
92454,34389
79075,11735
81257,15405
99019,8297
91946,8635
100356,7297
88464,7468
82081,15357
97199,12149
99762,9063
101497,7030
83716,13356
99067,19978
107895,18766
84198,3285
106770,21554
87767,15649
102945,10602
95956,21532
81644,22076
86278,6776
79399,11466
80474,13836
94588,29660
108471,13902
93417,14690
104702,20490
84151,5582
76589,13208
104490,8468
86365,9299
90620,5923
81071,48049
92311,25906
103019,6505
100231,11487
83298,18231
97958,19220
95436,24459
85413,17231
104619,14332
84835,6872
86314,14218
91780,35941
88338,13305
98012,9963
91161,22800
108156,6210
80607,21796
105607,18767
106586,10226
93442,10767
101779,11265
86324,11003
101056,7697
89524,9022
96619,6505
102914,2151
105085,24654
88414,17106
94174,14464
77296,13335
93567,17635
90823,11345
83440,8925
91053,18865
87349,16366
93853,14511
88334,4737
97251,15966
108429,24880
90331,10325
86234,10224
102632,7648
82553,7819
105227,19162
76476,10454
99277,9100
107214,17622
101622,9526
91446,17637
102009,9706
87852,8362
93868,19241
106100,21782
84477,15983
90371,6384
101643,5218
92270,31006
91036,30547
93120,12400
96986,11852
88712,12753
107673,10505
94689,47141
91664,33253
101139,6952
100211,11079
84843,14612
99077,11002
86601,10202
82207,29310
83457,9803
78306,35418
102397,13347
103423,15756
105818,6775
97146,15447
95680,18085
102459,7314
107092,15712
92734,42316
95647,25624
77576,13455
101530,13015
87264,7454
88978,11253
86197,8245
107810,22794
81681,16052
105951,10362
103476,12507
100268,3108
92647,22131
80498,17660
90634,24787
86670,16288
108110,4784
83881,14461
77006,15723
83528,16134
86178,7229
105430,7843
84321,18734
90491,13479
86339,15448
92286,26810
101926,19797
106776,16778
82619,14729
79817,18557
79626,15378
87043,15348
106571,16727
87059,16661
97729,12833
100298,11469
98256,12919
97907,7192
95953,18918
91657,59004
101343,15272
82111,66344
108388,13935
88818,16022
77029,29453
104074,18120
86201,8298
81545,14780
87713,16533
92371,22445
77156,9802
76880,23393
88282,12959
96654,31751
97866,26424
90293,4577
91292,23171
77320,16716
90383,7859
100241,10741
107973,9724
79074,30895
92862,19933
96379,13029
100683,11077
76236,27924
99113,13361
100305,11700
86570,8482
93251,13526
95890,19118
104632,24760
84213,21712
107818,24094
101521,11716
83053,16126
92890,18706
107449,13113
84022,9462
90915,18299
80324,49015
81352,21748
94642,17052
76123,29181
79202,27651
104174,25175
91030,24577
107033,16360
102759,3810
102192,11337
101885,8458
97716,15544
81631,14309
81759,27318
98702,9481
105784,22354
81817,21453
86529,13052
97857,9771
82820,19091
79072,24113
92301,25495
80309,13042
102835,6368
93599,17372
90253,7463
92875,23273
83698,11385
104398,51121
96860,24826
105925,28860
97861,10808
80226,21337
92699,21530
85949,7992
92215,30191
84214,13270
106157,13618
87047,16601
102413,11341
97955,12196
81441,32211
101029,13456
91634,20280
84859,7536
93328,23703
97318,7643
108048,15021
97815,7244
101921,7166
96260,6755
93491,16699
95257,15000
83326,32230
82475,18206
107393,10659
94132,23799
103233,14298
88140,11935
88395,9045
95094,86235
95939,20655
108234,18787
78788,26898
93021,22145
98301,26342
104221,9969
92384,23348
76288,24746
99805,13572
90900,9752
77888,32169
100126,8259
82197,40984
90987,13226
105383,21318
100476,8687
104238,8807
89211,12834
97794,4932
105692,28802
98699,13300
104212,18491
107544,11963
107748,12079
103427,7497
84063,7453
98384,7831
91209,11971
101379,8743
78090,66530
88321,17182
78786,19378
90751,8137
85706,17752
100853,10956
106131,18724
89397,12983
76263,3082
108441,34578
88221,12462
92526,24480
81169,25478
99853,10543
105516,9620
85227,11300
101567,7667
84331,15934
78187,29639
94441,15653
100067,5916
84660,15243
98951,25703
93815,7129
76848,17425
83378,15457
79966,4942
98219,12210
89076,11830
86619,16804
106225,14331
76793,32898
88351,10631
107927,26668
93374,22522
84067,15250
100355,14382
82099,36824
96457,11945
103061,18281
89169,16186
97340,6665
82912,20476
82266,13230
78561,53529
100839,5115
85302,2559
99375,11596
99881,9364
88083,6974
86412,7102
84852,9477
89087,16182
77702,57577
94308,24485
100896,8164
88225,11072
89796,4463
101985,5542
77360,25940
92220,31360
83866,16677
103140,5104
78348,15251
95353,26095
81413,13836
77106,21521
103700,16856
88524,11696
87461,12956
78565,34601
82507,13157
95578,3699
91998,17870
98342,17317
96413,12636
78273,29925
105735,14731
83640,17802
100599,11522
108024,29711
85550,20047
82875,8501
93272,11180
87870,10207
83279,11711
105742,16884
96152,29080
97215,20191
76322,58493
104938,20517
81197,13713
94638,15106
78474,31835
78282,14242
83765,13689
81798,19017
84877,15365
107924,12636
107870,10591
86640,3121
90317,12463
90787,14024
102045,7536
95893,28312
104067,11885
83702,8465
88581,18802
76140,20235
87782,15903
96924,28921
81993,30256
92440,24471
97803,7009
90468,6945
77617,29424
108325,13663
78387,23016
93953,116126
87120,9407
103344,9531
86899,11658
79585,24759
86908,9770
101362,16187
89150,16550
92083,16832
81913,18016
86370,7669
78733,20050
92552,24282
89154,18112
97775,10970
94930,58678
79476,12989
76220,10688
98869,12530
97474,16147
99008,7766
107702,25870
102495,13606
76423,21472
76460,11141
83918,10837
90937,25355
98893,8931
95015,58655
94231,19344
107866,19323
91935,16855
94141,25187
84712,11114
85125,15772
102606,15892
82305,18016
83086,8224
87329,9871
100213,9444
93661,26206
95973,25954
103243,6993
77036,12828
82262,7913
103648,9369
91920,23830
85960,10845
92632,34104
97381,11595
100466,9382
77087,14662
89734,15031
83766,11538
91812,64744
93927,51053
93439,13344
98318,10499
86863,10781
95233,19201
78974,15319
89793,8399
92799,24583
91635,22541
78414,14658
90596,12792
80519,32319
89515,8436
86481,12533
92047,15059
77635,17892
98546,8084
93556,14208
76764,35577
104600,16807
107170,24863
104809,9865
104957,40858
100565,13874
82733,10496
90487,5811
104778,3606
106916,30616
85771,9400
99896,10085
94796,16488
105856,16645
85845,12894
102590,9411
95913,42249
104395,14971
96422,13702
101279,10996
98041,6124
90702,9223
104988,13613
99996,15356
103713,9160
79170,35799
80452,11545
105657,25521
94986,21627
106339,11554
98568,7426
88304,7098
87628,10682
92003,23672
97111,10970
98892,14186
97778,10564
95960,29788
80575,15703
94709,21003
103647,9330
87784,9593
77344,30872
104068,13475
94747,24028
82797,14898
77079,15981
99217,11127
84624,9525
79999,42106
107791,10937
86274,7129
92407,14970
98109,24162
104428,23960
76693,18754
96321,8107
107222,10654
80693,15153
87795,10620
83814,10089
85548,10066
103252,9683
104453,18188
80578,29304
103826,6080
103199,6826
97338,8184
107287,11494
77059,34371
93965,17684
89513,8196
83064,7938
103490,12451
99116,6900
99690,11539
96405,10163
96969,8830
84317,18666
86480,16780
78305,50228
96458,17336
96847,12615
87888,9978
92753,41874
84191,7400
84830,9827
100910,6962
94969,50456
89103,7808
93092,19588
106511,20166
100549,18314
90741,14797
78118,18867
94087,11900
87584,16246
107254,12631
105985,20279
88323,14259
105221,12015
101901,13924
90944,31475
98634,8668
94057,17957
77391,10710
77284,41351
95838,39225
105720,12619
97257,24415
96339,6965
81848,31735
79581,24291
97762,9247
101710,7531
104892,9164
98689,11838
102340,9822
103335,13817
80348,19559
101717,5476
84797,16010
80101,20928
83224,13566
93736,14011
78612,15864
80009,12239
90246,13322
83348,13453
102263,15493
84153,16793
90556,18003
83726,11172
86153,5710
99219,12416
79008,22106
76574,17731
93345,9372
89271,18772
84424,16933
104788,20549
96178,12869
90344,11782
105532,26450
83994,10882
91151,26016
77889,32713
76382,18451
97738,6526
86371,16482
79800,47580
79323,23965
88652,10904
94397,20813
80125,11395
103621,8571
103073,9097
104977,21126
101232,10420
92921,10379
96524,19251
108206,7190
98011,8772
82282,55590
92162,11479
91162,23449
98222,6449
106388,25567
76194,12391
93165,15478
77080,20994
88188,10529
95987,10996
82919,20009
106334,9512
92868,30945
83314,14393
83498,18469
99081,9814
101875,10964
76353,38018
97969,24644
86292,21952
76622,27535
103480,18885
85818,12428
83971,11318
97382,15927
101439,7964
96661,13201
77795,13177
105731,21571
91696,13933
93939,20335
97415,11740
103354,10190
98909,21400
78125,21091
106866,9169
98910,7502
106208,22215
89885,6869
76580,12692
95892,14906
91957,18740
99645,12000
79562,49043
82838,6949
101076,7922
81361,23866
108419,15902
93085,16348
104426,19162
88313,11776
104866,17649
101788,10283
103172,10989
98374,24016
107111,22992
93480,16667
94099,47321
100358,11653
82106,32016
92783,29247
95978,15032
79394,13233
81521,22265
88260,7505
98649,9557
81422,16470
86500,10843
92997,12247
107940,8666
80225,49207
94805,25983
88709,12944
106470,10386
78835,17409
90721,10727
105429,39207
107998,26307
89287,10896
77311,13176
87200,17467
95348,13963
83148,9612
100616,12059
81487,54601
85031,11650
86761,9402
108219,25315
106290,13023
81428,9283
94572,30069
99173,12265
85760,10275
89013,25140
85726,12048
98647,8676
76300,41563
76204,14972
99199,23806
81833,13759
79245,21777
83196,11236
85013,9210
99200,10091
96238,18941
96548,32224
104251,20352
91169,28225
91530,19045
103143,6806
106804,11165
108066,21327
76048,47889
75977,15202
96347,10939
90190,16200
77081,28015
83861,5282
100546,6339
78182,29812
89589,10758
85606,7588
78359,21114
97559,15002
76721,16123
88097,22181
87435,5352
80798,13758
90537,6162
100528,7889
106401,20324
81910,14321
92691,25574
100615,9970
77234,50692
78332,25354
77572,4528
90150,7232
105917,9877
76449,27233
93412,17081
86269,15848
87995,8501
100075,6796
80021,48789
90343,12446
106349,10218
87255,10571
85507,17127
76232,12629
106308,14826
92289,18612
104499,31006
81788,8102
100405,12593
106380,12977
81018,17634
83259,12663
94489,32050
92430,24864
82401,13392
79510,50227
84456,18856
98445,11890
88466,16028
94340,17319
104411,17925
85378,10946
93363,28137
108217,24946
84003,9911
78674,13767
83754,10027
107659,35326
104134,10635
80428,13011
107034,10990
105024,21439
105501,13091
100183,13436
96262,14333
102419,11635
76520,17657
87564,8112
95034,18646
102071,18058
92236,27613
108245,12978
90472,5879
91733,19718
86418,13898
91544,16327
108294,5740
103067,15741
87683,13270
99427,7399
78592,15151
79477,28815
100575,6824
103629,21273
86341,16962
87901,7646
100467,11680
77769,14324
90466,9662
105120,29741
94434,29073
90333,9330
100483,6554
91083,21132
86536,11492
108361,14214
102652,14361
84120,12916
99541,9987
80658,12570
96028,21759
82478,8474
99296,15729
92923,19784
84564,14627
83515,10837
80070,30429
104027,19188
79391,19384
108108,7744
99156,8254
94668,20846
107534,11589
88509,10470
78713,31415
95033,26929
105878,12836
84590,11691
104297,18294
93140,22617
95943,41750
87298,18548
105774,10071
98658,6894
87070,18574
99465,12802
105845,7733
85369,21863
83600,7131
93030,32358
82159,23444
88527,11211
94866,12323
81680,26461
85293,13071
83020,10857
92112,9808
97809,9266
83970,7465
86745,15578
100652,10602
78837,25485
96354,9023
90084,10513
84838,16186
90416,18953
82908,6987
81469,20402
97939,16326
84109,4498
94042,40521
78843,19918
94386,34637
79961,41347
98556,12358
78323,15654
98349,12101
104599,12030
92804,15167
81485,20403
86984,12425
84902,10507
87230,16976
101698,9418
81187,29798
91728,26672
90136,20111
96483,9859
103424,14936
85712,16324
85509,7732
79976,20312
93406,20600
84108,10716
82598,10459
88086,9887
78975,59261
78989,19783
93597,15184
76707,22762
99370,21509
90372,11323
97227,16758
93053,24993
99724,9897
101261,9905
85273,7462
105019,20793
107234,13238
80816,39384
101175,7338
105866,39489
96858,8159
96226,8206
97454,15465
94540,27485
99937,13358
96637,11398
82607,9233
107708,24399
104404,20991
80758,16025
99346,13208
100310,15545
91670,28408
91353,26298
96061,11383
88206,16637
101814,8620
82298,9871
94958,20360
80444,30006
93957,31485
100830,7486
82523,10757
96073,9097
87933,15494
100553,10594
86623,11165
87445,9650
87890,11940
103149,15408
102862,11204
77553,22022
104728,17293
77884,34502
85105,20882
76064,49327
86071,9663
97148,22364
76161,18589
82950,6359
87334,7617
104120,6148
104591,5567
106665,14141
103766,8184
104087,9514
95947,39235
87165,6632
76294,22132
108455,20007
85399,9335
84698,10465
80713,11309
85799,7418
100254,10999
80264,9421
94211,10367
98839,22931
99631,20777
81506,31761
76167,15281
91308,38905
78803,18716
92010,15151
99424,7073
82042,15236
89760,8421
78489,30056
102712,10779
90935,29513
102912,11447
99041,7931
79903,40928
96670,8781
76729,34514
91107,26647
87286,13100
102303,9407
106623,22044
86955,14295
90173,20125
99829,6269
106155,13856
95426,53538
82218,24367
97534,7278
104186,15504
94450,22176
77720,33846
83278,12055
90401,16703
95842,20624
77025,15525
88288,11080
83552,19084
91467,30198
78417,25433
81312,26969
106656,13734
93396,22039
89063,10741
94830,17467
98183,5368
101338,11908
86784,10252
99315,9100
100058,6171
89181,10943
92271,26188
97562,12818
79601,14068
95361,14643
82021,17007
80766,14427
107591,19935
97689,8536
77322,16742
83942,9672
80703,37045
84304,8538
92976,21876
104652,7063
81684,27551
90189,10925
92960,37295
91335,18634
105310,14873
97940,10264
79726,19554
97677,14059
76868,28534
82008,56244
96078,18471
87835,16853
79247,16488
77781,12272
83214,13101
108215,25944
93824,29447
80787,12746
91615,40659
80389,33548
103596,12870
105821,19637
82476,9175
95265,17382
98399,22636
76238,26213
99100,6094
104714,9525
90919,12513
83623,28106
104865,11536
82002,15711
78910,22016
95502,42007
103857,8876
97624,12171
85720,11508
96531,10567
83085,14023
107580,19170
100283,11313
82635,10531
83319,6187
82752,20108
89036,18318
83309,12815
91103,23868
78064,69661
93250,41651
104512,15278
79857,8898
105526,18907
95901,33277
88558,10015
106352,20797
77802,16806
87315,9046
78742,27561
102737,9690
102515,8471
89811,7448
83376,17503
81478,26451
90640,15147
77782,11322
95954,16868
102593,11107
103795,9600
90806,9156
89657,17551
86003,14254
95380,20631
105152,22194
89783,8843
94941,11266
97059,12582
94104,34237
108398,11503
84930,8860
107156,19254
95687,17465
97033,8677
103036,7479
85849,11206
103638,9912
76938,28748
86884,5206
88711,11839
105179,24966
103858,11447
105362,32821
77038,16626
98935,17728
83763,11126
106254,20816
96326,21422
91225,33960
90336,21012
99070,8540
88213,15414
80925,50117
99202,13269
98190,6616
93632,13652
103377,7710
106788,20832
104266,19544
97957,9237
79055,24643
99963,11615
104883,14215
77565,19407
104641,9410
92456,23223
90989,32440
96336,7523
75990,13174
81685,29131
93610,27527
92156,23601
98823,15031
92141,36042
87756,9297
87211,11849
93983,30339
87098,5751
88453,17700
78408,15593
82661,9020
105658,9562
82377,11837
86738,12408
90498,7918
96128,15292
81136,22849
96840,9998
104970,20334
102228,10073
77466,17120
77981,10417
94406,61037
107110,12139
106442,20606
90593,13125
85731,8740
91243,23100
88327,16455
101596,11976
91216,26262
82093,42519
106882,19809
89713,12722
93144,4566
88299,17384
78242,20507
93200,24613
97874,12469
93836,40697
77774,35194
94322,24563
98230,11519
96006,9857
85959,15344
88398,16742
99305,6070
86936,15110
107147,13666
89432,17680
104475,16529
93164,15665
77276,17108
107454,17956
89979,23388
105360,6301
88586,10148
84105,14777
104625,13189
78707,22019
98962,5245
105679,7625
107418,12753
93072,59779
78519,17914
98281,20338
99872,7627
99188,4775
102719,14719
107129,11394
86785,16205
80533,17492
78168,18964
96300,32123
85605,9482
77676,15888
86360,9718
95177,41210
77263,8362
83488,18506
106949,20473
86400,11879
103763,11028
98495,12971
94363,6568
101940,9219
81366,18515
99546,12608
80651,15290
101196,12001
102050,9873
99804,8258
87153,8367
81225,13409
76181,23842
98469,18538
93979,12151
87480,18997
76369,15186
88375,13772
79983,13548
87393,14002
88732,10229
85383,7405
101126,6443
95928,18525
103011,3352
80083,37871
96118,11025
85674,14129
82917,16832
91143,14581
101645,10916
92817,15720
97402,9462
83885,22347
101758,12444
98594,9942
102018,761
77568,16962
92202,21757
83954,13720
92567,10977
99006,30322
90732,13997
81955,14880
82585,11634
106285,11417
93620,20181
90725,15995
92088,13981
107174,6007
90304,14310
104127,17308
98880,8778
83303,6094
94770,31779
89074,18263
107549,21143
99624,20611
105181,8458
88189,8364
76455,21577
101020,9391
76745,15078
89568,16732
83478,9965
85747,15934
106272,27770
82872,17143
107532,9510
90049,9194
81364,12315
98040,8716
102958,14478
79260,29390
92243,38770
88478,17293
86621,21431
104072,21880
90813,13527
107620,19520
85958,8949
91758,26529
92388,37171
95940,15880
95423,27013
78205,12920
92781,25736
76964,18108
91309,20281
87312,14467
99960,7697
105615,18403
81777,13744
90088,7952
101916,8388
102032,11976
78757,29512
85089,10886
107536,12240
79554,10971
100053,12610
102087,16934
79180,40531
78292,9570
87547,19522
96714,11719
101388,11486
98889,7320
90037,10947
95831,25563
101678,10265
77780,25818
104014,16593
105304,6844
77837,19163
88541,6998
89143,18231
90294,18303
94097,21031
99108,14609
107044,11393
108467,21568
88739,22115
102441,13478
86183,9828
106346,12446
84130,15486
107757,9567
84412,11331
96522,30718
79372,20368
106945,17702
88312,7714
97814,15553
94724,50646
79892,16698
94500,19634
102161,16187
85073,11363
103316,11381
81537,13931
79187,30335
93646,26781
84942,12216
105305,30855
102440,7856
99694,15860
97189,9975
89680,14060
104471,10657
98066,5220
104541,10489
90039,6980
99640,14541
85034,14226
105699,9393
103097,8857
79154,25715
79730,21541
93954,20267
106821,15093
108129,10230
81433,21150
106810,9497
89340,8286
92137,30993
89457,6084
91797,23308
92334,21393
99141,20474
104901,16529
98189,8814
95071,21547
85149,16172
83164,13926
79589,3103
96533,23947
79514,20825
97024,17483
84010,7767
77716,36107
99999,8469
91937,30090
83222,17644
83874,12696
85379,8448
80923,30796
87263,17574
77648,14403
90784,23171
76092,27557
85877,10387
108297,10045
81020,31474
80092,25782
94008,19214
101425,7175
81218,23256
102599,14683
79959,22109
88223,19082
97792,17589
98438,7349
107986,36012
83947,7975
105867,20010
107403,19229
88885,14030
98450,9876
83554,6648
92398,26674
97238,4794
79115,50526
92394,14792
86813,11750
106364,9377
93974,25106
96921,7644
76493,16827
76358,13878
89895,8634
91354,22745
105589,20357
96412,26035
98970,10482
103020,9651
87261,18658
76112,29346
96166,11900
90696,14289
94089,26658
78422,16519
106298,11980
105489,18091
108304,27116
102353,7185
76411,18677
84847,12991
91646,12507
76141,17259
90730,6364
100429,11794
85989,10777
105539,11851
79951,36954
96676,6796
100762,5355
92509,28570
79582,26424
108529,19973
86542,11980
80669,20433
99953,12988
93023,16595
102223,15444
102167,7102
84525,8260
76654,31469
96998,13132
94337,17675
105106,9361
77494,36323
91245,25178
98303,22667
96838,24999
82064,17148
101129,8424
78108,12543
95497,19614
81175,12312
89631,33344
93976,19961
86199,20303
106842,4508
78263,12384
89187,16334
104396,21567
87198,22340
78994,13591
82655,10452
76432,18126
95404,21225
83767,12635
87719,10185
105980,10217
99851,20449
80432,8759
80344,30048
83694,21949
96247,20351
86395,19657
103276,8873
80262,13455
88698,3949
101575,10149
101293,3586
76732,16780
108287,21526
100140,9917
85239,11163
85252,13654
77174,10591
86250,18183
101740,11886
108134,9243
82406,32496
88667,12573
96978,9098
78635,15205
96572,9150
87841,11269
77951,19769
77253,10685
99102,10515
105959,6482
91687,26461
83483,5851
80361,46554
94647,12529
100857,8342
82465,12567
100672,9646
88369,15690
89345,11776
89610,7205
108452,51340
77913,54614
94990,32844
78501,12457
78393,12844
101975,7704
93585,38780
80079,22293
92292,33685
88595,12233
107865,20038
106687,15983
101741,14415
93999,20237
107722,15040
80167,26448
81844,4614
77048,18444
107873,21927
84939,10479
106486,19332
84683,9154
83721,25359
95371,16427
77370,25546
81285,18631
92306,15490
107739,24098
89483,8626
78832,20810
95190,26946
100747,6932
106957,13237
101143,8449
92745,31928
96890,3798
76809,11037
101202,10007
98845,18065
106599,9450
102195,7648
92630,24138
94558,21703
93959,23909
77993,32350
105814,21769
90144,14058
102474,10590
93582,41098
95183,19332
102451,7101
90109,3392
78889,19227
94338,22808
88104,15456
99955,8590
91274,18375
82254,30933
94279,19055
84677,12872
86814,22143
107316,17575
108497,21521
97403,13755
104859,10416
76106,28766
77307,31584
105083,15279
101644,7506
75980,25371
80678,28495
96987,7136
84261,13713
103391,9945
84290,9330
103179,7650
92887,20824
88486,11638
95325,19610
108122,5744
85364,15222
80688,34567
84356,19517
82717,17496
95166,24399
81154,11691
105294,24547
101409,19297
90808,15375
91000,30112
107931,30976
80058,18636
90511,17827
92525,30947
90057,11028
80266,13168
84467,14142
90576,19874
82575,15648
91601,38346
80196,20156
83418,14893
97121,16754
102024,12206
85225,14907
107001,28576
82592,15489
96681,12298
87462,10042
96787,12772
98868,6161
86472,19934
91250,19569
84328,11410
101840,7703
78225,21002
81026,9546
82325,9519
106596,12761
99810,17044
88054,17407
80041,30404
102577,11026
95870,20397
76937,19197
108359,17155
102482,11824
105228,21925
94110,50569
91022,43781
84243,7870
88868,19377
86994,15403
103924,10454
102415,13117
89954,13284
98212,6421
101117,9991
103865,10280
81944,15556
87371,15886
103778,7002
84310,18645
78146,24363
83910,14882
96498,34688
103937,1879
97439,14791
85156,9651
93197,18099
98573,7534
96816,12845
94610,18962
102536,4805
81021,13965
105037,21176
82891,16181
83601,15056
93413,15665
84517,10615
98296,9646
83442,12538
83641,11577
106454,26587
88540,6640
101350,17837
86741,20618
79411,48278
81400,17626
92460,14777
76076,27820
85593,11890
99476,9413
99991,15418
80184,19147
91365,38428
87967,10061
97960,7226
106216,9831
94470,39284
105054,22655
76801,20749
84376,13480
95818,28152
101354,7983
81184,13394
95386,28119
94813,18735
100188,11109
97816,15966
101948,7023
108229,21168
77604,23221
103052,16279
83998,8555
103163,9657
78407,22068
106267,13790
84808,18325
102176,5322
103807,11758
102936,9615
77803,19985
91153,18161
96806,27127
107797,18331
92654,8938
82110,37256
92570,20946
84350,12472
82022,35274
101036,12218
93012,17380
104053,10608
79339,19874
79767,9006
97252,14186
95098,27124
99791,24000
95121,22186
100598,8452
88806,17303
93433,16053
85064,21416
103820,6106
86190,22061
96438,18014
106282,9782
93667,18224
93191,16070
103899,9938
93568,38353
104546,25017
80852,25488
91782,14984
100867,16125
96727,8252
88787,15486
80175,15010
106215,22789
82884,10186
99701,8765
96972,9147
102844,15540
85912,7366
105580,14185
92949,16915
95794,26092
81410,16280
103413,8082
94880,24132
87634,7910
94036,23493
82130,14700
97256,13121
103817,10911
104456,9043
78003,14795
104097,14167
98797,7336
107315,17403
106755,28863
81147,20121
105271,5835
89017,7735
90194,20119
106608,7050
106146,27228
105471,13563
104538,9140
78198,34082
104720,13804
94900,26406
94045,33740
100816,12715
85400,8506
96876,24356
93515,25238
94077,24713
87247,23771
105067,21046
95538,48290
79301,13714
89679,17410
90677,22945
100348,16880
82373,23767
104030,14941
91200,27944
108132,10052
96587,11716
92498,18453
103409,10581
91232,22374
80016,19662
98705,9743
94058,48843
107248,17806
85165,6238
87202,14671
84291,11259
96682,26235
76451,34551
91004,23101
87541,12486
84735,8769
86029,13095
87675,11013
79434,29327
104691,23816
95401,13098
103975,10443
106441,12272
105335,22337
86453,5994
84490,22742
96908,12639
87472,10928
99908,4064
84898,9933
87539,11195
100666,14282
82231,17529
92648,22097
84694,9386
81594,8563
82685,11095
76620,36087
76943,18533
80231,22648
94782,10462
83815,15546
101713,11269
86358,11244
98701,19335
106421,11218
97920,8537
108072,17152
91315,21806
98550,12045
99263,6671
95373,16248
80445,9972
76982,16375
85544,10687
101977,12125
80279,21784
102808,7405
107325,14485
79988,20029
83473,6441
80074,24612
87094,12740
80523,15756
84129,14208
100159,10299
94256,26009
79199,25592
106674,18736
76299,15743
82217,35258
87294,16287
87361,7841
105782,11535
99109,12252
97733,23228
80963,22069
105129,15739
103322,10939
90068,14569
93845,19001
104956,23060
103473,7117
78167,21021
80718,36569
85621,16138
88490,9833
105456,12740
98490,9856
86488,9737
107303,20308
106463,10389
100403,9461
86991,20665
95381,40041
85219,9738
104635,20279
99004,12226
80747,26771
97854,31457
102646,7913
93364,35067
101209,6036
89140,16743
96244,10730
93727,16713
82138,27422
97759,18503
86015,15995
81090,25000
106085,7712
101600,13696
94831,23217
96566,12644
82361,28173
80479,23240
82068,10615
104750,10512
93539,17008
98127,9913
96971,14489
94105,20999
95326,18128
107438,14691
100536,8893
92659,17905
94809,33069
84186,7046
85631,8729
86381,17169
78721,22558
91773,19319
90453,14573
107225,16169
89949,11694
104531,12325
76979,18499
104743,7924
87731,9170
79915,8282
105072,29311
99332,9406
88800,5860
89522,6804
105361,9801
96528,13666
101546,6281
78680,21364
87029,13819
80591,54112
79887,23469
76107,30943
78272,15143
88116,12213
99644,11818
87595,19504
79324,17626
76408,49415
79173,14613
95084,11220
95455,23240
83809,12470
107320,15141
78828,26376
76284,16179
105622,11155
99344,8134
79395,16399
86906,11705
107576,10665
99418,11005
89050,14335
83758,9375
76289,31649
95798,27404
76119,21232
87583,18873
93110,18486
92911,20876
99758,7844
91697,30111
85260,17324
108475,20179
84184,10696
95737,17904
105286,13630
105354,12014
101587,12837
99526,12165
82328,14888
91052,16311
81332,47201
84562,18248
86175,18655
94828,27059
76792,35820
80436,18766
88143,10145
102644,15929
79459,25727
82225,14650
83772,13428
82109,22113
102803,10534
91947,52135
88498,3870
104204,18316
103303,17118
95989,21043
90917,30744
104994,14702
91408,21412
79084,23765
94840,9786
103127,14399
93504,16138
88642,11616
95535,30137
82775,12357
96490,10795
77545,47343
104939,7415
97679,12618
95462,15314
82601,7385
91541,25141
82997,18721
86757,5726
86498,15903
78468,15189
98262,22392
108488,23712
84813,10553
84965,8676
78478,29444
98819,16773
101543,14161
82061,24245
101359,11879
107203,11647
98811,28847
102982,10610
89603,21684
95083,57969
102426,10631
88264,11555
87119,12741
86554,16002
103454,16279
99382,20850
84255,9282
101580,8677
82690,24614
103650,11581
92587,80710
92831,13410
104410,19871
89264,12532
82865,16543
76984,22522
94265,25086
76786,9787
86379,11456
89735,12215
97066,12840
77007,22549
89137,13922
78243,14796
76669,27536
89281,18823
105621,23053
84020,11231
90142,20233
79677,23446
101025,13446
101821,10899
77424,14937
80188,20974
94655,27912
85282,7667
78763,10825
85774,16271
79278,10290
84460,14972
81489,26847
90788,20294
90191,10924
106772,31608
108112,20568
84380,12573
93636,62637
103749,9264
93435,13566
81394,11516
82146,34565
98362,3137
88250,10566
107041,17279
103478,18818
89273,9590
93583,35288
92107,24743
79557,7895
77861,10724
84591,22176
102756,5451
91798,24058
100309,16279
94987,22942
89991,14344
81523,23116
82815,14778
84366,8905
105609,7235
89695,7942
86242,16282
82477,5877
83774,8543
103676,9214
85371,18077
77386,38069
93572,10453
77535,23697
97174,11582
78330,34672
94032,13439
97537,14254
93975,14076
80657,27132
85971,13503
77536,13617
81757,15179
81232,27911
88606,9766
107709,9506
79596,20940
85671,17383
93617,25954
104211,16563
98843,9788
76153,47402
105258,7968
94812,26834
82892,17529
87816,15930
90058,6743
95471,10041
90419,12357
88777,14555
101559,8216
86808,16128
93637,20141
81562,14177
76442,33516
79967,28309
88683,18979
78139,9033
86530,11326
77000,28564
101915,11206
90706,11773
77396,19299
83475,18474
104217,15265
101461,7744
82676,7261
104438,13328
94757,23559
84916,13781
85934,20152
93051,18899
85136,8413
86448,10417
102828,10128
101564,9322
85740,22424
107725,18890
77165,21156
107859,14166
83065,8296
83470,27939
82147,23620
103691,6064
84024,14150
99630,9734
105243,18037
103804,8669
80130,10161
97317,8394
78532,35591
98989,7152
87716,9240
103640,5328
100541,17004
101428,5910
100899,4659
91739,27986
94502,41109
93919,25854
79707,50358
91516,36317
93156,26578
93340,28237
86892,9523
80420,17433
91660,53094
104006,14175
79833,38771
101663,7515
102471,15237
105380,8611
107076,22306
97009,22865
78577,33464
100281,8349
81075,50807
105712,28750
90807,14714
84240,14809
96951,18919
77270,17784
81760,13302
92040,39135
89339,16526
95256,24369
84788,19294
83686,12098
98633,8646
76608,20673
98918,18225
100264,10160
93998,19036
90051,7720
100506,13042
95747,13317
91393,12839
101051,12744
107844,15669
105479,19224
102468,11884
106785,16079
91577,17140
80832,10257
88616,2799
78897,21786
83228,14638
90389,7743
90154,12406
107664,21230
84602,6908
103155,7477
94290,22791
84292,9595
82455,27993
84453,8132
89161,16831
104207,14986
85660,10023
80032,26259
75996,19864
83712,12196
89784,10153
101364,3907
79099,19583
101423,10199
89977,7040
87688,9777
87401,16056
90723,13647
85875,10471
106387,26438
76002,11472
99436,10241
107239,13297
80251,27231
85127,30150
90351,9033
95526,24574
79335,31361
104754,11179
91081,30347
82005,14831
89414,25543
102366,9457
107017,9287
88810,9972
86694,7039
79641,8176
104863,22106
100526,17094
80318,21740
100931,13677
102375,10822
78617,21392
103552,10652
108268,15950
77842,16685
88774,8317
82323,13624
94125,25629
98661,9265
100997,14505
76933,5625
76957,38348
84347,10153
102000,7179
84626,13649
82214,46174
105909,28828
107442,9366
102342,7936
104461,20717
80095,49495
83558,15772
104376,19868
105494,12362
81702,37022
108056,13725
84131,18615
94242,24325
102987,7222
99643,17718
78954,31510
85511,17509
85380,10208
77232,27634
86585,9390
99729,13161
94946,25849
97768,18456
83855,20273
92397,11807
90311,10219
99324,8110
81167,14923
80030,35765
103679,8980
80164,11668
103198,6620
87658,10512
102090,8690
92710,13307
88551,10439
91001,23993
100653,10496
106050,14387
92084,15101
77402,20306
101296,8851
107242,15965
95646,18700
99126,7771
90982,20668
94896,27408
93011,16289
84607,18001
83352,7023
86097,17591
99312,6667
77584,29124
97372,13174
107179,17935
105835,15043
92924,25514
90798,7591
77487,20320
87523,9417
104328,29247
91404,16201
105702,19883
86051,10060
98136,12384
91149,20469
84015,11147
78227,21693
91810,41794
92345,23296
102647,17678
106549,11318
97007,20008
86887,17035
103983,15057
89554,13357
88066,11484
98778,19636
91459,32091
79659,28203
83978,6791
88036,17259
80483,12921
101770,2126
98220,22290
84427,10837
94491,16121
83782,12505
101945,9289
96613,11852
80126,45118
83381,16319
100263,9862
94953,20953
84413,14091
94816,45363
78578,22644
89766,15626
78560,32892
106444,17221
100883,2740
102769,8614
106426,33642
92404,38853
84800,8089
90714,11732
96274,17389
88259,8494
90683,13551
78878,13595
78675,11392
102189,19112
97959,17467
78324,21073
100397,10713
89808,12187
102920,9265
77724,11868
97183,16798
102360,7249
81748,19506
100225,6525
101411,11794
93887,25107
94437,14824
102317,7895
100939,10513
102016,6778
88651,9604
99340,5504
107078,25409
100937,11044
86922,11100
77864,28984
105180,14216
85599,8143
94556,45878
88368,22160
81005,60590
79083,31408
95200,27927
94374,23611
94160,21918
104549,15282
85933,16508
104848,20645
104424,28698
78183,16045
99280,22452
97928,7119
93122,15663
107991,5225
92468,28390
97451,9004
94463,15645
77629,17936
86008,12260
106210,29698
106181,14145
87485,11031
107645,10224
100084,12151
88201,10657
86236,16865
97090,15008
83909,14290
77686,29914
85505,21185
92046,25993
76681,13310
102648,8116
104998,44756
86349,10443
77229,16672
93379,21071
84973,4084
80681,29478
97876,10895
89330,10703
106836,21970
96449,10693
88765,17548
85710,7518
104002,27588
99224,7345
96767,25339
91035,32339
91531,11062
95857,23345
81338,21810
97921,13220
94040,30822
88240,12114
104643,12411
84702,8343
79809,14549
82171,16297
102481,10722
99514,9684
76656,51438
86176,13938
85784,11393
91529,24599
96184,8402
94982,25954
89887,22270
91306,15599
94801,17273
84873,13352
105262,18432
78755,18516
105378,22581
107314,26013
88401,17056
104523,11062
95968,15686
106940,16823
85854,12632
100090,16187
94299,25735
95815,45465
83336,13853
93357,10376
83671,11623
95352,17738
81447,12478
82530,10125
84072,6961
79590,38144
81072,17925
100894,12337
94501,25513
98410,17198
77356,32833
89008,7495
79270,70086
102768,10071
104671,15936
91482,28455
93496,25474
89699,7064
93711,20035
92768,23485
102118,9854
99410,6741
101552,7943
105876,9014
106386,25960
94563,19367
95860,16597
83636,10977
98837,6182
78724,9638
92579,26118
82223,28116
84289,9290
77579,32133
83896,7246
87389,8249
88139,8622
106790,32027
82260,28188
101627,9130
81876,20947
91029,19008
84583,3325
108158,10237
108203,15426
98582,7997
107003,40645
107777,27234
90308,7632
76799,15893
101387,14051
79964,21863
91606,27561
103952,13795
88622,8039
94559,51839
76143,17965
94903,22141
104486,25590
87551,7172
78063,48180
102556,6264
100052,10561
107074,30735
92069,25498
107850,29654
104540,13770
96846,22697
92391,25217
84659,18549
84117,16835
79120,12856
91389,12976
84349,8590
90954,44915
92695,14380
107811,22529
81971,19647
83450,7637
75976,25306
102965,9949
90287,21802
77605,45619
91214,28237
108303,15331
94860,42810
79366,20041
106091,12983
76439,35509
87417,33818
93478,13873
107216,20493
103764,15781
86879,13989
103625,14317
76402,10286
80311,19496
80391,37209
100880,12955
83171,5812
88078,7860
84318,17335
93526,23033
94190,16769
97052,11749
86101,9391
87543,20908
85029,10342
83740,15633
100089,5972
98227,17382
98248,7814
107138,31606
86854,10426
102785,6653
87839,13011
93906,21145
84661,17634
87432,10534
85654,18476
90678,11966
95299,19013
95236,28695
107608,31160
87004,19820
100566,10603
80665,11915
88010,7334
102663,12164
85485,10992
101269,9952
104674,24663
89263,17165
95420,19871
102691,6353
86663,7860
106138,16293
91571,22928
93819,13331
78571,19441
94985,11248
93301,17537
106718,12181
86771,16708
87704,7911
79666,16701
107584,17473
84895,11191
108408,9920
98171,18073
83310,10352
86673,16138
82853,14507
105650,12840
98670,13534
85066,5080
83794,6295
80583,11305
88130,14491
98999,8874
101330,7017
94984,17475
97990,7920
86985,19105
105865,22524
108519,25032
85264,16027
99920,14003
79757,24674
102991,12235
82734,15230
93798,25830
78739,18565
94102,26146
107720,13963
104818,24648
105035,5718
78882,13361
106768,8964
104488,17572
83401,20559
96513,12100
103742,7556
85746,16453
89503,7576
86162,10173
90081,11219
87809,17869
105903,13199
91476,22550
77323,25211
79344,40832
86967,12033
87631,13103
91478,21761
87477,17035
97456,25449
91210,28448
88841,22908
86262,14375
98038,25143
108461,17933
95645,21390
91233,19439
81480,27129
82671,17389
105275,10975
77852,15124
90565,21624
89172,10887
102384,9506
88944,8816
80531,19883
101795,7969
90744,5973
78179,30118
94388,28208
92546,18679
84282,14361
87078,17840
93190,36914
92014,13967
104501,24914
79523,21878
81096,20585
78193,33531
94720,38099
97242,10488
103784,12136
100186,8896
91494,12708
98765,4173
97370,20486
76295,28721
105840,19797
100641,7655
97160,29725
96440,22777
84853,5649
105223,10381
105879,11126
80347,30881
84534,9970
85045,10636
99348,24800
105487,19110
101906,6831
84905,12234
105810,12331
76346,10477
104163,9552
91997,21968
94182,18001
98583,12915
78048,21345
91650,16231
99045,23727
90167,12672
81936,6494
97322,8572
79506,15961
101689,10398
99677,5866
104364,7916
104493,20616
85811,11789
76088,18956
107014,9900
85517,13098
100065,11820
100700,9070
100178,9609
86072,19009
89071,8108
76027,12088
84394,11598
97989,17944
77527,11121
89342,10158
94118,21263
94468,32514
76061,20500
85744,9698
105185,8416
79043,18740
103948,10848
98325,6959
77056,18090
85262,11007
94885,28095
92436,71018
105339,9986
85288,7757
92944,20950
83145,15090
87905,10937
89188,11748
90245,15124
80370,17382
92165,39001
91638,16741
103657,11926
81016,19953
103792,17193
94815,15084
78957,10260
83141,9112
107365,12271
95563,26543
76918,33472
87215,14102
108328,11530
108027,19195
79325,37035
89545,13660
103967,8518
77530,35468
95330,36399
78671,2166
102103,9400
80024,14114
89481,9494
89138,10961
98762,6780
86166,18021
91396,15427
94749,45646
95788,17555
99730,12115
102801,13813
87208,11958
83098,10693
96015,26654
107970,23640
77471,32835
85822,7540
100518,9615
97282,19477
107193,8171
104825,9164
82687,30311
83026,12457
77470,14835
79254,13117
108020,5321
99103,6320
78665,32813
86932,13249
79269,16567
92024,53085
95652,29788
96170,9311
83586,15356
100804,9265
100758,13597
107628,18622
108337,11225
83175,16365
90838,6343
102741,14883
81263,13775
97071,7345
95004,22023
107019,16722
95503,17341
86249,13121
106921,28623
89972,19275
77660,24233
77328,29004
98264,11384
86800,16617
76661,20030
81734,40494
84741,11809
89926,31706
79502,12677
96963,10266
97855,27936
86877,19786
96814,22264
94648,36584
103104,7081
77999,23019
77500,25279
108189,11751
107124,17106
105320,15740
84589,12019
100502,4095
84272,19449
90146,6215
89016,10815
92360,19844
97341,14409
99635,10747
93758,21870
104345,20573
104346,11660
103219,19913
94240,14657
100510,16250
97788,9585
87877,19881
83993,8475
95268,33260
90857,12008
89897,17706
103642,8583
79712,24339
84733,6558
103510,10017
82151,15367
89275,6479
97022,22277
89964,6903
103169,10561
98586,11437
78199,8618
78507,21037
88856,14468
79309,19443
85685,11025
76527,13990
81636,15260
86638,13023
106517,17397
102023,13514
91620,48176
101886,6719
84887,13352
84751,9004
92613,24712
91825,24643
101895,12514
90560,19000
105545,8989
78700,19352
82886,19340
105649,10682
77577,21233
98003,21688
80537,28396
87387,14212
97626,6435
92948,26977
104000,10775
78385,21023
103301,9841
100102,6885
91401,14539
105726,10072
108002,12530
96055,8011
86533,21940
84966,14569
82750,9643
84780,16523
99760,9567
96353,26422
90252,18591
92114,22573
85641,11335
78846,31359
97479,27047
100657,5195
92553,20072
87684,8013
76579,22421
104441,7617
102915,12044
98255,10576
84716,11025
85426,11274
76829,18241
77899,36729
93875,17145
94170,34620
96206,19578
82777,15410
99399,8569
76017,23030
78785,15544
104195,7545
100767,10566
93500,16781
103248,6840
101828,7834
93209,24572
96665,5963
94208,21762
81789,45877
92578,16993
84750,13311
107543,13424
83294,16080
82408,9399
104836,26353
87366,9563
100488,7960
87296,16958
99820,7357
103856,6322
80536,22138
95407,23061
78024,21623
88166,17574
79046,14770
100829,7596
99250,9608
107164,8123
83857,8290
90031,23536
97531,29576
78237,17267
77205,19742
84796,17960
79769,18568
79899,11961
81570,27670
96209,8256
108012,12576
83784,11511
95293,30167
107894,9372
90118,8092
81548,14707
91246,14006
106066,29610
76349,55273
84792,11212
94792,19377
98772,9680
81023,28078
92760,15116
81049,29864
103697,7178
82248,29904
85475,28826
80927,27276
93520,21349
103034,8268
88006,15681
80697,16919
89565,17771
106983,15704
76042,21320
95214,22035
77712,17804
102226,7592
106128,31020
94347,42199
84176,11471
92633,34883
89147,10974
76200,17799
91972,25414
95624,15711
88237,12935
90626,18243
79402,28688
92751,17414
93494,27846
77785,31382
108502,10487
76356,11203
90256,8053
76286,19467
98835,24072
78799,26695
99864,13297
89317,20635
81235,35320
82980,8603
79032,13428
94549,16632
86872,10380
101730,14058
82684,11563
99516,11144
80017,7334
99863,12775
92792,31509
100593,10679
86135,6610
78870,10455
107586,22649
83757,13374
92765,22308
84890,9586
108290,13304
82893,28275
89660,8547
105543,12442
106368,11888
81799,34810
102757,5651
87520,7864
85172,7991
76593,16258
99431,9144
104403,16736
102932,9693
81998,13585
81391,9555
108151,12921
100164,15408
77950,37852
100416,10409
108237,12876
93464,19162
83899,11441
107184,16433
78001,33667
98816,6870
98737,22326
105432,20650
99160,2835
99195,1930
90337,8020
85546,16519
107128,20278
93327,32671
81501,28900
78485,16075
98491,21897
91265,24115
97185,14389
95708,18790
92269,22157
90122,13398
84219,9868
95920,18586
82679,12956
105174,14398
90879,11498
77507,41867
88757,12916
101256,8228
83426,18222
76075,32775
76871,18221
77695,36955
103555,10675
94893,22109
95836,16478
92061,12493
79710,10627
93899,13759
83299,10195
95620,32107
104279,19259
83705,17129
95472,32678
106260,16459
76886,15594
97248,11808
80660,15129
101333,10952
89360,7213
85450,10044
88836,15951
77416,26868
79577,18928
98503,7665
76778,13719
93681,14648
98418,6525
98615,9962
91857,29818
85059,12290
84064,14495
83511,10648
87961,12039
89756,8260
106904,11983
78218,24916
91503,24638
77126,10116
97801,8550
87474,11191
77057,23518
79478,24359
90041,19167
83374,12957
102094,11236
103780,20645
105079,7910
80462,23816
101705,12819
105756,25224
88993,10285
89593,7813
86338,19107
77853,26952
92077,29326
102494,8290
92534,37248
78971,27753
84687,18637
88376,10743
105707,14040
80939,23495
82258,20480
104917,8457
95086,18933
79275,14982
104721,9660
107939,20234
106703,9030
107820,11877
79947,19815
89961,11466
106451,10089
98821,11797
77748,33274
104802,23872
81481,45861
93544,17207
89611,13835
79850,30449
81466,23640
90668,7145
89743,15419
106672,24351
76030,16925
97231,6170
93484,30662
81393,11834
94369,14094
93507,33565
100752,7629
95565,25577
98749,14449
99634,11556
86127,7316
101842,14993
108481,10730
82863,12513
90043,9953
76857,36337
83241,11845
103197,7442
95458,13868
76515,12986
84987,12984
80199,18825
77835,22531
80809,12821
77245,24827
104828,14018
107338,8034
78811,34787
76708,35654
88559,10013
99380,4817
89411,7491
94532,25175
88046,6181
99155,11004
80986,14621
96122,25416
78618,19788
98205,3527
98995,25981
102432,9495
78709,9722
93586,22469
98147,8779
95468,38658
95425,16181
89106,10350
85764,9803
87674,11025
106365,36779
106263,7486
97423,14411
86855,15752
101637,8555
100129,7543
89346,11348
80037,7734
87439,7888
76329,54947
101234,16943
93715,26938
96728,20939
88023,15544
100289,13850
93685,11291
97301,13189
100588,10737
78240,17229
91194,33025
78088,21092
103811,10220
79852,20256
77718,19091
99968,6777
82937,13810
106774,18388
85107,9602
77329,24489
106498,13669
80946,20441
89630,21940
105995,26417
79926,47418
93982,14538
95152,41495
102460,14497
86797,18302
98696,13963
87491,21586
93185,20190
90910,18653
102510,6007
99707,12881
106468,9465
97505,14433
85240,17176
89795,24781
78677,16132
94311,20802
79406,31906
85528,22086
95656,16156
102783,12508
76191,27184
96193,12592
108352,20455
94226,25471
94472,21869
78628,8393
96861,17342
89698,14619
89021,16975
98919,11827
107511,28853
104317,13236
105587,14796
89244,14103
108221,43531
104558,20718
99691,11656
81153,21907
83019,12784
84699,7991
92354,45665
77258,34089
81991,14165
99191,15132
80072,19209
97195,24137
83104,15647
104712,10970
100443,11957
93443,30455
85543,12012
82977,17271
92597,29993
89182,17035
89737,9649
103093,13694
103417,5719
78550,14486
93081,32682
80992,12857
83725,10732
90755,13733
89727,20785
82723,13832
85046,7489
105507,20809
102497,7885
86897,9704
81522,13972
106201,22097
87615,10777
84646,10505
104296,25894
84433,5959
101470,13309
76641,21316
88265,8982
101728,11886
83541,9515
93807,33245
83873,10520
76785,47405
83629,10339
87576,18119
93395,16609
95537,18597
89598,6904
78074,34508
102980,9189
104929,17096
97395,13349
106751,22152
101628,15008
103613,12368
103641,11581
95834,19097
101797,2211
80042,23555
81608,20985
86535,14583
98235,22739
94784,16238
79342,12403
97906,18391
84622,13195
85948,20138
88274,11873
92480,21541
86378,17041
107558,12048
88531,13985
103681,13135
103559,7381
102821,12046
77372,29987
108078,10473
96014,9259
91072,18723
78981,15562
85860,4754
91538,19255
100904,15360
83903,10327
89075,10019
87210,5178
95405,16914
101957,12983
91384,24102
91816,22250
93271,19790
106951,18015
77457,16127
99216,10319
106683,7759
79593,14308
92575,16008
106332,21549
99751,13602
97844,20012
90776,7532
107788,31210
97552,9010
85396,9052
90072,7172
104380,9910
108171,14928
82534,15987
77917,23877
76212,19265
77975,18165
96718,26730
101250,7483
102875,19932
97385,9659
93943,20899
76389,18125
104653,19985
85000,11473
100844,6510
94384,43176
91625,18683
92124,25171
100983,11937
97669,22981
76674,20018
104012,20184
100742,12062
97937,8494
99509,24655
99834,8664
104037,14757
96369,15307
86125,9801
102999,5155
85473,10836
90508,7838
105281,31063
90368,10330
84029,10262
88603,10995
102423,6211
105253,21264
76230,17783
100316,11259
102553,10276
76308,44166
101348,10829
105689,26519
78347,27170
88127,18855
97320,12247
98421,14239
87422,11889
90886,5371
82580,7651
106420,8652
80218,12768
77197,8976
81116,14429
103847,10279
76611,25222
80677,13386
91546,13818
83706,10997
83288,10224
83664,9992
81103,29601
104136,20024
79754,25475
80794,28119
90027,6259
99186,11350
79957,11134
83420,14655
106971,10206
88929,12357
79354,18011
104624,19860
103631,2523
106329,13274
94466,27137
79495,13298
92262,15744
103626,10700
102620,9830
103026,11852
95440,25366
90675,8201
92169,20386
85598,8607
93980,14255
89884,7773
100361,10278
95314,19668
102984,12859
97290,30082
88702,8220
79250,22277
101218,10559
85994,16388
91181,16526
105974,10171
92222,27389
91691,29698
103472,7840
90116,9639
94185,17713
95705,26250
92442,8660
83759,11710
106311,26596
108531,16205
88487,7933
88956,11278
80477,24702
95422,11984
77410,12143
91873,24915
95274,22578
90023,7037
77204,15766
76504,21001
105902,5097
81820,14437
89405,9774
92206,15758
79328,18283
94971,18564
91185,47789
103332,11944
105983,16869
81775,20520
81946,24434
97846,24653
103884,10495
105182,8542
76148,25317
99255,17941
87785,10837
78903,12983
94578,22730
107853,12881
76717,29476
99052,9324
82390,33431
83676,8550
87748,19862
95443,26817
94430,16136
83886,16979
78492,13428
97540,12572
103167,17107
82621,10868
88729,22237
97779,8665
87179,8330
83693,11212
83068,13832
87978,10933
77547,12824
104135,10144
91838,21459
81044,17212
82100,31232
79196,12167
103420,8984
84430,12082
95116,27281
88758,9711
102600,14522
97943,22580
82923,17532
84173,15694
91455,24826
104107,13537
84031,7480
103307,4981
103516,11379
94534,13002
89498,17657
78100,8141
86728,10195
89787,21422
99604,6752
87920,12639
95679,28738
106342,11022
105013,9050
94526,26820
79217,14532
105206,19602
80930,14502
101748,9548
108486,12721
93949,31215
99658,24070
97561,18959
101617,8411
81330,49389
101771,7234
97270,6484
101595,13896
98215,10842
84007,13097
92680,20804
78992,16578
107596,21395
77206,13682
82743,11249
83701,15201
99165,10921
94432,20336
86548,13874
76397,20822
100070,6401
103513,8022
80091,19657
76782,21143
100886,10856
103951,7718
87351,16904
85974,17550
79314,22065
102475,12978
101614,7245
99033,9487
97666,12588
99253,9444
91658,21096
82007,18680
76687,53348
83921,12265
92186,25636
85865,13585
78521,10992
77902,15298
101697,13511
98102,10305
88037,10778
87226,5186
107492,9913
100723,8272
78581,14109
104777,9468
95606,15211
101145,7507
98544,10850
96417,22751
102714,10561
85830,11653
80541,26707
88142,14132
95553,29605
107711,15539
82572,9734
77820,55818
94456,17054
90433,5651
78161,27726
98322,34779
101884,10056
98723,9143
100828,9900
100612,12980
78754,16131
95053,48779
87293,11273
83679,15956
102810,7173
103021,14539
90497,15522
106798,12884
96234,13709
97962,10509
81585,10827
101255,6762
95824,17878
97053,13417
106657,20408
107453,18287
77979,14186
93717,18811
100424,9038
105579,25823
85608,18903
107878,24215
83229,15302
95478,28084
104405,21365
86681,7196
81901,16806
77806,13574
102650,10486
80845,23384
77445,17192
79206,31926
105219,18421
82665,3771
79532,28784
98125,6481
77147,18918
84836,9789
105376,17670
77343,29070
108114,15853
94994,11771
88610,6114
99609,7365
107243,20851
98829,14015
85362,16487
87409,11145
95322,24113
86185,10735
81792,31895
84113,10985
86139,16801
84719,15021
85120,14960
101693,5030
77413,20427
77179,18965
91580,54691
84116,11790
93025,45868
105224,8384
102854,11542
76237,22603
105595,21450
80155,34473
92056,27349
103229,16459
98783,12264
106357,9645
92305,29160
96312,9548
86890,7982
93354,14157
86898,11736
76058,18897
90555,8714
107136,11152
107052,29682
76384,50278
101670,14072
102438,10677
81063,18079
88254,11137
87041,10034
84909,8270
79053,18914
88187,9899
85814,11702
106396,19356
90460,15282
79261,17823
105167,11506
84047,17879
96771,12773
91074,50711
92357,25525
99588,8783
78138,31350
94328,17770
92019,12954
77557,25280
83024,16160
94888,14214
94193,29403
97909,18850
79111,42138
97936,13774
95276,38884
107815,17802
92806,20295
91317,20633
89507,21504
97462,17709
93693,18112
81331,27054
77260,49642
105287,14539
86064,5110
94906,27630
94965,18133
105863,7842
96962,11497
82573,16238
83271,9433
94624,9649
105014,22408
99965,10561
98009,12029
108442,9995
78211,32733
87609,4049
95639,15054
83389,11999
84086,16610
105956,10657
108384,5448
99053,8007
85503,10719
100879,5726
102238,16883
107311,19097
90740,8412
96463,27001
96521,27066
100020,8322
86048,16750
90310,15914
95810,12517
106809,6844
90420,14688
77189,22569
103940,11039
99054,20666
86669,15925
108226,8562
107731,15736
102410,6891
107012,10128
85117,6290
89298,8266
80880,18123
86954,13565
100029,15729
98943,11184
81089,30521
89148,11181
98024,9540
84621,15952
98748,21415
106824,19030
106049,22306
108266,16623
98763,4921
100238,10102
107279,11036
78188,50449
90443,14399
95384,1665
98928,21963
83992,8455
94914,19442
92340,13382
77677,13380
90840,16053
106434,34110
83736,17607
90022,12877
87633,2561
101312,14551
92614,25901
79410,10867
83220,10247
96064,10906
96470,10113
77247,9488
102732,19046
92569,21506
103467,13269
102976,8212
87220,19097
82183,15515
88173,11609
94227,22707
83048,16270
85320,16248
90217,15623
97112,14379
78246,10176
82000,22545
79672,11833
93499,20822
103355,7569
93334,29300
77302,14933
87100,15554
92568,39936
102148,7632
81098,22312
77544,33569
92644,28560
95996,26205
79138,14382
97082,28658
85843,8375
103831,11196
78047,27728
99184,12262
83023,7571
100629,6683
106087,17447
87161,14102
97572,10103
86106,18241
90163,13098
95623,42193
104349,14194
84422,9033
107061,10977
78175,36134
87468,12622
87136,13184
84238,9327
85432,11158
85363,19271
105017,9437
80633,30089
82273,29042
76668,23425
100970,12945
104985,10659
76457,17738
102241,7893
90884,8717
79706,21538
92608,20308
86284,11161
103990,10785
106152,17986
97553,19372
106477,8849
78423,24609
82766,17259
77477,51243
97680,12310
96346,14000
104141,17599
80807,24603
100442,11139
107029,17443
90213,6496
88434,20062
96441,9728
80102,15180
105520,29873
78279,30497
95023,8518
76739,20377
76776,31951
89754,22616
92585,16106
83197,9041
99947,13681
108399,13477
99140,8251
91454,10825
104130,6140
108320,13245
93440,31010
105567,15525
89460,7859
79662,27084
88491,15795
77034,17631
90404,19034
76014,12353
104971,9974
92516,13400
86856,9222
90648,18105
97201,10859
79186,20618
98204,9346
82568,23868
97595,6844
101703,10051
84202,9780
97310,7076
105498,14270
78896,35884
106029,16534
90047,13831
83277,19343
103503,12409
104327,19759
78026,31914
80909,21784
85733,8572
103986,13657
103236,15408
94181,24618
78518,23240
88239,8544
94503,49121
76074,15183
94424,20274
97663,18055
82357,21455
92631,26897
95482,47957
90697,15944
78798,19921
103348,13884
83659,11744
91108,14598
77916,16485
106086,18834
81928,21851
108406,9586
89731,15348
106178,13944
107719,22690
90633,17171
100003,2646
98978,15944
88009,16759
96631,13915
93628,20090
87288,10377
82057,27386
82925,15409
100038,9636
78420,15524
96271,7806
97966,14723
96110,8922
80393,14471
78706,18130
107484,18901
103084,10667
99792,6981
93476,34887
88975,10351
83981,14237
79492,16620
76802,31666
83781,6141
95719,28705
106177,27144
80626,30592
76158,13412
91434,18436
80463,24620
86263,10284
107666,23590
94262,21989
103501,15077
89996,15604
87306,9005
82265,15615
106825,16743
98851,18371
80547,26850
100440,11046
103194,11435
90394,33717
86111,6456
88528,19461
86857,10183
78099,9275
92331,18469
96016,18563
91750,28367
92459,22474
107321,24345
87091,9774
97925,3407
81737,15818
99093,9233
99531,11087
84423,11647
76406,22935
107350,19964
76326,49016
84338,24285
76577,23989
95385,13905
90391,17268
107624,25055
99241,7552
80248,21136
85295,16302
96343,9355
80926,12401
94027,21416
79544,18349
84425,10456
105264,13032
82643,7006
93474,14157
107072,8892
83519,4057
85962,17078
96932,28726
100759,10643
107022,6987
77012,36255
100651,8805
89430,20654
88981,16083
95740,23093
101954,15219
103408,6254
81304,10435
108421,22421
93532,22852
101576,13767
79931,19786
108176,10891
84455,17619
106797,30791
76513,18663
89674,16153
77722,22132
84754,19133
106492,10554
99242,7890
107569,11726
94320,17546
82637,10689
96550,16594
105480,19308
100624,9572
89114,11701
100866,6970
81896,15803
102689,18489
97911,11726
97099,6729
92071,22062
95849,44538
102903,10685
103725,15001
101176,11937
103887,10191
80921,28262
92266,21158
106467,8044
92139,23889
106826,27251
88193,13828
106211,16152
88612,15937
89179,16528
80004,25668
98225,9042
99856,21284
87150,23385
94786,28365
98471,19335
103319,13810
89393,7350
85789,15820
97761,18986
101800,10983
91588,29269
76096,10364
77378,20830
105010,17375
93587,29637
90171,7252
90438,7678
91148,17155
91323,29781
98577,9198
77741,15772
87789,15679
94742,30759
78295,8660
104797,6548
77425,11231
96208,18302
100731,10016
93163,33930
85915,8324
89993,10816
99626,24405
78228,22081
78779,11818
78654,17479
82947,19793
99479,6111
90585,15588
79933,22548
79287,21385
92899,27391
93755,26885
92117,30889
102417,10491
106587,28386
108201,41300
88442,6509
82673,10377
104223,11245
86036,6488
93425,24637
96693,10515
82050,37040
99460,7157
81829,33454
83925,13222
94041,29420
82035,16533
107368,8693
105591,27342
107782,9495
96340,13852
97566,8038
91719,14456
79210,16392
89898,9196
106642,12575
93485,18783
98774,11904
90967,20210
89550,17916
99247,8388
99897,6745
91394,23546
88135,5559
84111,17287
91479,27846
82622,7446
104106,28802
77050,30671
105631,10578
86427,6654
93552,44369
81830,35740
82034,19303
105857,20138
91623,19524
87886,16958
78123,2710
101951,8634
97543,10700
79462,47485
90234,2578
81860,21773
87045,5635
107162,13046
90414,15282
78353,28018
90940,17984
104123,26928
88330,9934
84769,7983
108396,20110
89556,8767
91348,12440
107687,17528
90777,15034
104801,21785
82951,13013
106440,18974
83562,9068
95283,20918
84042,9166
97883,10672
101997,8118
82566,9950
87497,11687
79697,12948
85723,18786
103511,12813
101075,12472
108424,11083
102011,13739
90054,12575
105933,16206
83807,14921
77338,29979
96060,7528
103133,10340
76548,17782
79177,22686
88937,13269
105216,11138
80415,12151
89404,5501
99503,12171
102640,16187
108003,29064
78038,12339
96267,21700
106361,27173
90046,5830
81034,21286
77832,21993
76482,11705
103687,8089
104148,15608
96008,8821
77464,29716
83612,16635
88727,16529
92881,19328
78787,36462
92593,15803
93216,12114
108447,8775
91746,29358
78670,17417
93142,27795
103515,11670
101254,12905
103532,11286
95650,22445
100251,15002
82597,9923
83045,8159
95764,24869
83685,9746
108088,18303
99800,8830
104273,10413
86860,6935
103756,7753
90038,8448
81692,10798
76875,11980
82474,9465
84165,11005
92416,19092
76486,15384
83332,16942
86362,6651
99000,13639
79474,10378
81625,18165
84416,10987
107026,44136
78888,27367
91402,13350
104996,14368
108161,22714
95547,18282
81861,12732
77574,36268
88480,9707
78311,29590
79130,27227
86087,19715
96083,9503
102730,4985
93459,29308
103121,6664
106519,12106
90685,9778
95357,14362
104263,1930
92978,24655
85290,11758
90632,7871
105283,14756
77070,18493
97304,18597
97350,23978
88499,8200
88773,17099
97413,11000
97795,13782
102571,4595
100395,9460
83692,16726
88058,9702
88108,20047
89818,6349
84732,11729
79794,14765
103320,6102
91794,15048
83061,14490
88593,13902
100252,8301
87177,6726
108018,8910
102667,14942
77541,11839
78985,33661
96495,12451
91698,18490
80282,19340
92825,26442
92684,26439
93840,37332
85266,5767
96656,10656
87600,12107
106994,7887
101405,13287
86756,3368
91439,13399
85088,9295
93892,16305
108240,19186
91934,25492
79263,20499
99012,13935
99507,19352
104775,13233
76783,19370
98630,6224
105799,11690
79687,17914
102242,10408
104987,14788
76197,16049
79819,38733
105059,16367
103748,7746
104789,21035
107740,19941
94310,19090
95974,24241
78991,28170
85346,12848
104905,20449
84858,8284
95021,23024
79234,47387
93929,29476
93964,21655
102327,18201
93930,40379
94220,38405
97355,16106
101356,12535
80132,47940
96537,9247
95767,10299
102780,11659
98549,5169
91031,28926
91922,19234
92327,19778
101273,7848
83564,9445
93121,14379
91848,21612
99112,12133
79484,21968
83792,11516
88337,20148
98896,5761
82576,19224
85186,10858
103570,7524
94806,29583
107394,8361
106891,8556
77508,32503
78851,46560
81113,24839
85437,11925
82280,11366
85886,17224
79625,25748
95239,38330
82313,52318
90789,19252
92484,18683
88349,6691
87936,2497
96057,9985
102286,9901
97187,7629
85499,8571
104015,14200
99732,11105
87915,12867
81687,12252
86009,21123
97444,10311
102004,15394
104458,7625
98519,7023
82785,16333
103479,19329
100675,12806
102764,8376
84770,12904
106124,6830
103447,7941
101681,13936
97714,16499
101446,14660
108526,16179
92403,17574
76218,56107
81456,10041
81297,30720
90637,15911
90327,7927
95775,14985
89328,8733
76281,10929
105285,23314
97967,15805
103677,6769
89371,16009
93864,9193
103191,7065
84138,15835
88931,26253
83174,10821
96700,17205
90557,7239
106224,17183
76032,15380
93904,11850
83233,9669
97166,13644
107008,11949
98411,7933
76898,15298
77335,21862
103661,13347
89251,19332
107278,10691
76306,22063
95821,32671
93738,28785
102085,15198
87697,15854
95925,17725
86432,14823
77843,9236
91784,20329
101658,16671
77139,29110
82509,9769
92105,27228
89714,11796
104701,16557
96529,13228
86466,13492
91745,14097
89336,12096
77392,6590
107821,24089
96431,8161
96177,8942
103091,6955
91003,19678
95781,20027
96216,13051
78178,49191
108259,20080
81909,8166
87054,9682
95949,19329
84912,15993
106750,10061
105535,8370
104790,10139
82394,37190
85536,10379
88663,9974
95114,22256
87720,10205
105355,6417
82633,9710
77178,16530
82650,10409
88354,18234
91594,12529
106838,29866
92201,28631
86903,17123
91790,31263
89435,20787
106192,9726
100291,7845
80263,18074
105259,6969
90581,12662
82168,14293
78900,20874
92927,20384
86035,13729
82812,6017
90960,15605
80564,32703
88136,13235
81598,11293
84515,18640
76559,20816
85602,12932
87221,19551
103271,2977
94627,2287
79016,14409
89875,16179
89037,16320
100203,6142
86521,7302
100287,6980
100028,9085
99993,14058
89572,16461
89439,19585
105686,9745
92939,16289
94055,30350
80380,24095
99967,4955
95543,15899
97455,12336
77160,13470
105212,20326
100236,9430
107291,10395
104571,9170
107474,13205
93115,40723
92068,21383
101225,12040
87087,11873
98133,13472
108494,22866
93501,25774
99785,9687
99377,10695
104791,21536
95521,24686
98752,23586
100191,6403
86298,11029
85617,9535
101651,14402
93014,16266
89934,8352
85334,15215
97879,15540
79690,21824
108126,19505
77117,44791
99027,16934
102822,12174
80603,14521
98014,6494
77131,46537
93449,21455
96996,17630
86682,6398
88766,2724
89860,5165
103646,7331
97690,18372
101168,8835
106415,7738
83711,22102
87996,12106
79855,15862
105266,13708
92717,40243
88833,14843
100290,3152
79845,12442
102781,17028
80780,28087
95643,18301
90478,5661
78919,45091
87599,17624
83576,12487
97582,23676
98560,1953
94839,15732
79584,32008
95009,40851
86194,9755
81291,14962
108264,7746
91618,26299
103987,2153
98687,8106
89683,9677
80178,14228
85041,8921
85795,8237
92667,26146
88648,11306
81003,22619
89530,9746
89343,18797
84383,11029
95447,21348
103195,12114
87916,9609
79701,8153
78939,33592
90700,7770
92770,23987
108076,31006
76716,21379
94223,16083
97551,21439
92126,30860
92616,28508
101680,10586
91237,33603
105108,11699
96867,7278
89088,13165
92402,22019
94049,20054
86720,9344
100554,18269
102551,13429
88297,10139
85365,9476
82994,8667
79914,13131
108258,18420
76068,16126
82252,10851
85769,17607
90927,41008
106917,14664
97051,7602
89757,7457
90517,8674
100679,6268
102698,12834
76935,15234
94802,29168
106017,28001
105400,10392
107120,13905
102046,10269
90067,12181
82781,13076
95277,48623
95689,23180
105027,19882
85236,16399
97380,16677
100285,20245
98812,12417
96265,23294
101336,9864
107335,18569
96385,13397
78322,34633
91805,41936
106808,15269
91272,25809
97409,9647
84801,13456
84783,15021
78594,24363
84618,11952
95162,16754
87803,14150
92565,13950
107155,20674
93075,25459
102973,9306
89247,7508
79555,28047
90326,20063
107169,17265
79268,18727
99954,10530
80374,24756
101695,4847
91260,47318
78376,21076
105554,10955
106897,17193
88890,21193
85043,9066
90014,16206
99924,9700
102210,12550
102041,11343
78082,53827
106653,9035
85042,6813
90502,14665
87396,17904
92489,20480
76383,14295
82522,10652
89906,17017
103260,8021
78162,11414
102594,8375
103841,7555
78789,19118
106717,9766
88775,6416
88109,13959
87997,16940
88027,17053
93890,13354
94101,22317
102675,6388
101475,11065
80558,9980
87171,7810
88266,10218
101850,15269
99649,16180
105512,13331
102290,11424
80390,19748
90266,6776
84938,9742
93151,47608
95267,33108
92188,23173
80014,22119
103390,12527
77627,25801
104741,7383
107297,9665
93101,23971
94142,17983
93814,24873
92300,31625
89616,9474
102876,10752
106731,20760
97653,13926
86484,9468
97041,10784
88263,17963
79035,17644
85171,21309
99949,10448
97528,8268
89333,7435
108420,31472
103545,12314
87578,10835
89794,9481
78220,21759
86074,10399
82330,17433
77108,12659
90682,19173
105643,38386
104819,31860
98722,4446
82464,12376
80687,27479
101340,5670
86763,16945
103549,7114
85520,11637
95658,37274
98745,19257
102751,7484
86044,18439
87791,7251
85907,10393
82976,17440
87738,17579
96035,10576
88577,15254
87932,9875
100197,15108
87983,19808
83455,15394
100627,8697
108491,7436
103896,2820
100166,16146
84224,18621
82279,14321
102695,9803
91730,13476
91520,17138
93441,21933
104061,14036
85328,16987
78431,12326
89987,10630
89785,8369
87524,9367
105313,20377
97204,27375
81190,24916
106185,24550
90483,11547
85436,12418
89422,13020
94943,22517
84834,9921
104864,12502
104593,18748
97614,8529
105794,10450
87647,17945
79445,23991
86179,10095
80653,29730
86987,9210
94399,13715
85016,7610
97822,9882
78119,18095
100744,7137
105979,10474
99994,8032
100774,12657
92935,20625
98288,12643
76583,10974
83919,11663
81696,41010
82491,16062
105912,7884
81324,20835
76616,28274
77437,26802
87372,10885
92668,26315
89936,7044
103228,11406
97587,10230
101465,13821
83831,9979
106127,15653
81306,33197
90977,18770
104439,16783
93212,15125
102209,9094
100072,9533
82518,13285
103988,4645
89788,6824
81061,18266
102430,6566
97938,6432
82243,28698
98210,14248
108342,20852
83764,10807
106233,14734
99659,7958
99142,10932
98655,11301
108449,17020
104515,10566
97931,10627
100995,9312
96070,23360
76333,13818
106307,11464
92092,17186
78883,9224
94921,30468
78172,26852
96430,24387
82844,8287
82378,5003
105297,19823
95050,26203
93124,17599
80112,21298
86478,9129
83917,9290
100721,12679
94123,30936
100693,12080
106688,8598
102131,11488
99935,8222
102108,7691
82729,2102
77495,15694
98827,11800
97526,18356
104954,9186
78155,20330
79469,12013
98055,11836
102443,8952
91468,24148
96944,12251
90974,19777
97294,8444
98347,6826
96505,17040
100542,14876
79348,19611
95285,22640
103440,8644
91432,22717
84815,14009
88959,17943
96017,24948
105760,10461
102874,10704
103528,4274
87558,10912
95691,21839
106122,23589
92479,7815
106673,5151
108143,30436
88298,9927
102149,15274
87765,16764
90258,10385
96940,9185
108032,7446
77733,20886
90186,7052
94702,17340
95120,28340
91144,13617
103053,8484
99408,13594
79533,24190
99369,10669
105062,16681
102029,12529
96368,20893
101066,11409
100088,6029
84869,13519
100736,15408
85981,14330
98872,12878
84037,9441
89217,10971
89775,24897
88379,21296
80011,24222
80836,20975
105215,12221
93719,39141
107968,16852
98967,8697
85591,16477
80478,10813
92882,18409
89721,9507
101878,7832
102301,9664
101408,7237
81446,12861
100045,10529
82986,14214
78772,21109
78208,25072
81689,9957
96791,15179
79141,13189
84271,15896
94879,16669
107759,10788
83675,9681
88258,13464
96976,17976
92824,17064
98414,7732
85028,10191
97506,8823
92767,23672
100210,14044
84470,11828
90627,6670
98768,3856
105263,9957
81662,35372
93787,15529
82688,9359
88923,9000
97463,9980
93008,13885
86807,9637
79997,21611
106742,18744
94777,11479
86594,18508
82991,17657
102203,7834
103539,14479
96264,17310
77721,13209
107801,14466
99511,9854
92801,21202
82658,6274
91732,13981
76557,23134
91314,37828
82198,15019
100607,15034
80984,13021
77901,12704
95736,16808
86809,19361
78288,21671
101339,9552
87249,8237
82143,34375
83850,15781
106952,13241
106504,27343
87341,15551
94165,74130
79986,23351
97235,12216
84860,10384
94913,20534
82439,7610
83066,9828
76993,27356
88803,18040
77506,25374
76456,19814
84599,7399
76680,26031
78685,35288
80310,17644
107412,26622
89792,4869
87421,15327
88821,12567
101930,7998
105822,10954
97642,14675
107339,10429
76550,19843
88272,5860
85777,6769
104995,14278
82640,7468
80887,13822
105022,19302
79920,19287
96724,12439
87654,11505
80242,30692
103464,10800
99537,9816
92524,27699
83634,13947
77597,17525
87830,18830
87700,18379
86513,10105
92891,12704
79513,11515
101087,14290
85729,9420
107672,28271
77549,32582
94307,24663
84500,13290
98867,8093
103039,12384
91192,29707
82205,12681
100369,10417
107529,14717
106073,13990
87934,8266
99978,14217
97512,18242
78085,22552
83329,9441
106679,19763
102680,9362
100260,17865
98100,19971
79452,55389
94814,26335
83431,11053
102298,3859
86411,9761
105783,12434
79588,19540
77976,10638
103387,15353
93070,40753
108393,22094
105094,16105
101152,7328
87464,11049
92410,23005
102395,7801
98531,13187
89945,9575
102454,14649
104729,16339
89493,10598
92058,25744
93884,13641
87594,7543
100891,12390
81535,22043
80847,29598
90120,9309
76004,23319
76670,17354
82018,7804
90007,16296
76604,12069
88324,7437
84260,14889
104662,18287
80740,20830
94973,17517
89099,26790
89528,15933
87947,19633
76967,24030
94126,24134
92187,43398
104140,8453
80573,14426
99372,13522
79790,27367
94392,21920
103573,11166
96538,10472
96774,22135
83631,12959
89532,9210
83991,17839
95769,27326
83263,16563
87065,10200
107642,14457
85968,9176
77321,17003
79237,25981
98975,24432
95590,25611
104906,16105
103289,12187
82134,17394
108432,14817
79361,15468
79283,15789
108270,10449
100333,5408
89059,8739
96852,6920
89651,18248
82856,4990
103072,18364
108315,15193
95664,17768
87882,16550
81682,24211
102981,4518
104776,8727
97621,20241
100451,10749
94393,39099
87416,13350
105999,8337
91075,2472
104390,14406
78471,67295
91077,13024
81733,14554
81475,21036
89546,15218
81968,17861
82201,17731
100703,15552
108173,9518
99283,2319
88618,8163
77172,18512
105813,13250
85410,9167
77665,14118
106427,12243
100684,8354
77682,122812
106196,1969
88627,22127
108029,14753
80142,20932
101534,13398
106737,20529
84776,8383
100686,7179
100393,15328
95593,19097
106482,27389
82594,17993
95052,19204
77581,31625
105894,15713
98981,20265
103791,9635
89035,16322
78988,53251
102284,6072
78961,21066
100824,11454
80563,19211
106006,27410
98874,5779
92004,28029
76541,5086
76087,10385
96383,8672
89403,10757
85502,10707
78453,16074
105672,10416
94086,29336
103223,11964
106894,6204
104079,14934
76659,52417
78970,11240
94467,7654
106317,10362
90990,19549
85168,16242
85329,17741
90573,18955
87552,6372
106650,9188
97658,11517
103443,10197
108293,10439
106230,15072
90762,5086
90385,12227
92892,29904
87166,10554
88217,18252
107357,13041
104588,15133
106711,23190
82117,28638
76811,22815
96629,13765
82497,13554
105204,10113
92020,22533
103534,11038
87801,12619
76388,20907
101512,6493
88523,13226
82847,19869
96295,23540
104555,14129
82459,8103
88896,11445
98912,19465
87904,11752
97899,8668
84404,10732
83628,33199
98240,7345
77405,50267
95241,20082
86588,14866
100568,7018
103330,10285
88168,34522
99695,7766
105415,27068
108291,9367
82483,18842
76215,13161
95883,9605
93944,16558
80545,12760
87133,13839
107929,14452
103594,10696
98090,2918
85950,7599
97817,22617
80349,11646
92065,25809
81419,20362
103547,15671
82647,16905
103287,6628
92620,22760
97818,13104
94762,15768
86986,14970
80244,15183
81808,33162
101955,13690
100277,7805
97433,10261
101701,11548
88891,18767
97998,8878
84676,6063
85102,11676
95997,23892
108269,18952
101745,11678
94167,24013
100965,2796
96695,6885
84077,9174
95666,32134
93525,22160
86442,10247
98856,17288
102762,11741
91868,24520
85895,8773
83837,9884
97933,24131
77159,44763
86267,13879
102669,2665
99058,27931
83648,18635
90586,17168
96303,11912
91599,26778
104830,13997
103867,10561
103352,8239
85911,10494
86215,8735
100026,9598
87347,9047
95363,16394
105922,27075
100582,10815
90707,13163
89442,11174
107455,11811
79441,38339
99119,13002
84855,15745
95694,24373
98802,20799
93759,24972
100855,2416
93601,28508
103425,8234
79810,31186
106082,10627
96555,12125
76273,15280
81265,13725
76722,21524
87080,9669
85477,14046
100688,7106
101612,7094
107135,8671
82754,6796
77167,16232
95627,37267
77685,22402
81835,20305
108459,13579
99976,21075
77873,15966
91574,17506
98487,13368
101067,5052
86888,16768
79051,21831
105704,17451
93009,23790
79182,27750
77226,20131
83439,10652
106093,17935
85243,16474
77181,16765
85451,16286
76412,44903
87990,18342
82077,31252
86289,17634
81566,22100
82864,11708
99130,9732
96176,13687
102269,8063
91841,23277
76041,22108
104840,19746
106253,18178
98245,23636
77039,22290
100730,8165
87739,4732
107559,11519
103282,9937
76646,28159
80252,11912
103895,8743
92491,25681
89765,15429
106652,17763
88005,8339
99470,9637
77069,19298
77955,27399
90809,7557
91610,20506
102774,12218
78231,8741
101171,7817
94420,10453
91378,25072
82771,11167
99918,2542
103574,13952
86799,13115
94318,18091
76950,27861
101720,9179
106698,21239
103488,9564
99153,17481
104945,20957
82708,16930
80674,18918
84122,11132
100375,1650
89456,14401
82974,14024
104716,24101
88124,15832
101244,9309
82069,18532
98606,15600
94412,29918
106030,24884
89877,7774
83349,15381
84253,8355
79774,21751
87259,10758
81587,9221
94407,18879
105889,12618
90829,14111
90286,7963
90162,12723
86022,12933
108101,22971
76814,13738
106162,22351
106605,17174
99590,12504
102676,11732
107658,10529
82396,13589
108051,24488
92955,27403
83520,9798
80338,16014
89312,6448
80751,30011
90622,7015
79431,24161
82870,12792
106446,23323
96223,9089
100491,6826
90125,33626
107869,18547
78278,27813
104244,12290
93810,25295
90911,25248
81869,29710
100472,15917
101927,13188
99713,17455
108184,14079
99764,7688
101286,15786
106534,8323
77461,11296
108272,11527
106010,22275
89193,12113
87761,11045
88154,12409
97789,11716
98271,7506
84160,16461
80752,9962
106107,21405
87260,11026
76549,4028
106619,9758
93849,27960
96045,20522
98306,8830
91896,41474
94048,18598
104918,9962
97720,7496
97482,9079
94156,22070
96469,8771
96918,18633
97241,7861
78150,11987
77808,36502
103265,9904
99485,7558
77860,14935
83834,18420
82565,5732
104344,30237
88984,8872
92161,18735
102199,18512
103723,10042
94677,20410
104806,10920
87148,16383
78411,16788
97856,11608
80535,22459
90156,10450
82176,22915
76790,10204
91762,30721
78650,32149
82763,16269
82678,10719
100137,22528
78365,30452
88768,10687
80346,23745
106682,17850
97171,21728
81701,16437
84073,11607
79549,6692
100269,6969
78466,30654
80489,8877
100009,10780
78769,13026
96821,21214
107253,9485
76045,12546
85567,17698
104651,9790
94428,9213
90549,15856
100940,11769
105608,18471
105280,10367
92200,17396
91082,7352
77298,23670
99432,9987
80426,7276
100817,8048
98552,13803
102428,8469
100978,9187
96371,14253
84334,7572
90196,6660
102540,11132
96914,6819
100895,9739
105296,24824
101888,5868
104077,6846
94267,32192
96803,21729
88905,8921
106132,8908
104388,10458
92704,19973
86345,19772
98326,53311
98572,27081
98754,24834
77794,11998
101082,6689
98455,11971
95796,17590
98861,20280
87570,4243
91904,21296
84147,14851
79470,31400
100012,8035
78698,18933
84929,12410
97808,13367
85299,8895
91297,45967
100772,6220
88500,7364
86077,18942
91891,18561
81059,20119
91023,26249
94693,27754
83779,13376
102323,7506
86078,10323
85595,18352
78582,24988
82311,33401
107228,27589
90613,15709
102643,9878
87044,16532
94680,22380
86222,16011
92844,22596
107625,3082
98155,6692
95145,14792
79545,18029
86312,6772
106466,11923
102721,7057
82720,8504
89908,13115
86593,4468
86930,7804
80460,14915
85235,19200
103331,13180
96526,21272
93359,16204
104761,10522
76684,26217
76697,20579
92488,20871
107148,21728
100685,8316
79407,20985
90983,21193
80435,12865
106658,24716
76894,33604
77367,14998
80301,35519
81032,18438
107900,36763
83046,13493
102331,12943
94376,11648
83559,11852
103509,12532
76553,18793
85897,10180
91644,15677
101598,19662
89707,10647
106964,15580
86117,8472
100179,12828
98605,27291
99719,9187
96764,18769
97262,9037
79645,22343
85785,13840
103444,7342
105639,14842
106379,21345
94283,12627
80195,16094
84709,18180
106270,16733
106321,28212
102975,10170
77231,42790
82488,7363
100406,13434
79606,8983
81036,15346
95806,28780
97217,18709
93696,24386
84438,9233
108083,14891
94109,30125
81873,23548
83535,10359
108253,9460
103572,6912
97782,21258
85759,16915
101313,8850
98905,12920
96344,20344
79144,13996
93593,7516
99886,10525
96085,8239
91717,25264
100170,13756
101760,16187
104762,29789
94364,16369
81819,18277
88720,13020
76810,18998
91505,30764
91740,30667
107115,30409
79860,20379
103392,9415
107926,7579
98206,11942
91551,41833
100331,13208
76115,21850
82255,15774
104007,20672
77667,7305
97247,13019
104182,44249
84802,11200
82517,6292
79978,39606
104400,30778
98809,14306
96889,17175
106291,26796
99347,9654
101462,6996
92841,29124
78210,66556
90440,16273
84119,10951
96872,13394
99411,7026
88399,15073
93645,18390
106472,12752
93223,16853
100761,9642
84396,9770
81694,24032
91499,51896
86428,2443
95718,17175
102532,8621
101976,7990
101696,8856
98887,7069
88660,16791
88640,16485
84379,13158
84581,15997
102278,8813
87590,10575
105244,21750
85140,19487
100212,6510
82463,8973
89649,12284
105119,19795
101138,10892
97613,13222
106323,11768
102910,8182
106664,17248
78285,20626
90102,10837
96386,7765
90800,7724
98566,19124
101815,13534
101798,13441
97728,13248
99174,13366
94250,18905
88827,10248
105493,8819
77991,27538
106003,12780
102938,14124
80815,17352
102775,13436
106108,8967
86213,13123
97119,17678
90341,16786
81713,25018
99887,6891
80067,44906
104710,24723
99374,10098
102685,9427
88454,9801
88121,16916
104607,13448
108321,15448
100788,16601
79504,20130
108273,18274
94291,28000
92974,18973
98506,7387
92238,23877
101214,7556
92872,24235
92412,15162
99487,29426
95246,30618
83843,9867
77705,18617
82903,16321
99335,15326
83112,13248
82946,11829
105777,14578
87013,10453
96752,8445
106136,19796
79867,34282
84377,11399
100807,15657
77327,32557
90531,15007
80907,9572
84019,17399
90542,16352
77431,10736
100648,14124
86836,9704
85657,9831
104881,20962
87108,3226
103909,14524
101363,10771
83894,9566
87239,16850
99880,7584
101105,9086
103682,10761
84580,19934
103278,6360
81972,9841
96088,6723
89815,7967
83189,13547
93790,31004
86893,7109
85632,7929
84891,7316
81765,24801
104808,11228
78274,21048
104323,15274
104215,24511
83258,16324
85415,9307
76352,17028
105843,25395
79923,9726
86788,19360
106140,11743
107298,15865
80097,67520
84584,8823
97123,11282
82024,63470
80482,24287
85092,13707
107615,13465
83158,19472
98377,10188
101038,9276
86398,10875
93257,20464
76372,19706
91976,27796
89914,33729
102249,9854
92223,20587
96162,7943
78476,35618
84032,19795
87790,9864
99047,6789
85743,16241
100359,7367
105381,20709
87011,10925
106016,22299
104246,18140
98535,4596
101636,7293
86057,18644
103082,7501
98076,6780
83514,8331
103770,7756
81344,15975
95622,33248
103797,1720
93056,24093
78395,19431
89628,8374
103060,4306
76440,21289
91172,28891
92399,28122
93498,25259
88211,6191
101974,6022
92110,14601
108282,10524
91046,16888
87325,18098
91442,17293
105058,8671
83755,9755
84596,11376
86642,9688
104884,33619
99464,11943
76380,19218
84398,8282
86695,14028
84967,17233
91413,41515
104536,19807
103653,11929
82660,7505
96278,17105
104281,8965
96493,12264
84816,17020
96248,7834
84910,13257
76150,35492
84168,8201
91284,21657
95359,16010
99809,18612
97478,12927
90354,6794
76268,20326
99017,5331
92966,20127
98031,15058
102949,10167
96793,9359
88706,7625
100609,9047
89116,7948
85861,7144
81217,21547
93134,24835
93383,22231
108417,7528
84549,11065
97741,17863
82038,26372
104696,11827
102985,10903
76015,34191
89233,5334
107693,9005
79543,16708
88941,11632
107133,18510
84262,9111
80022,12580
92947,3147
106355,23164
84561,6767
98987,19719
106383,21334
81784,10545
100364,12595
107310,39606
95690,33173
76393,30394
99698,10565
92142,28804
83931,19294
89216,7744
78447,13235
88380,16213
106609,11440
87906,16688
107946,11135
98084,12531
86920,14639
96738,13207
90639,11196
85170,25368
78613,21383
105247,16643
90641,9986
103803,11017
101871,7292
84737,8965
88357,16037
76060,21226
96081,7066
95771,17878
90465,11905
105795,6143
99716,8866
86627,8469
76452,32025
106972,18668
85032,12763
92339,20352
92906,30099
107476,25003
98693,8186
100745,15056
93962,27973
87071,25469
78456,11804
98616,8160
89502,15160
84812,17328
99278,10617
106760,30050
93843,17123
89686,11391
89459,14077
86882,18963
89055,13682
103280,8121
82388,13154
84322,19811
99763,9737
89240,8284
89369,7924
97845,9164
98505,23080
83594,13436
76879,21478
107542,9286
80047,18427
103396,10500
91511,24813
103680,7919
90952,31089
80329,28604
95213,14215
93454,17106
98790,13579
90991,49666
103576,16099
95054,16197
91254,40379
78354,28880
82354,8465
88849,10970
89577,3239
92417,18813
87390,21716
90610,14782
76083,27188
81716,13307
91781,30844
90138,20437
82651,8615
97872,7659
84809,16034
107232,14060
82070,13388
98299,21881
108152,7470
81894,13931
92170,30770
76815,15311
85318,16333
101609,13881
85681,8374
90628,4456
81278,9152
85022,10660
106237,9932
99060,12615
97068,19698
81590,27596
87125,6945
86034,5935
92154,16015
94085,19401
84555,17672
96138,18517
87289,15784
96099,17999
92408,16938
79885,25685
77403,21450
78502,36846
101012,16187
87470,10709
85394,16828
90467,15932
101768,18281
82421,12896
85707,17732
90630,16199
83619,10504
102793,9808
78299,18539
108074,9947
80894,48065
107622,9481
89930,13468
105194,19969
87228,8256
87821,21893
79921,17476
85109,16863
104039,6077
103523,17050
84724,9770
101351,10962
76444,32070
108202,3033
92774,39617
97279,13360
94079,14402
101938,5773
105071,20593
91761,46301
79296,28872
100769,10761
88597,11248
85935,9795
100302,14571
89081,19364
86282,6905
107202,8640
101999,8704
77135,21530
99417,10337
90406,19059
94752,14989
83342,10479
98973,17626
79768,34319
77192,10424
80500,11936
76835,36496
86983,12820
97069,25923
97193,9573
105073,15707
108405,6834
90739,13863
100079,19237
97513,18189
108004,30825
100330,10822
88508,17765
81325,26923
105920,17831
81530,9265
86776,10618
80384,12351
105020,18591
104228,13320
103926,6024
92044,29802
107049,8692
107408,20196
97280,14299
84121,25031
107517,17277
81847,11140
93671,16879
81276,22240
105034,21151
82559,16504
97468,25270
101227,7977
84614,14977
76259,19895
81329,40777
91999,27263
83557,13850
82819,8773
83735,10663
103607,6830
93256,28103
89255,12128
102147,8594
86853,12972
76266,15467
85025,18762
79566,21586
95663,21850
96600,9262
99798,6577
96922,14749
76888,44553
78701,29156
108246,10517
102309,10750
89158,13264
95309,19040
90997,25972
88930,14988
86235,17250
86159,9101
101049,13725
81773,32498
81389,25183
88802,10567
85702,10439
98780,24294
84786,17075
85683,9673
77857,27441
88429,16983
102069,10961
104862,11985
108204,22117
105476,9692
91778,22915
100851,11068
82960,16275
84799,19257
86912,11237
101533,4671
90657,8948
88912,11974
86715,16547
87508,17421
87984,9561
94852,11374
94905,20636
76632,21776
84100,7001
95802,11495
93740,41319
98565,10433
104153,9422
82480,6965
100660,9963
76089,27259
104329,7947
76434,19629
84061,15665
92097,17009
96236,9088
78908,10595
104602,12261
102750,15267
103394,14911
88113,8791
95654,26767
86372,10549
103110,11929
88378,17228
97704,7540
90821,15670
84901,24351
93956,16893
96320,29519
81148,22257
96461,22372
84615,10982
108104,24717
78039,14790
91425,27786
77044,12687
83049,18442
99803,23965
77693,21915
95508,42007
101593,11402
101499,6045
88319,19605
107344,33885
88590,7565
102740,7722
85931,11778
77210,21972
104732,16233
101802,9803
106071,10666
107867,9614
103449,4708
79433,26661
94897,43289
79851,18492
103779,6789
84206,7281
101707,7377
90924,14363
92910,31406
95774,42522
78551,42673
97038,12528
107852,13982
87639,7844
89958,17983
77096,14885
80491,18819
97835,10308
88697,8220
78196,49143
100662,9946
93739,7380
101433,11403
79620,11255
98914,8018
86750,9317
99223,8628
100046,5449
77452,27907
104703,14286
98198,10090
104049,18891
102264,11380
104967,16258
82009,17457
79345,13789
76063,37991
92506,17739
105509,7434
87958,12533
104150,19048
76395,21497
92933,23145
105564,9542
101877,16161
97863,9081
98886,22686
108166,25291
84870,18372
105095,14782
91461,22485
89581,7049
79917,9198
86396,11512
77190,25806
81287,10447
103138,11311
87123,11078
103793,10934
93077,20135
107545,31167
99055,8740
101183,7711
100713,8267
94948,25923
104333,3734
99987,8142
85251,10454
78966,12223
106038,20494
80139,23000
86167,12788
99261,12273
92352,13022
106505,23562
100845,11308
99620,12568
99159,21360
106476,22304
98980,21237
93289,17622
108209,12383
83126,9416
100563,6338
105255,9499
94179,20269
90552,7784
91267,10366
96812,12545
88257,19194
88718,12021
83854,15135
94902,16879
92523,13386
89821,15572
95400,43361
84369,10996
104199,10624
82116,25847
100708,11616
82790,13697
81821,15088
88277,13783
81500,36598
86835,16424
79378,33084
91295,30033
91973,28177
104856,15107
77543,19779
108162,8638
91217,40488
87896,18588
98107,8727
100169,10561
90709,9434
80086,33171
81299,32530
96112,19190
103775,6980
95669,28739
78443,14071
83136,15813
103945,6564
93010,26226
91906,25547
85113,12973
79454,16704
95079,44325
77330,51954
83798,13015
90237,8196
90782,8442
93557,23919
80716,20287
103222,8196
88529,7655
79327,19329
103525,5491
77294,14434
86934,5729
83687,9603
101179,11005
86285,15936
108225,32176
79458,19268
79962,27578
77878,30881
79980,28888
78111,21941
96878,19350
91368,25954
85298,7214
85082,17187
91369,22326
96485,27532
77644,13449
87187,16240
108438,18213
83884,14186
79694,13040
83581,18093
89661,16273
91756,15681
94344,16124
104700,26132
82382,32305
107594,41018
78751,23743
80127,11499
99586,11940
79871,16975
107372,17803
108028,25235
85904,13170
102788,13947
99942,12765
107103,13895
84087,7256
97292,12080
104542,14763
94429,23481
86335,16494
82367,12878
86457,15663
107346,12771
77766,55941
94768,43509
84426,18067
104173,18116
80165,34303
80521,24043
95028,30411
77278,36995
104940,20325
76864,23652
87845,9186
86391,14884
85488,3048
87274,18616
102371,8260
77811,14734
80166,25471
85693,8009
86192,17869
104128,20619
76805,12662
76360,14384
100706,4701
101318,13289
99579,19038
77331,25604
107340,12275
90662,20681
83565,7118
89664,18821
78421,21823
85006,10120
93876,31611
97786,17387
96174,24459
87729,8542
83280,11626
102207,15136
100949,9628
105703,12849
100936,4546
80419,30332
85990,8912
107505,21590
81337,14236
93683,31662
94646,29775
93987,17990
80512,15394
76113,20732
106835,6816
100428,14215
105624,24875
89652,12193
95108,23942
99206,11809
76036,18379
86230,9310
84454,20060
79349,14755
85609,10518
77345,14479
78726,48933
94445,30600
107695,6810
106991,16542
79308,13296
86486,9075
80429,38080
87107,18101
80582,13435
90386,9001
98363,10845
76705,22146
104824,7383
104154,2421
91270,18909
83116,11100
105710,6312
95042,17761
88001,14048
85212,10664
91875,21532
108248,9922
106378,14287
89950,18522
108165,7375
83958,13842
101582,5949
106377,13481
104057,9637
92245,32402
91187,29360
88022,16807
92561,18470
96757,9524
104597,30174
101485,9105
88381,7676
103776,8210
91215,29583
103022,13419
101933,12456
93174,30041
105945,7636
78879,18638
82065,10637
99235,26666
81250,23878
98942,22912
82966,19680
81141,19871
101325,15532
82470,9228
79063,34614
95324,37697
86407,6443
94026,75843
106390,11005
105069,20948
88045,18440
85356,13310
80298,23692
78479,11463
98197,18494
76490,27177
77678,30776
87021,16236
107215,20145
81404,28561
84641,13853
96328,22016
83845,15988
102745,7481
105081,10499
92135,16270
105888,21693
103985,8064
92091,15059
88090,17606
106712,10266
83446,16660
84263,10700
87277,9715
90625,7100
79466,19744
77287,7818
91628,17269
89171,21375
78750,21988
77085,29134
80877,22081
76526,25146
81085,26177
107918,11021
89072,7872
103832,11733
90495,9125
100430,7333
94346,11122
94350,20757
85431,9568
105851,19751
106969,15554
95370,14812
94611,19991
79129,4899
76596,22432
93211,23781
102753,11568
98370,16105
90773,12163
98298,12480
98150,7636
101220,12004
80802,30424
91398,19296
86010,19243
81267,35483
79745,17385
105864,23459
99245,17865
77308,16047
85341,12947
78845,12461
78542,15979
95408,19750
99562,7601
82748,15972
79419,31489
107846,12450
90929,18891
77964,21217
95902,22883
105576,9383
94067,26374
82322,15465
94533,12556
102326,10198
97048,8391
84908,11343
81143,17080
90090,10656
93029,19694
85943,15294
95392,19209
107057,15259
89067,9232
85202,21074
81457,35987
77074,12124
94378,21294
78921,16013
80414,26257
78653,14790
87185,17941
103928,9561
77930,16205
93057,28797
81986,25902
87505,2510
104258,5315
100795,9307
82702,18223
98156,13483
81155,26829
82204,11478
79859,16252
79501,35759
78998,16987
93846,9270
83490,15910
81890,30491
78672,18521
79310,20845
81889,33294
84975,12198
104001,20344
90374,24656
76586,49040
80099,26627
78984,25242
76198,16077
106595,19218
78327,17371
88954,10079
94710,41489
82380,10377
95780,29921
80440,55886
103715,10904
94371,27486
105793,22568
104941,10149
77499,12946
79776,16819
102456,5479
87034,7387
98570,14949
86294,11799
86579,12847
78767,27974
101407,8411
90427,9556
86604,13142
104481,6682
102055,8908
76565,31538
101769,6054
86849,7838
89128,12021
77119,10540
94623,24341
94988,24732
107071,13989
106724,11861
79938,20427
98217,14874
96660,18948
82817,11496
89810,8794
108212,11063
82851,19518
106739,19556
98224,20497
79457,29781
87381,10644
89127,5591
79388,26175
100705,5985
106385,12013
76142,30476
79007,15651
95972,44451
100737,7754
81958,28057
100805,8489
81226,11097
94857,19211
103193,9737
80622,28390
92116,17957
108228,10136
84744,10598
90654,16109
90551,18157
78428,28625
80781,30507
87118,31476
90187,10505
76110,11208
81102,19009
89957,10244
103585,7498
95786,24763
90883,8171
94705,49094
98890,17706
91766,40618
95207,10592
77002,13009
98428,17633
85456,12937
102472,16508
83021,10044
94063,14027
94665,30745
81432,23340
79825,30627
95008,26471
104634,25942
89960,8258
99162,10297
99269,8607
102221,8011
88075,16037
86981,8803
97144,9622
95073,24115
107794,11076
82837,9462
76265,31335
102416,13851
106292,25832
94162,23383
85715,7952
108484,25396
103120,7916
98178,7851
92208,9881
82800,14307
86660,11490
94811,18430
95020,11916
103339,6007
76719,16785
106391,10023
95855,39598
107989,15151
82154,24274
77767,17851
102776,13325
79642,31644
77306,15088
98007,14254
105538,15686
84076,15390
77749,27158
95734,20206
80602,20227
100988,14231
83690,11522
84882,13491
101699,8425
86025,15332
104331,21616
93789,15832
100427,11175
89980,5366
92989,20866
96820,9087
76354,20839
93143,58573
95045,23002
78135,13135
85841,10564
105453,15390
86843,12974
76450,55146
94878,41485
85792,15244
92518,16764
91382,21393
91966,40343
95486,20420
108090,20133
83588,2224
101240,8838
79797,23118
101978,13929
77559,10314
84171,8937
84012,12434
78716,20949
100485,8869
98908,8816
93238,31272
95809,23836
107070,25429
102546,7882
104507,25860
92943,33318
90241,8197
79542,24467
82510,9585
93255,25717
96559,12415
108483,19167
82288,21534
104480,10267
92328,30566
95793,32906
105673,13632
95841,15867
98338,7920
103579,5808
76861,21275
84414,5451
102508,6383
83622,8648
98822,10918
86291,10041
84831,9431
82626,10339
105508,14773
77130,28062
94652,28161
83243,8944
80908,55405
106139,16053
91617,20973
83524,14083
94486,26146
106044,11188
87195,9848
77450,22032
99239,12235
104813,21160
108254,7700
105150,13616
88390,7953
97902,20581
101186,8377
79116,24158
77214,23295
79298,7312
91370,25688
84827,12433
107282,9808
97678,7622
93570,14280
77654,14021
77227,21835
106789,16912
78869,21101
76531,15424
83469,9914
92278,24603
105949,12077
89026,20615
102066,11452
96352,15026
77819,34685
79655,29688
84059,13297
96541,10356
89319,7350
107795,9642
96961,21533
78158,22019
77428,24685
101125,10335
95105,18023
80306,10485
88903,11229
80574,19094
76321,27347
88786,24284
95682,16809
103135,14114
84241,13620
77809,13003
92926,33778
105895,28893
86247,2990
103470,11542
98865,24109
107363,30474
76516,20398
96506,12367
106306,12462
89093,14030
108123,10545
83510,6393
86792,19346
99984,14628
76508,21917
86580,10448
88428,11063
103922,16162
96703,27116
107626,17300
90100,7121
101987,9013
88615,12210
100138,11635
83743,7383
82321,14056
88594,9953
93842,47614
89350,11778
87643,14995
105892,11899
105711,16748
95657,27249
96330,18419
96906,12313
82247,18472
97125,6822
101306,12258
96708,15150
77250,17528
95451,23043
99405,13017
94758,19237
101101,9204
77643,27710
90209,12540
90312,12857
93955,19084
76334,22946
85190,13013
97992,6921
92748,56402
79843,21927
88769,9877
97453,14378
82550,9029
90775,11441
88190,9833
100712,17095
77237,35427
78997,24830
105656,20610
93368,23925
93469,12660
98426,8258
96832,11464
85322,14466
97139,12206
78678,18952
97821,14504
95410,14432
107358,15831
96750,5181
102529,6115
76433,16204
101626,9924
77790,20411
82932,12170
89517,7097
82905,13571
88552,8217
103006,14440
88811,16894
101734,9634
99230,17774
106537,20126
107114,17716
98513,15777
92795,29517
98563,13977
78599,5656
78911,21683
84652,13184
91014,27932
90901,15640
82041,40409
79218,31198
107371,44923
94767,23042
91910,62526
103462,6934
77125,19043
95567,45449
95039,23340
85065,12978
78252,21420
89580,16685
96742,7589
79876,38339
94674,22407
107822,13625
92586,13945
78107,21311
91241,25083
79077,9818
86212,11633
107527,16715
88056,8498
108480,14529
77620,10295
97188,21186
94979,20407
105541,16465
105852,22395
99182,18535
91355,45792
88516,11109
76101,23226
87097,7225
96299,9089
100944,9260
83995,4927
100407,5395
88255,9777
93935,21721
95442,25839
93571,23384
78642,58391
94545,28307
97746,7851
96419,24770
102851,12048
102356,8881
94962,24657
89175,12221
104139,10349
103395,10761
97017,6386
101358,8754
107417,9746
97977,11347
86765,17435
95743,27168
97804,17979
87010,8814
86791,9360
97486,13402
81124,19465
105391,20140
90275,7773
104855,5498
82804,15278
94810,17525
79517,42001
101826,12616
89848,17587
90432,11680
83070,11589
78270,11043
99275,14415
92424,27756
103334,12403
79160,20630
98830,31696
87956,11694
84523,17860
78157,15078
79460,20919
81918,14342
98433,20009
104582,10128
80046,43725
82135,19892
89685,14305
100990,12162
85624,16225
88293,10015
82215,11060
91261,31783
78018,10676
78266,17242
101074,7718
97075,19084
81806,14815
80743,20880
95234,21133
100410,19504
106840,22409
89637,6026
85382,7219
83832,15774
108331,7593
82026,15904
108448,10246
90028,15637
107663,26306
107477,15392
93709,11977
91327,44838
98548,3408
79064,13267
100670,7340
96494,11095
89974,4608
96107,10913
78151,21885
79304,19430
92842,48464
87813,10817
88762,18282
90399,16346
78756,28261
94019,52235
82073,13571
91846,28449
97414,30362
92758,18547
101342,12100
105987,20924
81349,13069
103712,13349
83627,14396
95247,13859
92833,15700
104587,15711
93265,20131
90518,14024
104256,21301
80882,21891
108148,12224
81385,13639
87860,9538
107638,11573
103947,16010
91049,43376
97916,6695
95433,19320
95871,32820
85779,8825
103360,4396
80203,25642
88511,11187
101672,11762
82992,3847
103889,10650
103630,7539
103366,14337
97200,8194
104563,10469
85824,8592
91924,11304
96499,14194
99026,16223
81965,27876
91604,24208
77552,28095
93750,31610
78941,33189
102717,9768
100534,11369
99036,24693
101961,6400
76940,16245
106310,16738
81520,33570
91800,4089
95707,17064
96395,10432
90505,19942
95284,17647
98094,21776
97884,10005
98933,10623
77664,37959
93941,23407
87812,18228
81266,20677
103825,9186
99494,6980
91256,11846
91703,19075
99971,5778
76631,22603
103612,1775
98611,4379
94591,25748
80518,26112
94000,31348
85010,16954
87369,8694
86714,9589
79985,12783
88051,3666
97065,10445
91307,18730
98365,9321
76522,49445
96638,18039
79703,13340
83107,10479
79104,19477
93563,31351
82599,8244
83486,13857
92895,17326
108343,29711
101774,8187
82612,18170
86861,7441
101902,16656
82973,10532
89872,5890
105616,12497
84876,14277
105133,10807
98877,22185
98515,22852
98327,10467
106633,13088
82505,17897
105007,11241
97269,9739
78140,13736
82318,16766
92993,23138
97743,12070
87763,9298
104942,12284
92045,16773
97767,26609
108348,20766
89665,24229
96862,8692
78597,11316
107574,25564
94460,18739
86944,7558
104505,29263
94837,31200
84576,7943
82427,7027
80054,24916
103504,15976
101400,14659
95904,23944
99877,8921
87554,7681
81180,17272
101239,14145
94258,34517
82942,13618
101204,6798
98516,15263
86925,9561
104724,7173
84627,11566
90133,12298
100320,16787
88358,15151
94280,12222
95334,18722
95899,26696
87270,17817
80723,20177
80469,10525
80280,18442
79493,10763
92221,15276
88547,10935
97994,9401
100047,10207
96172,5867
88933,10556
107059,13838
104280,21104
94714,21468
88671,23097
102414,13976
78051,42586
89512,9444
98524,8802
88047,9363
84441,8872
78156,22833
78648,14977
78364,12631
86764,13969
78495,24646
94609,16484
83449,11171
102392,10214
102455,16061
83713,15331
97475,12014
93371,17100
94199,32938
85023,10510
95338,13478
90965,41872
77195,75316
81875,13450
104416,16689
87203,14067
91239,23114
78127,14527
98386,16094
96497,10619
83232,13968
107692,30178
100734,7775
78271,33535
100136,11194
86004,17775
77776,29866
84950,8307
84323,11485
87033,17425
94088,21077
100594,14847
103071,8602
89791,10158
97852,10417
105601,10969
82003,15682
84872,16316
82701,15511
92469,31858
92873,21853
82114,29260
101316,8210
85697,11407
100885,7894
95305,21580
93741,11709
76178,20125
84999,19139
104143,22718
105483,11989
86136,10246
99292,18362
95024,23378
107831,8853
95035,34555
86842,18290
79511,51378
99852,8305
92478,19679
93704,16594
101664,11852
76931,40381
81674,19130
102597,8271
100630,5525
76978,29608
102490,9807
100842,8001
102990,3000
105412,10520
78744,24246
76082,13795
82773,12987
107285,17731
85211,13254
101093,6790
96626,18841
103089,5959
98149,2511
89290,8532
104295,9416
106958,29733
102661,10727
84082,10056
88521,23701
78312,39250
85481,8304
88961,11203
96432,30036
77539,11046
88374,16563
102919,5849
94335,15177
85305,8388
96360,11985
85471,8833
104566,8717
102100,9318
80170,16666
103347,14968
87487,43054
84090,15467
100034,17564
86825,16872
80018,48512
102611,14476
102665,9644
92920,21179
89381,6579
105151,18519
84039,17030
102217,7445
102388,9704
98820,17423
100665,10808
90384,33458
92859,10770
106356,9235
104723,14422
93244,40979
77449,22713
107911,11638
81721,27390
85237,8306
87601,18295
98578,13128
80704,32796
89078,7054
92042,8633
100450,12130
95304,8407
76023,16999
90609,13010
95170,19323
96870,10117
107247,26438
100484,10340
77659,31734
79832,30505
91419,4223
80371,20770
83386,15302
103919,10327
95201,12004
84155,17918
90743,10138
104381,21991
89097,6951
102033,4507
91725,24080
92999,17879
95835,19555
102206,10047
101763,6583
81377,15908
105683,13722
91033,32316
103314,9805
105070,9255
86950,8977
79171,21966
81227,19073
80197,14271
92037,25106
84688,12787
101952,8011
88604,17381
104058,21034
106274,6617
84985,10998
99085,7047
80801,16812
80233,25330
81000,43438
89057,16182
98382,9823
106493,31911
95057,19458
84556,9542
103037,16099
92174,23101
90920,12931
93409,32769
87113,20939
104981,39193
104556,15210
92782,20308
90546,7282
105506,13849
84787,11929
100399,9671
105911,9089
101920,10491
89224,13820
106787,30938
83083,3733
102399,7068
77196,2051
104889,7049
79598,9434
100540,7532
107792,27316
85758,12407
79333,16371
99351,12864
86706,7650
89547,15736
88092,18069
90348,10784
96125,15788
86921,16499
76903,33931
95539,10487
89841,15732
102771,12823
87174,12502
81975,49114
95289,16706
77318,27709
76955,14718
80996,49479
87707,5684
84519,5742
96833,18391
97584,6945
104697,11147
85510,7781
79758,34753
99502,6086
80725,18319
104108,10515
107802,21912
84871,12747
85817,9191
95473,9567
85629,17247
99641,6719
82356,12952
96335,22717
103623,10419
84233,9115
93708,13904
97947,10743
84368,18169
92108,10820
86099,16150
95173,23656
78389,26575
106219,13670
88823,15867
95608,28320
95876,31591
86433,13652
95515,20400
97503,16840
89163,14939
106479,19263
83722,18773
80644,24770
86002,20407
86783,10916
91928,29980
102142,11622
106024,24829
76022,17100
95221,13634
105051,20827
99939,9469
103202,6987
104770,28126
88396,8104
93666,26749
100763,8275
96842,12426
78807,28377
85559,11212
84384,18827
95619,28183
104008,22315
98379,6682
90476,9276
88845,9683
80296,9188
88294,13191
86733,10487
101515,8289
107440,10381
81834,29185
94764,29064
94968,20175
88218,14973
87863,10519
104019,10897
103369,8858
106979,5806
89717,6770
94504,4340
85722,10850
85311,10869
103162,8899
79834,31249
102283,8442
102686,10797
85834,11374
83633,10490
101178,6381
102859,20066
97691,17349
99575,10541
81921,12128
88114,12153
100101,9893
101736,14364
92763,17118
93514,31109
86322,14804
84924,16500
85898,8449
93419,27937
88784,11033
95012,48021
81858,19981
101610,11643
99190,9654
87530,8931
86979,14532
77670,1720
81123,11320
81724,10717
77870,11414
84193,16043
105928,15581
97607,18671
96063,27591
77962,14220
81560,32498
100204,10119
89185,15338
91744,14389
91470,26571
78412,10731
96222,16447
95148,26507
106039,13259
79352,10543
96602,6726
102798,9261
107301,26009
96147,15952
87382,16806
79907,22345
102924,8370
78012,21996
78333,17903
105989,20731
90607,15947
86110,11675
81540,22547
77937,19561
84630,17588
80988,48033
92519,25788
95795,11278
86837,5623
82642,16978
86017,11943
84772,16095
103962,11262
106264,9194
84934,23154
91598,31078
104102,10105
81261,5160
78425,20766
96508,9086
98668,17743
93948,34659
82909,14392
91514,22077
100969,6092
102102,5494
103465,9676
95072,19489
87535,31143
107564,6457
103297,6086
106528,9813
83748,10403
98195,6765
102113,15623
94277,12583
93160,19518
92063,23062
81037,11513
92602,51602
93096,18996
97243,10685
78019,15530
107604,9370
101438,16864
86439,8646
82300,19409
105142,10634
84429,6053
98958,7601
92197,22301
82096,27714
81536,27749
101623,14308
85596,9784
90600,9938
80089,49131
87224,9627
87685,19950
90958,29438
81004,20232
91667,18687
77877,22571
90956,23145
87744,14007
96817,10908
97163,10876
102517,12251
83356,6387
89415,9198
100153,8593
96024,20051
92043,31841
100495,7734
79653,20610
88149,16112
98022,20963
84983,19823
98394,19565
78062,17008
83656,16518
93963,54876
81988,30229
95992,27751
82620,10156
82149,15837
106199,10233
107884,24110
106607,17526
84212,2617
88234,16538
96712,14093
101058,15903
81149,29454
92670,20930
101383,10167
82563,13128
100600,15917
90826,12386
102364,8394
80759,31281
79628,15884
86113,18438
96607,9348
96462,18817
88668,17078
85575,18335
97718,9822
107322,28930
79948,52055
84361,19410
77092,21317
82359,20674
87495,16925
102966,14117
104309,17440
106312,24216
85152,11483
80835,10676
99488,8763
101023,9804
82295,20889
94330,22685
96446,20828
99608,12022
108305,14587
106512,19606
104003,9185
103550,12223
86253,6650
88355,8951
101629,10901
101460,5568
87820,10563
83140,11783
89804,11681
101738,12943
101121,14876
81810,42319
102106,6435
80437,8978
101463,12022
97919,7646
107407,20648
76258,25527
100626,19492
92755,20163
102655,8323
89223,17341
95180,53320
96372,6965
84089,10934
82203,31544
98785,7446
95930,19439
92151,17568
105149,14095
104517,7720
85727,10307
104769,13478
106796,20001
79021,18123
86121,9729
103139,7931
87918,8943
80634,45995
103033,6979
80019,14516
108035,21452
77891,8278
95749,25299
86617,8184
77709,11308
77952,13436
97083,12672
78040,16683
96041,24342
101843,8673
103016,9727
86049,11826
98228,8238
90554,7061
103311,4302
80418,19240
81866,50442
101259,10383
92909,25256
79034,35455
77129,12686
99018,11081
107391,12490
108170,17062
80664,29336
94438,35521
100436,10112
107031,13421
103954,8998
78892,13265
88505,15411
103329,11158
88345,13369
105950,10050
98331,7582
77666,20689
95383,17332
108535,12674
78705,12126
79597,11124
97585,25825
93832,27056
97348,10620
87291,16990
96291,15593
84851,11882
105338,21084
84514,9279
105830,22246
78819,11440
79728,56623
105993,22952
104822,25359
101141,10601
82728,7235
83273,4089
107233,14614
81943,40599
105637,27593
81203,13325
95127,33552
79994,34359
96025,20519
97390,28871
107522,17781
99674,3948
83001,19811
94573,18781
91983,32678
89935,15306
83115,8154
108439,18937
82297,16245
96542,11572
78269,53971
104124,11847
90435,11949
97520,19004
85468,5804
83566,10048
106890,31832
98124,7156
85866,12947
104379,25685
99616,8682
77346,28558
83668,8105
94488,25301
87494,9012
84099,11951
78345,13852
95626,16667
91044,22336
91343,18417
99823,8440
97197,14384
76399,23101
95484,44893
89728,21120
93866,12630
94053,26474
103190,12000
76312,18108
79453,24449
99956,12161
96811,33832
100537,13557
98142,2397
106900,17055
89474,7255
76696,12346
87479,13129
84806,10202
85385,29038
93372,43401
92860,25553
105267,28058
86951,8431
79622,8374
95103,20269
87138,10558
91912,17130
78932,17268
106494,12452
91645,24333
76102,20197
79636,22167
99416,11904
95715,31934
81323,21465
96273,9300
95585,22145
91885,22429
80762,26563
79167,10051
87173,11404
92719,25486
87482,7245
95215,21330
104054,30862
103066,9158
102449,9720
93985,24160
99869,15645
88347,14287
77208,12977
79376,14232
98451,8874
88983,16672
106464,10272
89146,16884
105833,10312
79242,23445
107738,10230
77626,13921
77415,16036
82458,9516
80995,23492
98434,12140
106938,23408
102349,10988
85791,15547
103622,9995
108149,9545
86450,20181
107252,13337
76034,8064
82259,29755
76581,31863
95499,30149
76648,45997
75992,22816
81407,18558
105954,16885
97001,8639
96179,10249
77616,17535
108142,20477
89107,8541
108236,23772
92520,19432
93186,13582
96171,12673
78460,12802
85417,13335
100064,10948
92393,16566
83360,16436
103935,11181
106977,12850
107965,14391
91921,20787
105002,9634
93968,23514
83088,6605
92707,26309
89001,17411
95856,24982
88962,19074
99828,13509
87980,10817
103861,15523
90588,10627
91508,30851
86131,8489
97249,8827
88232,13838
78451,28686
79773,18814
82873,7287
104116,21034
83673,20686
77622,33789
94936,19494
93795,18211
96084,7343
105406,13655
102280,11084
83867,17315
83621,17461
98536,6567
101889,8286
84479,11976
77956,16266
99484,4405
82140,10986
79005,35975
77513,23223
92211,23451
85245,10886
92239,19574
97205,4769
84822,9498
104413,11127
98704,22594
76724,17541
101457,10691
85487,18289
107392,8227
90712,13683
105823,7630
100345,11412
104219,12909
90297,6859
77122,33296
104805,23284
94490,32829
99948,7637
103562,16155
93378,13929
92288,12422
78059,8739
96096,13158
95732,11368
87817,6521
101084,9509
90506,7787
95676,15359
90249,12617
95932,29874
103254,11346
99286,7551
84918,14008
97397,8076
88837,11894
99212,23737
86421,13181
78337,31285
76020,32166
88038,10630
91409,15619
95205,8536
108031,4761
105386,9541
100613,15410
95685,22859
78731,12250
87310,16980
101113,10410
89077,10062
96672,20423
86775,5035
79262,28192
104469,12959
98351,8497
80728,19782
97386,16863
97417,17872
93911,24381
99842,6793
97191,17857
103152,6687
100093,11341
104319,15426
78419,23216
106929,9104
107427,11095
93578,20169
103404,7448
77844,23880
98068,13222
95709,40109
87946,16803
76391,44291
87096,12110
77186,26982
90698,11574
93367,26153
83133,10845
97840,12335
87605,14469
78472,22262
100925,4818
99596,19830
86081,7616
105725,10707
94362,18254
88579,10533
86705,12739
80813,16827
78885,9098
95548,10592
82342,22608
77011,16095
83904,10905
105485,10444
107922,15233
90200,6824
104534,10605
88664,12485
100499,6740
101035,16050
90482,15116
108068,8603
81709,33999
97618,8780
101931,9653
100284,7722
101027,14890
96674,11478
84856,16211
105326,29502
102491,11532
97616,14183
100667,16146
108197,10977
94844,29052
104934,15613
94116,26571
76214,22693
90916,21435
106013,12263
103429,15565
93335,16210
99260,17113
97043,13571
77925,60304
86716,16753
82230,11581
77567,56028
108496,32134
104871,21168
77957,11520
96401,14458
88284,12650
86845,7410
101349,4524
77015,15642
94471,19630
108380,20611
92533,31003
77756,13134
76035,21345
75973,9424
94675,9491
79435,20787
106542,21592
96546,14522
95946,20551
93188,22881
78117,19105
102180,6951
81825,17171
90050,8067
79638,20142
87579,12565
108103,18121
76578,19553
79112,17660
95959,21405
78244,18393
77851,28918
87052,17572
88538,18573
79011,25021
96381,20319
105358,13773
92876,18076
87699,6262
90203,16163
77001,18290
97974,7578
89985,8186
97810,10047
107459,9627
104861,17535
82516,9328
83497,11212
80194,54903
85730,9863
77914,27842
88779,16749
88366,9148
104300,12901
84300,11889
79422,10507
94910,27786
108386,24415
92708,2415
90802,21143
104397,21694
98039,14079
107887,25020
105290,10648
102575,20226
105040,9038
98430,9258
80499,23400
101694,12765
76386,31107
98181,11857
85340,16222
90766,16609
93472,18307
79927,28194
80854,20369
100180,9632
84437,4651
83358,6636
93108,21574
104330,11895
103518,8644
89006,16119
101611,5925
92226,20902
84798,9609
92840,10248
106054,13128
78261,33278
76071,16280
92246,22047
92296,15731
89469,11180
98079,14262
81294,11184
96301,4880
83888,11087
87403,8609
92192,25313
107592,17861
77496,15603
97447,21825
103131,9902
104590,21676
97597,9678
82167,22329
91027,26327
78607,34729
99587,11156
93937,17570
100307,12068
107613,16250
99773,13432
90044,8614
85578,18128
77103,12961
91386,25088
98955,16380
95927,19962
103188,8457
77389,80831
81822,10741
90768,29633
77594,13512
107085,16895
87692,10858
77813,8318
81414,15244
102900,8972
83150,17839
92414,28834
105321,10194
92658,29277
87160,9058
107827,15621
105790,17294
87463,18106
91532,48294
77459,24919
81593,12783
103719,11305
102291,8280
77211,23696
92956,19885
86578,15365
85882,12725
82082,17780
91811,29750
82036,30153
76773,17817
99406,10341
102289,9067
94402,20548
98621,8422
96476,12692
93410,13686
84989,15921
85123,16019
88492,19583
95128,25719
93047,15631
84587,13787
94856,25610
92247,22388
101052,14041
82940,5066
97756,10923
98444,21317
77869,10550
96694,12407
107101,12271
88276,10449
84648,13288
88011,11876
97951,16739
77288,28552
104937,7188
81621,9107
82049,33198
98553,9780
105056,30531
80914,34019
82440,17342
94927,24199
84303,11618
85533,11536
97576,11379
82216,20197
84279,18565
80976,13863
106097,20814
83074,12376
87581,12438
97210,19924
90785,10707
99434,14311
89600,18219
103809,13144
92260,5841
89667,11186
99310,6128
90375,21008
89468,11343
94940,23587
97747,5399
97570,8306
105994,24317
93145,14569
94100,16908
103226,13367
100167,14924
98138,10709
101043,7816
82078,14124
104748,10896
103881,14737
86774,19846
89857,9135
97150,12564
107683,20675
83708,19534
78775,13015
104200,23917
107581,12336
99756,7346
90210,15185
78027,32606
97012,12406
104010,9341
100639,11571
93792,14827
85574,17523
105066,8805
97307,11338
77243,45477
100661,10643
80825,19325
85856,13534
85793,8929
107091,18976
85836,23207
83887,10545
84721,14985
77636,7008
76905,42701
104895,14203
86377,14990
83076,16452
90124,4050
105661,12453
91631,8134
79760,52138
100714,7179
99231,17848
82805,16284
80714,27564
93820,24207
85373,9633
95562,31095
91723,30014
91501,23978
91222,12422
97984,27495
95047,47845
101181,5535
88389,9109
86999,28809
85255,19407
79093,15061
82409,17817
103128,11036
107027,12669
108081,13266
85698,22473
84249,20716
101719,7148
88643,7225
80972,18213
106047,18045
86779,3020
78587,31755
90179,13142
90972,10095
78609,23181
98324,6860
76446,51124
86829,13604
87796,10957
83650,16528
81411,13242
81963,31172
96782,20135
89718,8838
95518,21098
107293,8500
99739,8565
103956,12141
85946,17550
88532,17999
85713,8195
78184,19399
100234,5915
107715,9798
106150,15619
77266,12901
91067,18127
80869,21902
81462,12869
83382,7572
92915,18841
81139,15131
96523,12525
107090,30006
108117,20278
91742,4018
98340,12806
88371,16334
101031,5263
108430,31922
77740,27379
87861,11149
84746,10173
81252,27147
81933,15014
92153,21576
95485,17789
97686,14072
107452,14928
95477,24061
95752,32801
99499,6407
81223,14268
83589,28321
81497,25341
95884,24967
87806,11036
92330,18925
84558,12955
82990,9729
90851,5955
96997,29063
90278,14490
82417,10738
100247,7845
82239,27756
76975,21456
102948,9683
96929,12247
107088,15199
94670,12781
89862,4848
94506,13696
97696,8980
82696,22094
103767,12695
105307,11789
106510,28659
88316,16055
94321,18785
96595,16868
83223,8494
85551,12232
96007,11056
90296,8936
97407,11321
93071,16030
97275,11290
86827,6526
99759,6344
106689,20444
103062,7264
99657,12547
93428,30078
88504,17990
87359,10823
81906,16293
107446,9774
78926,56167
97871,6482
94202,14447
101216,12661
89614,15209
82929,3616
78710,16256
104966,19778
88410,13603
94382,20453
106319,44793
91212,18459
103584,10310
107593,9572
100069,15532
97293,10360
97085,5006
78830,16921
80409,13880
81079,33671
90437,7286
104169,30167
83432,14207
86630,15609
100678,6074
92564,23334
86007,9958
84102,8416
85324,20626
92796,12408
78277,28698
91813,13453
107896,24036
80598,22147
93630,21731
98016,14044
79518,50504
104016,9766
90069,19912
108485,8130
105556,30163
107276,22235
86409,16100
98131,12043
95165,15067
92954,18401
108363,7600
107775,16273
98806,6205
82105,17489
95777,14181
78794,20620
77994,34164
90061,7423
98353,14222
86777,11984
107107,8763
99207,10970
92441,26035
81253,20628
82071,22873
86304,9654
78529,6451
100606,9064
108524,23072
87772,17920
83062,16155
106197,18133
105773,26280
79317,22086
103930,6646
77486,34619
76154,31895
89324,5317
98354,13555
108349,7590
108146,9171
77826,21618
91078,19700
78136,24096
107463,26916
100749,16010
77223,60814
92513,19923
99409,8328
94380,28301
84791,9710
86042,16652
79939,32402
83953,18531
103754,11229
86091,13011
83114,9892
80956,13539
96276,8150
89799,17171
87919,8222
84054,18992
102856,8353
105645,9752
81207,22416
79629,21682
97211,18919
86631,5640
93438,32680
96983,19147
93914,24613
98470,9815
76650,11839
96428,21843
84958,17882
81064,13247
82469,12770
102139,11740
97800,10080
98474,6341
107944,11977
97401,7484
108476,10373
103189,8556
82987,10753
80903,30256
90854,10092
95644,39499
98728,9164
94370,18322
84537,13740
89358,11591
76221,10938
84935,16618
107676,12791
103154,10211
82600,16121
104290,17798
79972,20149
89202,21162
97253,8419
97358,8258
106932,11163
101140,7046
100650,8424
99817,20199
80953,20189
93851,16587
89574,4704
91092,12422
78214,24217
80283,17340
93158,16954
78562,53136
108498,13321
100223,4941
76976,9736
81119,24087
97369,25791
95721,19971
82271,17782
102837,10555
94761,21176
89200,10204
102690,9233
101274,11774
107682,22127
108276,13588
99011,12658
94484,13887
106033,20597
89123,11347
88740,8804
90951,27666
103812,5415
100056,10182
100691,10752
88394,15844
97620,8172
107955,7962
98144,18345
106325,22106
92867,42827
85204,7734
87062,19383
81539,18824
92009,30221
108224,12973
101686,11688
98557,9373
101594,12104
100647,1777
102401,9373
86093,10569
85837,13703
86260,15704
79830,36252
100041,7828
92230,21002
94661,19657
79450,22716
101374,7175
76983,35054
99673,20977
81336,17272
100376,10586
92756,24923
87725,13197
84541,20452
82284,38808
89479,6995
93259,123630
105648,6590
99099,10279
104543,21400
108474,24440
76907,20006
93652,27670
100967,4979
94331,15299
106381,8711
83170,10450
102953,9555
103590,10270
77316,19719
84682,20009
84524,13219
76747,18353
99049,9429
105881,18501
90833,6611
108079,13896
107295,14298
77121,16289
78927,37372
103048,8364
86216,14008
88448,15926
86219,16221
87181,8498
98755,8378
76443,12647
101149,7377
104315,23196
108345,10218
100156,8487
107263,15581
83935,4739
90584,7807
105733,13233
88332,13195
81979,21507
91864,46629
106847,13121
95136,16823
96991,9127
105905,10885
102080,7435
98072,7574
103711,9783
92213,16445
106898,9668
85333,15252
84559,10722
95428,28765
101003,14473
87773,4488
100739,8551
99885,12259
106647,11087
98019,9655
92212,22725
100786,12049
85518,14508
89849,9788
76149,15462
97490,7215
87476,9553
83248,20207
99352,9454
90736,9069
77596,20486
77209,3886
82308,13505
78207,18963
104041,12122
81125,17348
81691,36574
94459,10399
79977,14701
96530,18763
78367,22801
108100,35022
104510,9731
81891,11664
97087,13153
88161,9715
101097,9793
81742,19947
78409,7635
107496,17364
99326,7311
78535,9486
106164,21195
79719,28824
90418,8507
85844,12154
86639,9807
83745,7302
77300,56150
87702,10682
82586,10512
83769,10671
81708,31018
90224,11603
100063,7621
79249,13395
78719,30983
97287,8351
84267,19569
84056,8826
101164,11211
85826,18016
93793,26405
90945,25444
98991,10074
79647,13834
96794,13555
83984,15003
96688,8785
79838,19033
105671,9741
87438,12714
85859,16412
91639,16511
81134,40859
99992,16161
91262,25343
81417,30351
90783,19413
88898,15535
76241,12591
76491,17031
83132,16646
97757,14126
91753,32041
82333,25705
88295,10720
98314,10523
86172,9074
78331,23850
81996,26401
83315,2638
92376,15525
103058,12391
102215,12235
104225,27978
76910,17488
88657,12167
104943,19841
86434,13782
79432,13690
103103,14059
91456,40642
89465,14180
107774,10228
80938,28253
94883,17093
94135,26545
78747,17777
76240,19902
95820,37735
79092,25354
84393,10171
94391,36354
77183,20774
105612,7559
89046,10052
90878,23689
77058,14873
84468,9356
76713,23186
85568,11755
82191,21347
84825,18125
79009,52682
93908,25915
91135,24663
94603,21770
105887,23470
103196,10656
87544,15176
99605,14076
101660,10561
100671,8972
97839,26804
77742,38029
106144,8309
79681,30040
98764,9472
98200,10399
82652,9019
83599,8858
97776,13276
83403,13857
77472,33980
79535,27928
82632,15507
98612,12137
76103,23522
94824,24331
87424,20465
79193,18985
80853,14925
87885,10588
80891,25295
77149,23207
91012,13833
99259,7832
81555,26117
93917,29425
88089,18721
100704,10886
77798,34656
87342,11357
96013,9643
93380,26047
84040,13280
88600,18594
76133,17040
94842,19539
98184,6071
88767,16389
98741,22852
81739,11645
91321,26710
108030,24247
77680,15259
78189,26180
82302,24510
78968,20296
101390,5636
95491,16454
101687,5414
76371,17379
100151,12631
92147,21689
103385,17027
86960,16560
89563,20319
98013,6368
103747,4548
107681,14968
82686,7868
79913,11495
96545,16785
98278,11428
88916,12952
104733,12068
103529,10191
100642,15408
97860,8937
88870,15374
97563,19617
97081,12038
89544,7778
96332,12128
97064,5130
81916,32355
82148,64052
102447,3950
103111,8862
85058,9532
76422,21260
94546,18792
96769,11034
95364,12832
101118,13335
107644,17749
104650,8595
97300,8329
104069,10704
84700,14531
97122,12214
89878,19549
82579,19471
107967,8813
82494,4862
104872,15338
76339,21379
90676,6932
83780,15834
94444,25163
83532,3604
103380,7423
90941,37771
99845,17632
98053,11980
77863,52902
81107,24939
81176,28743
93196,60173
102895,5314
107093,20735
106566,44780
88893,9954
81939,54754
98833,7483
102812,6345
95766,20583
83556,18599
96725,9444
104649,7164
98466,15514
77661,26655
99882,18929
82646,10509
94874,18337
92800,12302
80265,28845
80587,34031
92298,23653
99023,24760
88098,10512
100928,14021
106437,14024
83122,10613
86614,10301
105454,20316
89282,23244
103136,9354
104899,25032
92041,31925
80795,13564
103043,10063
90842,21219
103070,7173
91523,29055
76427,23935
86188,18415
105618,35603
82931,8738
76137,11637
88017,14353
82713,11499
76155,13299
101057,9227
94699,38995
106794,19115
97000,19730
90986,23796
92785,7489
79156,16150
107616,20559
84264,11518
93932,17957
102956,11267
79715,21951
82329,20593
86636,12015
94479,27098
84998,10200
83835,9661
106823,9670
80760,18760
83060,17388
85872,8973
76227,15764
103460,7418
96989,13496
107858,13510
80447,10733
108267,7628
86584,14728
96426,15939
86696,19491
88252,11212
91515,54052
98357,9698
92439,23619
92341,30664
84739,8722
76906,26350
100027,8658
102225,13616
88476,13823
81778,23956
103266,16868
87660,16117
89634,7112
93577,31022
92450,17802
99404,13094
107936,12824
86174,3571
98273,9657
99007,24021
81615,17347
91236,17633
96984,18014
92538,32905
87039,3327
84235,14466
77010,19651
106727,4512
102933,7657
80821,8324
81969,17625
93088,27531
107004,13900
79330,32023
80388,22959
97494,17435
107144,21023
93860,18866
94845,16017
79152,21545
95032,20483
108333,11117
76925,23894
93278,59803
98608,7191
87236,8433
79320,26082
83893,13532
80973,15994
97659,7117
102063,8886
96324,9614
101184,8719
97392,25523
94094,16200
95219,16001
85048,18091
94887,23016
88002,16775
99157,9608
102746,10794
89164,12462
101079,14859
94124,10413
100161,12554
84658,16545
105603,14824
90963,18256
85012,16968
108298,14259
104080,4680
91850,38808
102713,4000
83295,11242
107847,12014
105847,12542
87143,16373
106090,15790
88925,8955
106297,19645
96596,13045
99233,6456
103321,15929
82479,13667
102734,17036
107461,27860
103237,13399
85581,20092
99196,6799
79178,17005
84339,16169
92764,18387
85498,17114
100622,8246
106518,32273
82821,10947
97628,19385
90763,8607
91567,24683
107462,7735
95833,22730
102479,15408
97555,12493
80881,10146
84016,16281
94051,12949
76277,22246
88676,5304
102566,10294
88564,15401
95048,25663
82166,13587
86227,26885
83738,9455
103684,11851
79893,18959
100634,9250
96392,15460
96311,19554
85015,14243
83050,18369
81925,30128
106187,10223
83863,12009
82048,30821
100962,13259
91587,18142
104915,18964
98779,17124
96698,7146
84701,10114
92986,25475
77112,24997
90774,9217
88520,8948
88281,16668
91388,30268
76441,30808
98643,13891
97850,14893
98344,3127
99441,15294
80230,28072
106370,10530
88901,10643
76590,13389
94998,13515
77283,32074
104065,24258
107919,17333
103743,5052
100503,6861
81273,12877
81878,8991
79224,28645
90254,4900
82712,9182
98113,7656
104562,14570
103014,9123
107299,27176
99799,5598
87952,4486
101836,9442
104896,23928
107665,13060
96182,24687
84731,21697
85565,12456
83237,9790
80785,24130
81935,37370
90932,42044
99204,14624
78802,31017
105421,16788
81831,12176
100016,7490
76262,32636
85286,11585
78629,13705
79451,13429
91132,60369
88726,11879
89928,15712
84672,15629
102127,9720
78630,16446
105874,11330
81491,14603
108085,18005
99711,8187
95713,27592
79499,12976
88373,6845
106412,18885
86000,10354
77849,16242
102224,14988
90591,7835
78511,16384
83611,16954
95316,11003
85207,7423
86755,13618
91361,20333
88107,6726
99468,3450
101776,12167
97132,5723
106405,12499
83804,12758
104093,19834
81897,26330
97522,12883
78569,27370
96486,31020
99636,7672
80770,35212
91534,24675
80461,28213
102345,5784
95431,29027
76350,7980
76330,15284
101604,10935
99303,13804
106266,16372
84697,18415
86296,9470
90658,15817
102954,9266
106174,23745
81510,23732
89222,14689
104391,14463
76573,13471
78060,13634
85030,19209
105478,21359
83477,11524
101134,10016
103096,7572
99391,11047
94614,16159
100110,7680
81782,25761
90292,8362
86357,7814
76157,10490
80325,22348
88991,16416
83117,19687
90513,16102
82037,12988
90066,9939
92814,45827
93991,39498
100121,13766
104495,10578
105953,12045
108089,8943
84778,22164
100753,13869
107832,24621
92190,12107
82029,16989
97914,10293
105776,18192
95402,15072
99097,11011
105043,9170
106998,8029
99567,11526
85421,6941
99161,12261
89951,6779
81358,28604
100373,9800
80291,42668
88545,10365
92994,21119
90248,25039
78625,22142
81990,35501
103075,7711
98639,7395
103368,14719
95427,14132
84503,4847
82446,8354
97175,12650
101777,8564
76086,13739
106347,13151
76445,50278
97649,11193
99273,22164
98864,12019
98037,21036
107264,22172
100104,10765
81842,17724
81839,13149
100608,13222
106588,8751
107466,30622
86092,14327
92204,26311
107905,44180
76821,19486
81022,11570
105727,34272
80544,47601
93388,16337
93775,19452
93733,23038
108177,18204
79746,26462
89285,15105
100243,8393
107171,20170
93444,13786
107421,12955
94071,23732
92195,40349
76108,17045
100603,8791
95800,12372
90708,13687
102701,10927
97732,12809
102574,8921
92237,31972
94192,35599
88219,8182
88910,13767
100811,13409
103288,7589
100370,9701
102544,14409
107473,7613
106926,9809
92514,20829
78557,13069
99091,15352
96487,10190
86252,13768
84763,6969
82531,16415
79012,15246
97078,16692
96824,5878
79970,21473
98057,17374
105947,22138
82539,14795
105816,20754
93800,18655
87079,8011
87453,11702
92855,17048
95805,18614
76398,24606
90724,14233
102196,8216
97661,10806
105475,13355
81241,11711
91106,21464
89543,23855
94403,19987
80666,17850
99769,10379
102351,8564
102941,12998
82783,19483
78504,25828
94715,19960
92180,24677
103904,11308
102921,8667
99685,13382
93048,18619
82988,22549
93279,34641
80084,28258
101966,10711
94667,30443
76298,12431
87379,16707
94212,14658
81333,16199
85998,15357
90198,9653
87823,10229
103530,13349
106243,9069
81208,15311
105153,11288
104103,24116
89555,24013
106042,19597
78170,36683
107675,14345
106705,13672
89953,6501
101934,12119
104727,25446
87327,14895
103247,13391
84673,12333
107520,42089
76626,21126
98638,9400
102060,7796
83635,20062
94566,41636
79207,38745
98700,16926
86563,17924
86891,16883
85278,7124
91817,30477
99473,9510
102489,5602
89191,14632
101746,14856
84538,11716
78072,25953
99832,12151
103475,13778
101016,15408
100280,8131
96067,9085
104086,17851
77248,18662
104269,19541
89495,7412
81340,34883
80277,21231
76683,31713
94847,12848
99029,15738
85874,15401
78105,21158
94978,21722
101666,8637
100757,8311
86704,8403
91205,25125
95762,11780
93641,20943
87073,21892
102433,10797
104382,19933
108060,8126
107387,24762
85027,11997
86014,19708
102602,14463
107255,18407
84269,12159
85885,6138
92843,14068
107862,12904
98781,24358
106119,18964
101872,10421
87865,16736
84803,9357
88438,10259
80105,20346
80595,20049
76539,9597
107236,9524
84946,12243
93772,24762
87793,15987
104843,9151
92234,18801
89467,13307
100145,15808
93382,50013
101891,15045
81354,20682
99309,12632
81431,15125
102073,10014
88468,17049
101873,13665
88120,13232
105714,5070
106015,9253
86707,16471
93107,19303
89230,13136
100875,8339
82920,8314
98114,12134
87262,9115
104436,9719
85404,7206
96189,12932
93408,48229
92789,58308
77768,32666
99414,19947
82807,17057
88996,12622
90305,7017
77030,16299
86129,7730
83660,12882
78602,24508
83672,8031
105105,31560
78704,35187
80789,48620
96633,15785
86132,12118
81619,44380
104645,21465
103853,5653
96259,11844
104677,18064
76418,21299
103593,10108
84886,10274
80773,9528
94688,21273
103823,7158
98757,18785
78516,9828
80596,10431
102855,12269
95957,18615
86440,10816
95030,26970
101874,13817
84585,9463
76257,11100
76971,20458
94070,26417
106041,30736
87346,15388
80993,28183
105309,19664
92622,20166
94582,34565
83334,12363
98922,6930
77691,15335
95469,14111
90587,7141
107411,8391
97489,10319
105719,18012
89534,10141
80741,27974
105737,14957
99043,18462
80254,13725
83172,14640
101830,9615
80506,6098
105763,14151
92507,21876
101742,8217
106547,32588
98619,17387
83503,12053
80565,10881
83013,14460
85721,11869
87556,9421
84442,7264
79634,5737
97497,6058
84325,10992
81399,9923
96361,12084
101973,2480
78352,12571
96564,13205
94669,26882
76655,46533
76084,17014
93215,17674
105802,11014
89981,5982
84315,17726
83297,16813
93291,34879
92128,27984
101550,9425
79384,13871
103643,10239
88482,6237
79950,26828
79519,25999
80376,19116
83366,13046
92250,29261
87368,13629
77347,16053
107935,7366
95765,25954
91877,31651
97574,7817
95192,13401
80288,21490
96795,10692
80851,29968
93753,27775
99782,4607
83153,20005
78634,11551
99463,14475
81675,17129
83093,12578
82993,9806
86972,16079
100455,9814
92692,21423
79761,36602
90624,13521
93517,25594
99893,7423
85441,9935
91552,19562
81031,15991
82232,3436
80062,27207
104764,17042
83572,8143
100100,18281
96649,15617
99860,1734
81915,26218
96284,8475
89243,7862
95051,16072
101507,12283
108257,28205
90558,21185
96913,16512
76621,22423
99801,11236
95155,14723
96739,15600
90592,13213
83307,11533
101154,8128
88229,10408
106301,12719
82193,20134
101153,9677
107721,14686
104792,9387
92322,26267
99316,13115
86404,11603
79624,27573
87122,13852
96046,15093
83384,9885
79657,14470
86605,9605
91883,15140
100473,10544
96611,12344
89102,3877
103838,9864
78454,18892
89761,11889
106275,11855
77831,41939
82876,13311
96899,8002
99945,12045
83505,16504
96841,6459
94189,23813
85020,10809
101456,14030
94155,31960
77575,19020
97904,16969
102523,5520
107541,16377
87223,9371
94975,10095
104630,12451
102538,6980
90345,6905
90170,7475
79448,22335
100139,11499
97457,20407
76291,45220
83987,14182
106283,43731
101864,7272
95757,18629
107668,18110
96696,10876
83094,16555
89521,8214
98998,7605
97028,9107
95291,29164
94443,20698
102182,10594
81794,19626
105003,28165
83041,12975
107213,8752
104467,11273
93950,28273
103790,7994
89125,9607
80748,26901
84795,19131
91105,22446
86086,16959
88522,11374
84472,11111
99289,16841
88050,16115
98087,6853
95839,28852
76057,24781
89619,8776
86471,11676
97685,7271
79824,29302
91710,26990
104474,31145
104157,43507
95117,35234
96337,8029
107562,13104
107286,17252
101251,8329
97688,6514
86405,7765
97631,13889
92981,34346
79580,24151
91562,12251
87048,16225
96103,28349
101854,11029
82126,17179
105443,31434
77293,51412
108262,13905
107157,11371
99717,13855
93208,23877
81353,18112
81790,15235
82153,14022
97223,13771
82088,35803
102996,9759
100023,7583
84333,17639
102506,6632
95753,27951
77116,9410
84459,8514
91453,11605
76524,53328
83249,13026
102313,5717
90456,9888
94635,28110
101187,6741
100776,14264
84563,8514
107706,14972
78776,31940
77019,28950
76122,27270
79042,17963
101851,9590
84657,10203
76067,19919
83598,5603
96003,9545
77817,21508
76887,35438
85766,7803
105836,21189
92443,52106
98875,28152
94808,21162
99490,7665
77469,10825
105148,5132
91649,17742
107040,27882
96074,27086
100656,7951
90366,14849
93981,13750
80858,8929
90070,9250
86606,10436
104521,9803
83071,14004
101956,8338
83846,6968
100982,14104
102610,7983
97828,13047
99450,6586
87521,7497
96065,25465
88306,9478
96325,12335
95801,28533
104248,20111
98652,13044
103877,13241
107470,19864
96801,13330
99595,28532
86094,18635
80874,26818
94606,25379
96127,18571
100687,9114
81118,26670
84405,12397
83257,17380
81541,18411
77940,10799
101270,9764
85349,16189
92315,14865
108360,11088
77607,31838
95640,15555
98143,11010
102200,9130
83375,12156
102178,6639
97500,26296
85782,8312
96049,6224
102744,14423
102560,17422
79010,17745
85644,9459
76595,15326
82219,18125
76899,20463
85663,20268
92737,15377
106758,2633
94625,22434
96472,26200
104250,14461
86303,20582
107881,40569
101517,9451
89988,16612
92689,29573
99002,11079
90734,13861
91013,42536
102056,13809
106641,17585
100391,6945
77305,13059
85197,31953
81122,18700
91088,26598
107377,14821
86495,10537
78661,13325
77687,12419
98480,10180
101537,7417
78032,11644
92374,16289
82010,16684
84496,11913
98337,9353
99520,8610
98452,19328
79828,25486
77151,22611
84095,16611
83491,11022
102170,8271
88063,13469
90214,15727
91980,25823
96573,20599
105573,32686
86880,12542
100420,8303
86053,9909
84481,19084
86088,7366
83553,11801
101328,11648
105352,10456
100532,13049
98052,6577
83818,8765
99576,6490
91026,15575
92445,26623
106934,7274
78791,19071
93664,26479
76923,25076
81335,20979
105969,26612
92701,24914
98070,8683
100423,11203
92335,27479
92370,32100
100177,7124
100125,6478
82358,24483
85557,6068
102609,7220
77612,12586
81173,54386
93689,14037
89219,6098
94659,11098
82424,9733
92367,26678
95828,12046
87894,8084
88621,10235
104992,22287
98567,8647
106250,9177
102235,6762
94841,24741
105496,12240
90019,7592
95575,29278
98437,9338
90907,14769
83289,10105
77938,17227
98791,11915
104254,21852
104311,26580
96753,14779
77998,24771
101102,9413
102836,6463
85330,16467
108511,15039
89527,14690
87734,17491
87110,4651
80936,14699
80100,15921
86546,9551
104949,22083
83654,18502
96736,9144
91898,25274
90221,15983
96356,13482
78901,17397
91469,17618
106591,30266
77763,24524
89604,7327
90001,10149
89947,11943
108218,13601
82927,10170
107140,14993
95013,26899
104979,9070
90521,14507
108465,24728
106606,9621
82999,15097
93784,18564
82680,12361
100796,15100
96230,18567
89110,7067
88152,10798
101403,7890
77566,22026
86366,15986
80356,29732
83500,21179
76673,16708
100256,17003
101335,16135
83416,8933
104983,14295
107300,23377
87350,5317
107106,19464
90550,9740
80002,24499
90827,11171
97480,30169
88160,9825
88467,5523
98500,7731
86587,19296
76737,16204
79089,16999
93153,21307
80315,17363
76731,35289
94243,27359
82571,11679
86896,1378
88404,8951
108530,23892
100573,7609
102888,12284
76011,31142
79586,47616
85620,4190
93470,20567
98335,8743
87826,12689
94743,20505
81247,15069
91376,23438
83451,21035
83176,10838
78867,26737
96786,8733
81019,30779
97316,8088
80560,19016
88535,9676
94281,27748
94309,19159
93404,32829
85218,16790
82697,15275
94919,25187
80829,16171
84671,16270
108043,14337
105111,25051
76997,13792
83545,13539
82274,22874
100513,11248
93471,39031
91627,53246
78780,48699
90005,21461
104234,8134
100798,8323
101322,10819
81807,22355
84469,10475
94701,21113
96119,12452
104478,7582
100116,8875
85151,15049
106970,10695
106570,41425
101472,6273
98101,18234
76225,11628
82833,6931
81055,7674
100048,13093
90519,32207
76484,17351
101898,12893
81741,33772
90441,7705
108314,13410
97881,3663
79306,24644
107116,16368
98899,13898
99975,7423
84378,10247
101661,10466
100239,10943
80035,24389
85033,8146
76723,10255
107773,9107
105937,11724
78321,17273
82047,44209
95113,18841
84907,10030
107479,18138
99770,15144
86815,16180
101558,13024
102258,14898
95963,17279
91995,10309
82913,20302
101968,9339
105332,17866
108213,15096
83825,10720
77438,20880
95768,41874
83195,20735
104287,12466
103213,12693
92744,15929
81351,31695
91555,16480
84546,11703
81270,12996
98294,8814
94278,18711
103537,14062
104284,20126
76635,17885
76676,28337
98118,8615
79440,48435
78969,27609
76500,14509
106027,16747
84604,10149
97498,10407
92641,49155
98216,9732
102453,7689
96270,11291
78777,22271
93169,11497
87621,17922
76876,23519
83561,18635
84296,13979
92355,31351
90302,21376
91387,14056
89854,9857
106305,20256
98703,8880
97929,18765
105575,13703
79052,18298
82362,27359
85625,17617
90792,14013
98488,9927
106795,10006
91666,24042
101528,6064
94739,11729
80961,10278
91988,10497
80335,28424
77505,17492
93280,15559
91630,13691
85422,10845
104986,13605
92176,67968
89861,8031
84435,16562
100381,15051
85651,10156
96525,16792
91383,19712
99177,7240
85842,27636
79658,24086
84332,21968
101621,7378
94509,19698
87175,16750
89394,12223
91163,28006
107771,16323
99551,5598
87537,16570
76726,15695
106637,48576
85583,13016
84617,8297
86419,7715
80036,33547
83956,17122
106663,9744
98368,6884
80217,11097
98528,7820
92746,31403
78042,19111
87314,18118
78148,19228
101574,12642
84789,14131
81056,8662
91483,19079
97869,13549
89084,16324
90398,16271
91038,26499
80326,57113
88665,7995
99793,16415
107218,12184
97438,11303
82375,8108
103211,5372
83430,16928
83717,8323
95607,23659
99653,8596
77072,18711
95300,13682
86090,18595
90553,24353
90690,14083
93608,16207
96059,10176
105488,16587
102403,11423
105357,11604
81201,20043
100092,16882
105800,10667
103658,6165
82416,7060
93007,24045
103850,13031
97328,12649
99167,7762
92788,33189
90228,14750
105015,23438
77838,12194
88672,3794
86881,13614
90515,7961
92777,37311
103455,9745
97286,28398
104633,19972
83548,10363
80980,22273
87954,17180
89975,7355
83762,16569
90615,8968
76755,9762
103371,10436
102703,10548
83856,2422
105099,8719
79080,19293
83898,7137
88241,10275
89549,14710
79740,9528
81937,29466
99084,14648
106967,20266
80358,44705
97694,12636
87454,9739
101943,15777
105586,8147
105651,18636
84667,7196
99050,10165
81245,23550
78547,21379
82473,21189
85978,6949
88385,9965
95452,14019
98159,6687
107952,10155
107265,7641
99744,8229
107450,17491
108280,10998
85684,8115
90660,7301
107627,13597
93896,23631
105931,21802
107160,9021
94644,18622
100057,12609
85053,10867
77037,32928
81281,11994
101247,9538
92031,30658
83306,11569
82079,18831
85936,13623
90480,6993
92696,18992
105467,19052
89682,7302
76305,31067
79665,24469
82839,10511
93076,17812
104369,20068
107999,9425
83787,14406
92554,30276
99110,20117
82707,7111
80261,13964
102365,9201
82760,16609
81142,37045
88411,15875
97734,12165
81604,45548
84705,18611
104661,13145
87897,12306
84651,8278
82294,27656
100689,6915
105236,8706
77656,13058
94054,25188
96367,29995
99913,18418
77083,21048
104849,20169
98172,8087
98043,14438
90979,20946
93136,28288
88750,8425
88471,7785
93720,21948
76649,12211
99291,6476
89267,5857
108244,9642
95194,27091
103998,30439
103782,8124
101502,12554
85961,9444
99073,13488
106535,17207
96594,8204
76156,37619
85484,8505
79139,12131
96730,12569
101796,15361
78809,31694
101193,6599
96275,12148
98321,8733
77928,9705
78328,31573
103527,10360
89266,10220
99074,8179
97952,13300
88220,13813
90223,23118
76506,26150
104498,23461
84634,16860
106803,24473
80608,13644
78715,13560
89962,19793
88958,11982
98941,14622
80707,17431
105934,9592
106190,20350
107803,26198
87945,17396
96859,7500
84495,11874
79965,34430
89496,8346
101195,10337
97209,6838
101751,15565
101541,9093
96051,13787
85075,6470
77118,30337
80487,11889
106184,10711
96374,1013
91702,18093
77517,21873
98188,12511
91641,21293
94607,24743
86769,9528
80484,59131
86964,9805
103086,7579
84257,13179
91852,16392
87431,17360
80439,25160
90405,13084
97647,7934
108071,13792
101911,20489
82293,7701
93627,10331
92080,32012
88291,9730
97591,17483
94632,13522
79572,22284
100727,13903
77760,15006
80267,25468
106167,27730
93339,22283
98727,10584
106765,22764
106746,34983
80012,26482
86651,9339
106616,10877
88617,7688
78380,12518
102380,11045
102093,15394
79049,43256
104933,15599
81578,22949
82296,31361
102256,9559
83868,18913
101459,9675
85014,6116
90820,11264
83173,7909
91252,43120
102307,8223
95153,18632
99149,8236
76130,15993
80049,24889
84353,12978
79550,9798
106113,31235
82182,16052
99898,11996
94685,30673
108125,18098
76144,15560
82087,17982
96666,8447
105109,22360
94341,37382
80039,25776
91350,21195
99415,10410
85832,16029
94022,12818
104332,22211
89367,9496
101420,8593
99401,25992
79179,25589
81603,16430
94068,20611
98185,10481
99646,4436
83218,15717
84593,11880
93040,16696
104544,14153
98735,13339
86524,7451
102541,13437
88339,12799
92750,24564
101882,8215
78793,17651
100625,12143
91791,22617
98604,8553
107903,12241
108450,9061
101903,6803
96190,20054
77299,17401
96588,24660
80932,65212
81221,35047
107383,11894
92815,27511
98724,14325
101984,11057
85939,13476
91597,27623
82514,9607
88788,9944
101131,10744
82614,20716
101646,11299
87641,15348
103855,13383
96901,24543
101942,22427
92415,29982
96467,11084
104656,32340
84104,18276
96685,20598
93816,24375
104925,8094
82086,19393
93855,21553
85411,16233
88743,15736
107201,8351
91771,15622
81001,24481
90074,8357
82791,7095
102636,1040
102722,13380
94571,31318
103852,8427
81514,15871
99997,6861
85808,9059
95355,10762
101928,7282
98862,7066
87759,7603
101810,7868
104902,41957
101361,12506
81707,17990
84482,18958
87358,8332
103589,10405
103675,15140
76652,16945
104101,13506
94807,17732
77325,11798
79875,21647
83034,13228
94997,26981
85209,9719
88344,11484
98849,8354
80527,29206
87245,16072
83783,15541
96515,10201
95110,23763
92177,31880
94690,24729
80340,14196
80211,22330
87440,9978
97742,8747
86586,17921
98006,8135
87613,10242
76521,27731
105734,16045
87925,7121
94634,16342
102227,6588
85292,8404
76921,9122
95158,21234
95582,21696
105636,24496
92793,18215
80981,47312
76421,15913
87182,8433
93677,22899
92969,21418
95005,16376
85337,9483
90477,15435
83508,6133
96886,13044
104112,15325
93923,27977
83338,6989
77100,23454
103801,10561
77772,24189
94352,20451
78360,22379
89986,9750
97654,6332
90295,18115
89180,14500
82039,22648
79485,15385
87606,7023
99574,5553
92198,38590
83529,20426
83789,16953
106137,19370
81731,22179
82668,9858
95865,34204
103389,9184
98482,9742
83775,12211
98846,23814
79233,13099
93254,31318
84246,10710
101996,14214
96237,13108
104216,14928
105667,23891
78813,13108
99270,8871
78588,18964
105552,12156
97164,20468
84342,15843
103688,20504
77484,9603
94326,9321
81254,34788
90674,13406
104261,10374
106636,16962
83188,21910
93725,19709
91349,34718
106973,10439
89671,6958
92830,24386
105964,16840
89696,25262
99813,9031
108159,40901
84988,15394
84921,11194
93609,27907
105751,11859
92102,31299
83130,17422
91136,26113
78276,6777
108370,25078
100384,10411
84940,10471
91942,47166
94454,35471
100909,5871
87701,18149
104798,19566
95263,23449
87121,10204
93095,19527
85642,13081
92656,15380
95617,41652
78219,13016
104179,15230
106438,21052
87196,10264
90335,17115
82059,19530
92365,19733
98309,8698
77684,12173
89823,10789
76689,19579
98279,21123
99892,9354
77342,32809
81074,64289
101487,12375
79070,11554
95231,31103
102572,2849
99529,11487
105996,9911
100780,7448
106814,11321
85545,15987
79630,19707
91145,29419
84823,8475
84954,11209
96658,12708
91360,26785
90452,13544
101820,5700
81605,20557
95895,27591
99378,7426
89327,15360
97326,7878
100777,9061
87405,13193
97627,20661
107458,10796
79060,17218
96136,12414
98257,8550
102335,8582
77850,10351
102160,9360
102379,4070
104579,9466
105614,17717
100113,10795
91032,22168
84428,5957
95075,12168
103736,8931
86290,14798
81511,33513
90680,16020
108256,16577
104529,19999
105190,8459
83963,14668
82386,57750
96710,6284
83474,6365
85539,9414
106439,17868
102158,9802
88822,12651
100881,8653
76677,47876
90178,7642
93735,12569
84662,11547
106182,13333
83398,12611
87992,13849
87968,8462
103912,15965
93375,19746
101226,6639
77949,31070
85607,7415
79522,23167
77739,9718
83123,6179
98241,13257
85653,15700
103346,11211
93933,25082
103652,9258
101032,16187
95245,44210
87397,10742
104051,8744
88815,13007
78834,44745
86348,11009
102205,11337
85638,7268
84036,12963
103627,10572
86641,10630
76954,18878
96042,15966
79230,20226
81240,21252
98464,13646
93761,19867
86239,16411
106231,21318
94092,28748
93651,31999
102239,14096
108216,20033
87035,13097
77754,23282
102892,9615
104205,8621
89539,6904
94276,18362
78405,12036
82829,10902
96653,12760
107768,10679
82557,10301
79190,14755
83639,19854
106302,25035
83161,8496
101839,16201
76769,34979
92536,30091
105981,10819
89644,14959
95175,24846
95837,26118
81282,28741
92231,42814
85287,15918
82582,12016
82666,15333
75999,17182
81738,17561
87020,10835
93066,30891
88496,6717
93297,48544
82044,16939
81673,26145
102694,7733
89509,9544
95965,32883
106101,19384
83569,9371
104718,21929
99492,20843
81091,65278
91028,23066
87981,10744
91801,16989
102243,6608
82445,10191
104094,5837
94745,35782
90106,13987
89015,8601
93183,16569
84610,4464
77055,20972
79194,16185
91155,27846
86569,13336
82485,6998
88760,9949
105923,7516
78686,36464
88814,7623
82320,17023
102937,10600
87116,9370
90494,8540
106037,11222
81698,38327
108120,21435
107501,15247
76407,22269
98601,11062
107872,14556
78176,20069
93534,45700
91839,11080
106436,19493
82935,17251
84674,16883
83479,14986
105047,21320
103698,6729
99614,12819
84726,9355
84695,7284
91147,23717
87076,17749
106200,4645
94496,21346
105826,12299
94976,15980
86380,11034
79211,10526
83213,11003
84355,10510
108034,27438
106948,9228
94995,31776
101963,6508
106550,14928
85682,11633
98174,12930
105423,11335
77341,13900
83563,14065
80177,24147
88183,13370
77520,18495
96601,12895
91964,25597
86685,12303
83039,16367
97785,8137
95814,15965
83452,15259
84518,14761
102194,5835
85247,11229
85418,6178
77908,10617
92033,19847
80872,10984
86635,10472
79420,28638
98251,17118
77158,25303
89969,10283
85928,9514
91375,54892
80568,20334
91041,20418
89322,1674
88057,11490
89486,7082
105977,15319
88167,11418
81115,42317
91486,11765
100782,16160
89320,13894
79784,16342
89096,16188
78264,8963
97581,20885
79576,33106
89259,10345
106745,8786
92013,24992
86678,14928
102324,14341
77632,33304
106887,10691
78950,21832
88191,10166
88247,9287
94345,13032
95349,18048
93901,42595
100074,9434
85164,8746
106172,22515
108479,16037
101908,13457
87385,21012
81494,10452
81977,6605
108330,12692
80073,16177
98716,10728
104170,9294
103992,13757
105540,17957
75987,15126
99496,9754
78765,36418
98564,7482
81895,19102
100955,12170
77153,48697
103888,7954
105921,15659
99660,12718
78579,29715
87023,16678
95879,16171
100433,10162
83011,13564
103255,9907
75978,21718
102295,9517
92099,12729
80985,26465
99556,8491
97124,8614
81386,25013
92818,27090
76413,7610
99585,18400
98093,14092
87527,8008
77911,30224
85090,16875
80843,15153
107096,9453
88042,15308
83948,32127
93242,28621
83677,9431
92864,11048
100323,10561
81042,18015
89663,10374
85381,10935
96699,13092
92422,30508
96880,12141
88530,9661
81438,29671
83484,5863
83637,16938
89092,12275
93732,23770
92925,19146
105183,12864
98369,8629
100868,7909
82430,12044
97604,9923
85474,18604
90978,13528
97258,18338
106720,9556
89418,10816
83154,8720
98671,16673
105356,19020
88880,16780
84275,12192
93184,10709
99811,22139
96995,13081
89700,6998
99390,28736
100504,10371
80427,9040
105125,23634
105652,13357
82706,7321
97831,14737
79865,39228
78586,13556
85926,8742
83961,17463
96313,16924
77556,30661
108155,19871
77590,27647
90192,14894
88094,10095
86737,18470
107509,20047
96960,24878
85495,27303
80902,19412
87998,9710
93672,19945
101245,16691
85802,21994
76378,24751
92576,26151
80096,15982
103064,4755
101782,14368
84729,15428
78010,18058
76995,13016
83407,11888
86858,9614
92623,22454
107680,21587
77324,14642
92312,16209
95266,17244
86907,13001
98403,9730
77236,25220
98098,12108
100392,7152
80696,11635
100083,13339
107500,30789
98415,12315
89111,20381
97813,13316
86818,10628
76368,17912
92461,19778
79280,18867
94481,13457
85233,11098
87051,10058
97596,23526
84911,1689
84923,16200
100105,10476
100360,9646
87548,18635
106839,12847
97625,11053
87757,14124
91686,18361
98789,13816
101190,7281
88070,7177
93252,18541
99741,17974
104820,7919
88169,11981
77198,10256
93558,33398
82381,18147
99874,12160
80727,19839
93762,26740
82928,7842
82083,28652
102681,9505
84592,6787
90373,31962
100741,11890
80833,12391
91415,24749
98086,11485
88138,12900
86387,15807
95134,60668
86392,16796
91440,22471
79877,14183
85439,12184
88629,10961
90541,16059
94365,18820
105625,43893
100340,13932
78761,19437
89066,10714
92418,26952
90530,10740
91595,28705
101516,6922
93518,14014
93676,14234
77432,28006
94585,15725
96358,6411
78159,28235
93872,11542
86968,10589
76425,24093
91431,24057
79862,22235
86839,13570
100378,11994
87028,8963
81612,20657
80822,21514
79272,64165
76037,34415
94336,11792
95900,20102
89645,7797
88068,2712
78067,28154
107703,14425
106822,13599
82155,4029
91564,37961
107241,14801
79829,27993
82574,5931
93529,30672
86196,11934
88887,13829
103822,10710
97431,21480
80655,20329
104352,8399
95983,42627
90231,8331
91426,27699
96804,13799
91789,19963
91063,24950
95672,28062
89669,7592
105177,27276
83317,6905
86083,14538
98558,9493
98497,16273
107910,10306
101650,12824
98157,13172
99234,20264
91943,28383
99237,6664
86413,17101
85589,7666
83028,11245
84633,18287
76000,13502
100519,8328
86940,12182
93162,25549
98061,8466
99205,18777
86507,7821
91613,25992
85308,10141
105270,20535
90212,5645
94127,9373
99422,20211
105583,10383
81264,30451
96205,6864
105242,27860
91770,20408
101725,13569
108296,24610
82556,12449
93282,11826
90749,23359
101708,10879
98952,10351
84008,7133
104420,30154
96406,8466
83723,20604
97143,25086
97025,13567
81322,72683
102314,8317
79427,7929
107605,26353
87036,7155
91115,51195
107095,23153
86726,7156
89311,14382
85612,6661
78297,12709
87140,16197
99815,11866
99814,11642
79285,28700
100846,13419
83155,16614
94858,26764
85781,15494
92914,21645
98443,19184
92134,13651
102425,11254
100338,7232
75995,12351
96586,6672
76467,12748
79386,23539
87549,9610
79953,14670
85516,6542
102251,16006
86747,13816
96255,9251
102580,4003
97573,11906
92803,15827
103185,8400
93477,20097
90488,15710
103256,12277
98259,9135
79168,28100
101416,11114
84088,10073
105807,21847
107132,16649
101505,13358
96102,17672
80342,21413
83221,7872
87186,17702
89162,16737
100282,7898
95292,27990
95878,41560
81326,13977
88518,7903
108243,30409
108026,6892
96751,10837
90571,12287
76767,20449
87910,10684
108470,12700
82634,6233
92666,27966
96690,16150
102493,6135
99491,21857
94959,17451
79015,59989
93400,18814
90577,19232
83608,5630
101527,8838
99227,8947
105333,13820
98720,8589
83359,4097
95498,16100
101019,13320
86045,11254
87546,10904
87526,4943
83304,14054
81244,20942
76248,22003
90107,10317
82584,8025
97783,6833
79048,13090
94531,20334
83872,7384
95726,25850
107362,8782
88562,6282
105680,8679
77859,11255
82802,11371
100220,5906
80149,21768
78826,6939
92081,20620
90008,22335
86319,12943
93624,26618
92325,24028
87857,19161
84996,8158
105536,7993
86209,12764
96095,20540
78426,23724
80287,17600
98154,7157
84049,16741
99005,13525
101228,9182
79488,37574
95378,30275
81740,16817
101394,13047
102736,8843
75993,58610
102322,7620
106248,9584
94377,26557
102281,7216
99028,9616
88725,10971
101290,8535
101436,17051
107395,12988
83696,11878
87319,12179
77845,8146
94163,11517
89778,14578
81251,10726
88855,7220
99680,9043
94593,18828
79028,40442
100784,7769
90856,15219
76836,22005
105944,13793
76844,14016
85377,10138
102613,9973
105832,18806
105173,13843
107270,7882
104605,18805
93776,27490
98145,15265
105384,6410
83797,12917
78439,11772
84850,18166
81348,15709
81586,57269
97554,4540
96691,6526
100073,13946
89195,11181
95919,17214
78872,8103
91100,28058
80008,15091
89155,8518
79002,4849
80103,24712
95722,28044
92248,31335
104759,12247
101435,14251
95367,28297
93611,31185
95610,28475
87950,13363
78095,23560
78646,16991
82091,21047
103774,15432
102660,7175
92256,25887
102733,13733
95698,16856
103008,11835
76310,33794
102230,10991
108434,5249
103325,7266
89871,10256
84888,11999
94838,13783
83744,5522
89112,14326
102043,9804
105254,12055
77814,22600
92390,10295
106879,16543
77049,19169
84476,11804
81372,27542
90236,7025
92132,17840
92240,19302
95286,25799
101750,10040
88817,17271
81131,21080
84244,11848
100801,9694
95844,19621
83870,10069
88723,11375
81243,23956
100385,11252
104717,17514
91235,12946
96520,8871
93381,33686
80691,33323
92000,29548
107035,27620
102138,12293
84605,8357
79297,43965
106336,26617
94253,24541
79716,21272
83444,7905
106618,11618
96175,17890
103007,10280
83413,10574
87204,14701
102288,7763
80637,21174
102156,7509
99444,5479
88292,15322
88382,23092
83149,15482
96173,15219
104005,19623
78097,16178
79949,20997
93089,38004
86142,10845
79736,12030
76052,22818
80534,13380
86998,11025
92690,26601
88656,9056
94395,21140
98447,7184
97701,17823
92140,17342
100562,7064
90947,13487
101174,8549
82150,36458
82220,13647
99327,3544
98695,16535
81373,17435
92571,11848
99568,7123
80774,31619
88548,15359
89214,15829
104968,17717
76079,19902
106643,16432
98760,12959
79377,18946
92075,32885
83689,15799
89321,8187
101772,7602
82498,14009
100293,9510
82360,24042
98921,15243
78949,31852
77501,16107
93322,25124
85827,7957
76428,18983
105249,19491
93940,28821
85259,14239
95570,30199
87993,7783
99558,7278
91277,20761
93825,18360
107121,28331
104959,16733
96364,13421
106601,16955
106375,17959
79619,10706
76473,16280
88184,11182
92530,22344
100669,9405
97656,16196
78071,28408
89316,9134
95061,22078
86189,11048
89553,18174
93106,23041
92968,14406
84025,26267
107972,10150
100646,7072
94107,46999
93865,16093
96199,22927
107397,24934
100882,12331
104739,14173
85360,18345
85630,18708
91862,23869
107207,21796
97162,6758
80025,34842
102082,10489
85267,8113
101929,14388
101500,9615
79709,16816
93972,14550
103035,10964
99214,11631
90020,15367
93078,16000
91474,24051
104931,17142
78728,24614
79185,14130
103871,7104
91303,36285
103205,17342
102796,10126
84381,5534
80694,2065
88412,18127
87437,7309
81938,22186
87557,7962
84227,16938
94972,36327
101329,13595
80069,34052
82432,5811
103399,9287
77538,26022
83684,10554
101430,7344
104322,17224
106856,12940
83084,8858
102179,9087
91752,24274
102244,9901
100903,7564
87128,13046
104654,25332
98265,5234
101764,8673
77753,12329
93483,33010
85586,6761
83436,39480
80395,14822
78652,20296
92985,12963
87343,11607
94390,29739
94485,41267
79564,20298
106104,32940
84557,11877
105524,31301
96622,23842
85389,12956
78029,51819
107904,15953
80526,41887
102233,6257
86058,10920
76614,29486
81334,69244
95043,24083
80400,14945
100114,13031
92049,25647
104070,8148
95487,10451
80402,24371
102682,11625
79747,13505
97331,16138
92573,24051
81827,17333
99721,6094
87560,19418
101447,11247
89027,9982
100905,8976
86467,12443
90523,7938
77588,40475
79946,23491
94096,22092
106481,9414
100694,16405
91176,60052
106878,7076
99871,15014
77534,10770
102006,9149
93356,23737
85788,9929
97108,18037
93129,17396
95168,41786
96578,10560
79570,12022
96604,15071
76367,7395
105065,12811
90635,15655
107221,11027
80375,10763
94421,21813
104009,9382
84804,14149
92074,28282
103678,5137
102350,19651
81690,15293
101817,9806
108275,23680
78030,16841
91570,22927
96746,8091
89748,20687
107889,22390
88402,17374
107789,16060
108061,24677
105143,14635
107488,24568
100812,12082
97830,11580
100664,13000
80071,26169
104550,13486
99466,9372
93777,15797
108105,10563
90322,7729
101860,14109
104129,9463
77381,15026
76946,36431
91556,15059
87190,9269
107647,20898
84177,11761
93266,29875
107341,13100
92693,26804
101292,9109
79651,18311
81654,11968
89688,7525
107423,14235
86626,13738
101633,16227
83827,11137
106678,14824
93756,28070
84185,28703
94867,18783
101062,10440
76567,31269
80522,18956
101932,9578
86016,14448
98609,15091
84081,10576
78446,11199
82074,20334
108374,30972
77895,23061
93416,18227
89357,10421
106786,10002
102766,10331
82233,10313
84115,10145
98073,10866
106198,7393
100335,15849
82169,17423
101191,9283
94584,13761
81980,17205
93574,38285
76934,33398
104181,20609
85205,13028
101304,11840
77927,47335
82028,24945
87191,27395
77713,13404
100414,4187
94287,21304
97941,10025
93702,26286
91433,25994
92420,19967
88433,17506
91656,34684
94313,28300
91218,13807
104418,16221
86375,10410
97556,14262
94514,43352
79165,32430
81780,16261
105424,17560
77427,14830
78626,21113
85465,11278
87616,10639
101667,11616
84226,13808
104737,18832
95041,32535
84070,12120
79071,15703
98688,8941
91104,35789
95301,19145
82795,6227
76606,19856
94708,21863
82934,7344
101243,4085
94629,25310
88235,13332
78913,52203
94480,23362
77005,16288
95511,22773
88879,13167
78396,11771
99977,13022
87602,15431
105439,16785
91094,19953
103575,5302
102840,5794
105367,10546
91884,21931
84572,10561
96544,7662
94082,35998
95510,13372
85718,7708
92527,18669
78855,13927
107521,15799
98876,5048
98440,15446
98714,10437
100643,14030
89570,7097
94168,31003
93299,20518
96033,19304
93742,19020
89946,13959
107741,3166
77268,17733
84848,11541
92323,33773
82181,31935
102252,6574
100240,9895
90422,15385
103145,11152
83333,9641
97103,33618
107379,31790
94694,23922
97339,31956
93104,25839
88194,10368
81954,21093
96391,17404
76563,11763
97630,19207
80201,25484
87854,2092
102312,10469
93848,23088
82542,5211
102300,17036
97229,11819
98907,24921
81238,12463
101377,10528
79109,12778
88044,5070
91950,30978
103403,8324
87611,10915
98169,16584
84352,13869
91787,17898
85668,8002
91287,16789
80289,17087
80647,23957
90612,22901
84941,13760
85955,9839
95019,11753
92685,17955
87156,7704
98300,17287
80737,21539
92849,25954
87490,5913
106168,20356
87014,17871
95822,19129
76797,14523
88416,18959
99974,9710
79248,9295
93969,42938
104746,24278
101092,19728
104076,18465
99087,7645
93808,26286
80849,30234
93870,41356
97218,8745
85690,13634
82581,15204
81062,14411
98925,14864
98116,7868
78229,14293
77717,3225
92227,24626
97525,7800
92015,13088
93168,16424
76841,20888
94920,12285
95188,12489
91909,45639
104631,12251
91186,21100
100465,11459
79253,18031
97133,10374
84758,9446
83113,8997
92012,29049
97730,10527
89579,15803
89670,9132
98105,13393
79497,21534
85954,13109
90314,5478
81052,6970
78531,15175
97791,13625
77746,22141
105318,20278
96956,9679
84493,10148
102164,7832
84640,15733
83292,15141
80446,32390
106883,20340
96822,12489
99282,10129
94359,11890
105084,23404
85908,13560
106431,14624
97313,17796
101268,6211
77989,18261
87682,19790
106611,34433
107890,10911
79578,20367
92372,31426
93915,22687
85425,8870
80577,8304
87561,15319
82120,16440
91633,19020
96970,9073
103356,10232
89416,15661
101155,8797
104222,20719
76104,18409
108362,12032
80616,42996
98659,7551
76470,27072
86501,4007
103166,8062
80799,10416
103699,12529
97005,20215
89375,7924
89434,9533
103114,7874
99021,25921
85368,6013
98207,8714
88420,11458
86225,11547
107761,34935
83146,18187
97834,9998
95729,27226
95480,47813
76736,25729
103683,11427
96410,24530
101570,8510
81039,12269
82813,16729
88704,16338
77926,14323
89560,14830
98902,11922
105164,31213
108109,12147
84480,12033
98239,8843
82385,33527
91637,30169
85732,8171
90790,6709
90251,6937
101246,8044
92962,21225
75988,23926
106880,18445
89844,13960
79925,15040
76282,19375
85648,6306
95507,17046
96605,23247
90201,8550
93506,26457
78490,11911
106831,15625
78101,13733
93059,40379
106820,9677
80839,28209
76695,15739
107678,10536
77084,11472
107856,14540
104446,32545
93306,16408
76610,31140
94451,18886
96510,14046
84861,18248
85787,23107
78201,14061
83353,13624
106485,13274
98115,11108
83852,13812
91320,25212
92427,5367
83851,14662
92011,13829
96043,7174
93535,24560
80183,29188
99075,15396
107932,14308
98968,17415
83350,10693
77983,18394
104722,19505
101213,7644
99670,9375
86163,16101
107969,10927
77875,17703
86254,9771
106709,15124
79732,24701
107841,8780
82222,17888
82020,14891
78930,25388
93446,11312
82880,11399
85724,8264
97629,25444
106635,21115
94103,18690
83051,12887
85087,10848
76917,16085
95037,33889
99867,13321
107425,27070
85753,19178
95099,27786
81950,18920
87493,11188
84035,11097
98743,10887
84532,9409
106827,13323
100006,10918
108013,24310
102898,11668
93509,21067
89759,8457
78191,27488
80286,7108
105908,22409
85325,10891
86177,2183
86780,15973
82738,10295
78918,22187
79161,31903
84004,8291
92541,31593
86047,13094
106538,14884
96648,5860
101018,8074
97019,22482
105288,9659
103441,12166
84757,16883
107069,9961
108356,26531
84436,9898
79898,19819
84703,19097
101219,16889
99858,12141
77333,8886
81923,13378
85116,15880
106149,13352
91228,20222
91512,18797
80878,20854
91229,27389
99181,7325
97944,17810
78314,15234
103087,5178
98170,6568
86475,8273
76501,21537
87632,16495
78342,22841
99723,11134
87620,15841
108111,34133
89385,9793
78604,12283
87199,15726
106661,12441
98162,7752
95522,14202
76276,10101
80135,26017
98199,7707
97771,8645
80509,40693
80570,33160
102070,14442
87513,12480
92822,15477
85443,10484
107258,16974
90876,20356
105021,21692
106246,5516
102213,14542
102502,7249
97859,13013
90858,16454
103900,7022
101159,6041
79882,11381
107307,16713
91892,12048
77992,17749
103300,7650
76540,39375
103225,6906
93202,25417
106035,10038
80459,20606
90377,8867
94302,23267
107598,14552
97476,27874
96871,17300
78543,15473
89215,10245
87251,16050
94113,17041
89499,8358
104785,12376
87775,19402
91882,22952
79256,33035
100717,10866
104470,10122
98732,14198
82547,6289
83776,8629
106546,19804
88539,9072
83929,16866
96026,6335
104011,14721
76131,16276
91826,32885
103999,22963
82675,17560
94439,24927
96307,10648
78033,14660
76854,14511
90036,6842
103891,10021
101263,12514
91712,19780
80856,18016
95058,19404
82735,7855
82588,22173
80775,51911
104524,11839
98431,9269
82272,24408
80152,16418
99115,10175
91591,24286
84573,17192
96777,11290
95331,17100
87492,16284
78031,20550
102367,10691
105139,24547
101793,10136
82312,30916
90663,8085
97827,16138
85812,11704
93839,22145
92711,18408
90705,11953
105089,16036
97946,19798
89744,19161
91047,21658
101166,6654
101641,12161
96865,12839
76615,12737
107736,14758
101285,13551
87016,13145
99919,7458
99314,21071
80754,27383
94215,36219
82552,14086
79696,41885
87903,11418
77373,18844
76494,20692
80003,23377
89000,11434
93128,25883
107992,9911
89029,14363
105461,20000
95945,15570
103106,14737
96246,23627
90428,6983
88909,7869
85222,11783
106888,9481
103117,9135
93022,22979
103375,7477
93229,22670
85603,8976
89869,9642
102338,7526
82631,13160
102687,13058
82001,24315
80204,25823
76279,27498
104066,20264
85918,5443
101590,8581
95375,20523
77897,11046
95209,19643
95921,20278
105769,7831
97833,20763
106557,18834
80274,16309
91786,26311
85350,15903
96217,16025
86429,5959
76233,20941
98782,9554
77064,11144
82904,17706
101384,10734
103541,7525
99625,11244
89436,18007
92889,17871
78390,44243
80649,18463
78894,12808
100312,17447
78222,21193
91392,26981
81452,10878
97819,4633
105008,10570
94993,24280
85430,10187
94075,42975
81246,25753
78432,27280
89458,12633
86520,18136
84594,7053
87131,8353
103493,13480
95302,15793
105156,19744
101489,6895
105619,8991
81460,28758
79311,13377
107401,23836
106068,16403
82033,23187
93749,15208
80321,24874
103609,12370
83443,9360
79664,21800
91263,22255
80368,32779
82178,17478
77812,31873
88159,10591
107356,9966
79312,23875
81185,27161
103927,11035
92977,24825
94013,15866
78601,18481
103250,8384
90673,7289
92757,28781
86876,12069
99148,10129
77972,11893
79854,7173
97128,7473
108059,12962
105613,20709
94727,3218
104783,7264
89446,19028
107306,12902
94890,20733
94080,13945
81720,19602
105157,19411
79438,44623
95275,17498
86870,11038
86336,16529
95031,28373
76727,31267
76416,28274
95523,24123
76945,11694
92733,20827
87625,17563
105282,15547
76798,29688
93061,20553
99449,6612
88177,8961
89115,16677
97192,10171
90003,12033
99544,20960
95661,26500
86502,7133
92299,16344
92164,37564
79415,12536
82793,6390
96761,9832
95372,13811
78310,19423
84611,12448
79039,12032
83955,2198
103422,7772
98290,12713
89786,15802
88966,12674
91692,15138
99720,10505
92291,30335
104283,20360
77907,34594
80667,23076
83714,11165
81499,34745
102870,11311
84245,17450
96709,13519
96985,13331
79739,26399
101167,10734
101412,9178
97207,11779
77022,14636
97267,22171
89310,9711
88525,8412
100951,13190
105401,8260
89558,14202
97593,21015
91993,16571
99362,12155
86021,9729
80590,30341
76881,15965
97173,12015
100208,16309
106111,17841
94771,16121
86006,9597
83246,14245
81624,22000
97158,12038
90839,6317
76730,11583
95912,30649
98742,12327
85366,11549
88971,10154
91073,18785
84276,14267
93643,29882
77674,17545
107054,19499
76029,12506
76703,21148
76951,28092
92952,24324
101165,13215
83703,17341
102514,11350
84274,16368
80933,13535
89802,15375
95459,24925
88242,11335
80337,19898
96758,11226
81706,10537
92861,28972
97057,10364
90369,8000
77587,17091
92265,18503
91500,29916
105511,20643
90137,7851
78339,23124
90208,7773
101548,12583
79969,33586
83047,7341
106469,15888
83513,20753
79652,11137
93970,6998
95655,22847
93966,13569
103174,9122
92732,30761
104052,16401
104427,13674
81504,24734
85835,7986
85265,12301
88872,9569
81581,25164
87525,16344
95242,14339
84066,9373
91130,46978
103798,12217
79777,11356
96975,12876
98657,9214
89241,12611
94846,18662
100346,6127
102570,8350
86462,11074
97934,20583
96947,8133
83667,9417
84928,12504
107956,7973
98949,12596
90998,10609
97708,13200
95416,24386
78313,22327
78886,22166
104031,19035
105160,30796
103659,11533
82200,16865
90814,6631
85367,10661
83180,11736
106202,15520
78450,17399
99063,8606
83877,5033
103411,7247
108533,19139
98123,14202
106850,12252
100148,7934
83012,3385
82410,13209
81994,12035
77099,30285
83281,19502
94288,22111
103702,6868
105076,12352
77642,17853
107183,16596
106615,12992
84149,9547
76911,20043
104162,9120
102563,7141
98356,10790
90601,17719
86307,12928
83892,16356
86128,11221
92836,13886
77569,27786
108327,17524
101953,11643
105792,24911
97726,1675
86652,8581
84446,7303
96826,13912
95460,20063
86352,12815
106793,12891
87778,13513
99950,7446
104088,14334
92232,14157
94143,18866
87874,7793
83793,13290
108182,19553
102804,7769
97509,19393
96468,11910
85388,16363
76856,29228
106114,27413
92900,24385
84771,8712
87714,10460
80892,21628
91592,28753
102842,11770
107139,20134
94334,12216
86768,12054
103414,12857
92179,25557
106474,14126
86309,9633
91109,10035
78133,23971
76963,15232
101391,10743
107342,8789
105184,26906
104693,31082
89673,15697
103903,9769
88947,6181
87569,17546
76483,32731
86102,9477
106452,9444
107976,17873
85216,15321
76812,26785
90905,22162
101716,10213
106450,41563
79930,7020
80812,30097
80862,23694
103996,19463
93119,15907
93986,20809
90226,15591
104841,7260
77115,7638
82162,46788
88176,19084
96807,17822
87893,16881
96864,9459
81129,12866
94158,15398
87268,17380
101545,11594
80322,14063
95591,20062
97284,1818
76503,17892
102457,7234
103358,13455
85800,9370
77892,12527
86918,5660
88797,7396
101581,6407
99941,8582
86005,11518
92601,21236
77922,26526
107005,9877
92729,20333
99740,21314
104686,12020
87339,11231
86577,11383
105913,40523
87402,15581
88287,7353
86544,9517
87671,16589
91204,20494
99618,14928
93596,18766
100194,1692
76820,29493
78350,29035
91114,18921
106403,25502
77876,18519
92321,15743
93803,10406
95007,22245
93540,20885
88267,8080
100770,8805
79033,37824
105481,11157
92645,22398
91504,15595
103374,16848
76555,29749
106876,20628
83008,7253
103085,11377
108288,22905
78153,26006
101104,11032
86300,17452
83596,6611
92918,19232
96263,13767
95845,25907
82174,9485
95636,31319
87859,17645
92038,13431
97965,13622
99236,9113
102581,11325
88484,7982
76734,19003
107756,10337
100368,18039
92542,29370
106507,9465
94713,11211
86830,8571
105659,11757
103299,10243
77388,41694
93171,32090
95564,23176
92209,19697
103068,6531
101008,10322
101098,10700
100297,6807
100668,6791
83587,12146
103730,11295
80300,10750
90994,31304
84749,11270
96883,22007
83643,24243
101307,9378
96979,19121
96090,16674
82603,10027
79091,21268
101959,12725
101554,8849
100961,10375
82778,9439
98924,6584
85086,8444
89149,7470
89443,7754
88608,12843
108064,23629
93913,20082
104833,18890
88819,8498
105039,21185
108163,14190
78429,20602
100022,8353
99243,18995
96715,13015
88735,20915
86496,9839
90642,7613
98358,5593
91268,28438
106457,11759
87063,12134
103942,11487
101823,16099
104919,2600
89192,22007
78525,23791
82948,12442
97364,12642
77638,18407
94939,16689
102799,12117
97063,18296
84889,14181
91197,10742
83936,5305
88850,8012
104781,29515
96341,7622
77784,20318
79500,22802
85956,9552
80268,8215
76575,28838
88273,16928
96863,8615
104149,13027
95323,26415
108521,13859
104891,26068
86333,6422
97441,30601
103963,13536
94117,21122
106930,20467
96478,12255
93273,19578
90140,5141
101752,13077
102564,8282
89449,9340
82080,16313
103168,11622
92400,18234
89829,16827
100294,14757
101914,12649
91223,21590
107925,19926
108124,7304
99736,27670
106222,5891
96843,6053
86576,13781
106802,20703
101331,7219
76847,11849
82850,10973
107284,18833
77599,20880
96827,20604
76080,16492
89213,15208
91332,28523
91930,24377
96005,10818
94637,27682
76949,9958
93336,21448
79792,19353
94859,26636
87815,10105
100994,12347
103939,7882
91674,24298
81166,20753
105292,17891
76991,48219
100176,15310
100118,12973
94700,19981
101432,10763
78373,20903
82918,14829
80619,20280
98870,6534
99728,43186
100347,14019
94871,19138
76922,31749
102057,5520
106406,18596
81647,38072
86232,5153
90976,27546
101053,9377
87392,9871
97377,16191
96652,18946
88212,10318
106859,13007
92678,18060
99554,7593
92531,38543
84190,10937
98562,9233
102014,8312
105663,18946
88795,8263
83227,5551
97436,4965
101846,9199
80332,26332
104483,21307
97675,8862
87703,9958
105829,17020
97495,12563
97230,17083
99232,12017
108036,5718
90470,17979
91410,24832
87856,9829
97072,13692
98581,9019
96021,18814
104873,22014
82366,16755
81093,12061
94091,18421
105502,23020
81212,26463
78477,18550
86344,9575
87337,9379
83364,11666
105029,17471
84927,16400
92467,25629
77390,24026
91159,19256
86919,11063
87364,15781
96009,14522
80050,23812
97335,19561
82533,10438
88494,11207
101773,3964
84410,15314
90583,10059
97361,7838
101276,9562
92452,20432
107354,8647
78584,33307
80128,14908
88645,13289
86622,10282
81676,21433
107409,26789
101162,11513
107883,12274
84824,10953
96253,13266
80764,17822
105145,18391
76292,20900
85405,7730
105373,25931
86540,13816
91362,28789
90075,10453
81886,11051
99080,7208
105235,14672
96437,22909
83205,12408
94569,29188
92687,34245
85951,16293
84977,8348
86143,18526
81763,12632
92970,26133
108286,10400
99395,7053
81779,21379
82131,15428
77833,11815
91949,47249
84571,13953
81403,31478
86275,9805
98103,7538
96519,17690
102141,13570
95016,29076
102800,17615
102275,9695
79437,19403
99129,3082
102738,12995
88502,13132
83847,5973
82098,27097
97608,10965
93635,48975
107415,17084
100604,6199
95825,15335
89837,8893
90563,13987
87183,10525
82030,15701
100952,6117
88907,6676
108136,17844
99824,8177
108052,19126
86157,20122
95635,26234
76024,22320
92449,15180
101870,16898
85896,10510
102465,6295
80302,14956
104316,8071
95294,31784
106995,44715
86510,10346
87250,11885
86483,21143
83417,14375
99580,10503
84527,8271
86193,14212
98832,18521
89427,14060
105172,10323
100800,13541
81313,15112
98110,11310
83944,12902
91420,22027
79842,25529
98350,12086
104288,21584
96086,15285
78566,21839
84457,16600
88685,13601
87157,10733
82023,24366
95492,26168
84139,6407
89309,20122
85676,8333
94553,7876
90271,6972
85678,10167
86238,7362
104335,13278
83609,16727
92930,19225
101478,7124
86537,9698
95350,19940
89176,13313
89383,11258
81369,27974
96749,6764
95414,31299
91568,28550
92425,29332
107079,27589
93550,29964
78972,22414
80719,10322
92919,23064
84505,11167
103401,13635
97516,7783
91738,16284
81664,10994
108017,11078
94154,16142
94015,23577
78990,28896
100198,8859
91258,30548
95886,19537
80048,43790
92615,25750
92333,29414
85637,6241
100681,20099
86280,7817
88934,11659
102926,12779
88415,1787
108063,14853
103273,10100
79468,13197
91285,16203
99111,7414
90686,8465
77458,21383
103540,6713
98158,14671
80240,33878
93032,18335
92380,14838
91853,19709
76049,21650
98852,23204
79019,11995
78009,15195
79038,18933
106404,10604
100619,3799
82348,26648
83844,8242
101370,10862
82900,10706
77014,21777
94704,30903
105395,18744
92471,28483
82964,19360
80223,65170
83523,12064
84395,16081
77474,20864
94649,11316
79826,11314
81786,14878
106749,16716
94115,31400
103835,7778
83617,16273
106555,12269
86868,9839
105245,9700
107495,20708
79571,38102
100328,14333
77453,26578
91473,23266
100493,13383
83383,6894
96482,17382
91509,24175
92051,34330
82251,13492
76054,11625
105927,4102
89426,12304
101006,14149
96504,16455
89053,17363
102578,16770
104576,13698
94137,19274
96387,10922
106040,16704
79795,11330
102216,8718
106933,22690
87217,13736
98953,6785
106935,13246
108160,10998
86220,16847
81017,14346
90319,7116
100847,9897
79811,20774
82324,33419
79204,21094
76561,20861
90313,9775
94271,11385
99090,6620
106261,14469
95699,25433
101624,8255
92096,10818
104402,19158
106877,5360
95341,26501
79252,23016
85039,8313
95172,18868
91340,14643
91584,16281
104972,13955
80896,24650
93083,17738
90855,9133
78320,19032
98584,21099
97117,15998
90267,8587
104276,11698
93771,17514
100654,13560
84833,14704
79006,32789
98734,6698
96686,22564
81262,10448
104374,9373
87939,11528
85868,10100
105505,8305
87999,6489
84535,10531
105765,14780
77591,21542
83018,8035
95281,16021
104629,19661
80247,18249
98202,10923
89361,13080
86384,11115
77923,17515
86901,10041
101827,13359
101756,7903
77041,28161
97753,9849
95848,21995
94827,23806
78247,35185
87132,14335
88911,18528
88418,10987
77238,11706
88359,11294
78818,9801
95395,18288
103416,12173
84747,13646
101608,6532
105437,24109
76320,15884
98937,5205
78233,11586
82250,16571
96164,20238
105298,13852
85892,17436
93834,15028
84717,5478
104176,11096
95319,44417
85002,7750
91460,31142
86992,15892
76228,22461
105611,10622
83256,26160
88943,17641
77394,33640
100873,4763
92464,19422
89315,14603
92773,66008
82489,6931
76219,16177
102904,11590
91039,35506
104890,25331
99922,15592
107007,11594
90649,6015
90166,12050
90837,17797
84748,12804
101034,10171
80579,11466
103124,13151
92022,10068
103382,9284
104089,23988
92089,19423
106395,29531
76012,20436
90152,13090
85524,12646
95337,25187
101744,8749
105820,15605
100587,1712
95224,33283
88607,7732
105741,20007
100550,10276
80543,23363
96731,7992
94235,33600
89536,7498
104062,9349
79870,9669
90961,56057
104757,12646
78702,10439
82823,8346
76387,11960
83860,8315
97853,8097
96491,30181
93018,15289
105464,18764
91589,16970
81040,13683
101726,4933
89843,10424
82306,17885
102706,10716
81905,14427
99194,13842
84038,11964
99179,9433
107945,13632
107187,17215
106729,11274
76009,16916
80160,11777
87798,1847
106779,10438
87694,11497
83225,12605
82371,24624
102154,11082
91905,18029
91831,18600
96829,12109
100724,11445
98429,14044
98046,15058
104025,7761
104930,19685
97711,9976
87985,1516
102005,7679
93141,30786
93564,17757
77719,23779
99873,10870
87053,15636
96789,10636
107871,20157
107192,11196
79928,26131
107669,18154
79401,25460
95320,26806
94864,30843
80654,28803
99193,14104
84375,10717
90211,14226
80720,13950
91902,15720
82275,10058
81465,21683
93508,22529
88780,8149
92268,31601
87172,16227
106818,8623
103457,19026
86080,13508
107319,15878
104533,11681
105670,27205
81801,23916
86611,16217
103251,13710
95313,39016
83324,9549
106920,12528
93607,19475
82902,9785
98295,13816
99592,8098
83209,20174
100342,6384
100059,6992
84964,15638
101150,9652
80834,12536
94660,22548
86817,11183
82881,15994
92477,24994
88843,11517
88409,13821
89464,17307
84554,8259
107456,22439
105815,30778
84223,19094
77230,40839
82653,8876
84903,6868
96636,11533
92293,22737
76243,11270
78795,24042
77946,58391
108033,26843
89601,13487
90606,18119
92249,30028
92624,19485
97695,12136
78743,35597
99859,20437
78302,21929
99986,16099
81908,11913
85440,7805
91412,31348
83964,8145
77867,12404
98287,10120
92675,4996
93893,12922
93828,32033
107502,20054
93726,13628
93097,13485
107762,17627
93545,25148
89831,14013
108065,29024
90388,4881
82017,25080
91025,27259
96293,14914
99187,8312
98283,6682
93590,15804
105510,9986
81365,24356
105805,20081
95866,53575
99079,15459
95673,13728
99311,18993
86145,7373
103531,10732
108261,21105
85582,6251
85281,6455
92591,37549
97180,33860
105998,17385
101355,10953
104286,43616
86703,9421
76535,11445
86181,10539
77004,19353
99367,15310
106001,23518
93179,26380
83031,9910
86572,19773
80350,22907
96375,7322
102219,7344
100942,13890
82949,10891
104083,27461
97140,13033
96421,10549
87075,13349
106419,20229
93602,24840
77222,10356
101712,9283
106666,7651
87295,14145
89044,16063
106433,8206
94575,31899
107025,8118
89318,9186
86030,9085
103483,10547
94536,15178
107058,17428
87031,10879
100119,11122
105938,11276
89724,22621
99480,7246
83017,10513
108355,5592
94711,18321
95759,30131
105168,12977
93791,24796
85850,11301
102333,8217
104407,20834
98798,17604
89284,6813
100823,6222
80514,16429
105308,18270
104612,22758
89638,20425
93794,13465
83933,16636
90413,9583
98929,8913
90959,17793
83414,14476
82228,19603
88669,10349
106815,22919
84567,10504
91328,31440
105740,10535
96452,6555
76038,21966
99940,9530
102377,15063
105229,22025
82158,22820
104844,18748
101203,10408
95222,20358
89529,19221
103230,6780
100692,8397
99821,16639
81086,22738
89399,9825
102445,6146
96444,6043
83485,9964
93778,36886
100464,6327
99865,8731
100107,16945
83973,18027
92032,28032
94017,14649
76046,14718
77816,14026
76743,32213
87201,12802
90652,14831
103448,13677
93642,28730
85409,17386
99777,6566
92216,14804
96269,7464
94298,18876
106667,13385
93716,61246
95754,31291
89379,10043
95970,23039
81911,17284
85652,29605
107793,16377
96389,23302
80000,20652
104440,12689
92029,40636
93473,15232
90350,23843
84947,12874
81870,11771
79936,13040
79910,17721
93467,32726
80387,26514
104360,15948
93150,25756
79119,22508
104462,3673
99548,22091
104024,31584
83480,18842
92501,13760
86740,9781
82165,23523
85963,17502
79487,14815
83245,13798
102193,6748
95449,24435
99413,7166
77176,17088
107260,27174
94187,25552
85664,15882
97886,11322
85384,12548
81228,22206
81930,18553
106627,41964
88081,17771
91651,14978
98067,5738
100814,11191
77028,53199
89853,5370
92951,10188
96866,24528
77498,26694
102959,8264
103546,13821
81127,17381
88867,12310
90099,8095
81637,16932
101995,8934
92382,37180
99078,24907
93118,22354
91524,13520
105674,10026
78943,8455
99513,14001
82972,11469
92438,26853
76466,21979
93315,26557
84637,18613
91553,14606
92093,19047
89774,19368
86455,9522
81999,28796
83211,17480
102893,6527
101347,10732
102099,15461
108532,17831
94030,31638
87114,6769
78523,47400
89274,17364
103663,6783
98104,12102
86952,10671
93621,14589
90898,12993
88902,18217
99135,19586
96645,14617
89265,8231
88536,16294
76788,28492
96496,11270
83580,13345
80060,28541
99910,9323
94254,24926
98982,11191
101182,8091
104497,24550
99215,11575
102237,8725
105340,20907
98398,8144
82895,7749
84880,7468
76633,25619
98237,9446
93475,16165
93644,9352
83331,12958
94673,46440
93774,25424
94872,18944
104642,31727
105806,10022
93351,17732
99440,22667
77434,19864
78382,37148
76269,26151
94221,35459
101103,7719
92917,24800
83521,13525
83915,9672
93502,16532
101013,12536
81762,14662
106753,17730
101173,8571
98602,13658
105397,12097
97067,27453
101378,10987
101862,15361
99039,10491
88393,15854
106130,17609
85828,16519
108231,23413
104898,15485
93112,14179
89768,8115
84354,15343
100168,7140
92834,16391
99208,10486
96108,12486
80163,13583
105455,12835
80323,29466
84714,15982
92348,21117
83603,16434
103959,7581
106728,12859
78696,34608
94150,29734
105629,26281
97037,14346
92850,22690
88432,9341
77436,19568
76469,3814
102030,6278
87669,10371
79981,21954
99662,11547
78260,20995
94555,28648
84628,10844
87955,6430
85130,9957
76417,28620
86241,10422
84603,9440
76645,18858
100195,6954
77467,26540
98126,19403
98081,11966
81234,25710
87717,9757
79724,33312
78643,12594
93113,26527
100597,17016
91190,29134
89351,11776
78056,30402
76053,18924
104592,12698
105891,21588
93731,21779
90123,6361
85669,7596
90040,12926
103624,7892
82545,13867
101212,11013
76510,11825
88673,9635
107913,15766
76619,22483
98461,24233
88455,3459
94543,23831
79082,24347
107039,10247
99565,13569
85597,16522
90908,23519
103741,11654
101177,11670
100246,3018
84497,20311
79003,13326
78075,32805
85527,12247
99400,8421
83118,12062
106176,20738
79864,22059
96609,14186
77968,16493
105349,10023
95787,21865
86759,2224
80898,13229
80948,14561
107151,11597
85395,9243
86612,14795
78951,31295
79546,15263
83345,20148
107224,19711
104509,14118
77088,35978
88988,11393
79061,24820
89758,15420
79439,53622
96411,13625
102234,10011
89720,15245
99600,10023
101235,10191
89235,16624
96214,33257
84205,15020
106816,26887
90934,28829
83597,17643
90454,16291
82998,13149
76772,24411
100571,5576
76400,28348
107381,19175
93102,16754
97419,7201
98844,7737
99354,8210
90811,14395
98152,11897
90157,12780
102629,14759
102111,9607
100448,10722
106531,11936
107493,8390
87471,9648
83607,11176
95488,32149
76205,29431
95394,19276
101050,4404
98680,58066
97176,20602
104530,15521
83396,2615
104984,7040
102081,8271
91955,9542
79996,49951
107833,15607
81342,13811
104936,7692
97105,13318
96834,13927
96402,14410
106575,9306
82857,8119
105504,9093
88261,11601
99175,7811
89160,13218
83875,6642
104695,14663
84189,10839
86024,18334
98475,7226
79856,29410
80385,27295
78287,24281
88807,14137
86288,10320
107610,15246
94375,18327
83385,17033
96627,11386
101257,17038
91915,14719
97986,17540
80806,20988
96930,13708
89391,12465
85423,2001
79397,34351
102565,12332
85590,13999
81920,12439
108098,20274
91230,59357
108021,6757
102554,11952
84182,11905
76770,19717
77856,20392
94249,17952
94729,15935
77171,18226
107487,23177
78766,24049
100849,11505
97721,16741
92837,16731
83099,15590
102521,8588
89738,7062
84234,13308
107428,15252
93895,35639
95662,42065
80328,17707
103054,11136
104950,8076
93125,27222
77393,47323
81178,33719
77207,31317
98648,9308
106065,32438
85228,11251
92787,23593
108462,15462
102896,11619
78301,12552
92584,7169
96414,12445
101267,9403
92934,26569
80206,11509
76657,16377
99365,12293
96142,30289
96484,12563
81767,25909
84926,9306
84961,11010
97487,25050
86753,9415
76410,16782
103512,5707
91899,24377
82404,27511
84598,19278
95115,22976
92544,16878
94011,22434
77265,25726
103378,7841
83828,9538
106142,22789
76564,29172
93718,16097
81110,17525
90753,17335
86557,7685
90778,9468
77313,17457
103914,9062
86688,13304
102878,13332
99734,13518
91581,28438
105434,10371
89221,8496
84974,15810
101055,11789
80952,31727
80861,15884
77446,15672
105345,14663
95204,17525
96228,13600
100840,9246
90096,4475
97213,25628
84188,11175
96571,25709
77068,18896
90711,12577
89855,11575
104858,12108
95897,27330
81849,20172
106143,11329
106333,22508
107165,22615
77133,11711
91788,25556
91418,19313
100158,11238
96982,17826
81275,29111
78741,19488
104961,13053
89332,7208
77546,34122
90860,13064
79924,13096
108433,16850
101702,12815
79340,33581
107333,9289
107963,27334
89408,9640
93686,19272
96129,15315
106156,29485
87515,11844
92980,27973
83982,8251
85504,9583
108354,9875
97260,12961
95437,22363
88483,16148
87959,21678
93858,16848
80968,21397
85754,12834
87723,16135
95880,40411
106868,9906
93138,13119
104747,15134
94889,21830
84681,9232
98538,8457
77073,27487
106730,17739
79208,31583
100127,12742
99655,7782
80695,12891
96818,12581
101382,8026
81239,17422
91299,23949
83005,18036
99363,10602
76302,21845
98317,20700
93829,60535
94188,22066
102190,15845
94901,18741
80495,30828
101373,12104
76822,12927
105052,18708
98580,5985
94567,17510
95144,13396
95559,17954
81580,41132
106874,21395
79121,26772
77257,19979
87589,15914
84579,9266
95950,20113
92510,17585
108139,15957
76182,31843
88687,13985
79244,21450
80690,19420
86259,15690
76977,14582
95716,14870
97234,13328
102608,9378
105976,20775
86505,8118
91220,31616
96558,13115
87444,10966
87498,12167
102631,17012
82185,17652
99403,26808
79515,37766
99088,10318
76226,22795
108382,12169
85313,15069
94499,30419
99934,6652
82376,16068
107765,30977
83605,7461
77701,15799
94028,16442
107523,12411
90650,21175
87414,9435
100055,8781
90566,11803
77944,8505
104365,21281
100010,12528
97116,7242
92053,18630
89028,14472
97021,26027
76667,39285
88020,10545
94877,17654
93946,20911
107829,19921
78257,32494
79067,21570
77650,37970
78087,74221
106695,12124
94630,8148
106256,11169
95601,16273
105796,16337
102585,10291
87265,10531
81014,35738
79536,20462
103430,13171
95642,30164
85927,11888
98965,9382
82285,24054
88076,7082
87977,8246
93013,20943
86356,20528
82657,3027
104960,10415
84159,14554
102831,7195
99907,11744
95588,18643
87604,12671
104688,8512
78457,31454
89007,13801
104449,17265
97888,20169
83178,9219
81940,23199
103932,8379
93309,31008
108001,13019
104771,9331
79382,19678
85883,9483
106425,13033
83165,18978
105632,22553
77132,29127
101743,6952
103628,15172
90647,33969
84997,7880
91158,28968
102727,8366
83926,21812
105492,14558
84091,6694
90093,22369
97013,7833
97421,12715
93503,20437
89921,6964
94294,28836
88049,5847
87152,10327
100030,11701
81887,22454
92813,31190
103849,11353
81370,17030
100077,6411
96215,16343
99477,9869
92453,35422
79103,23993
83988,10429
82753,9682
88096,18411
82591,23471
78600,9866
96130,14224
86532,11542
78212,18435
103099,9952
76517,14918
85372,12036
87192,10741
89912,9230
100674,17436
78362,18151
80234,9898
103492,8742
91876,18195
99906,15874
86556,16055
95439,21654
89552,13086
97510,17763
77027,24319
96651,9460
101124,5300
81564,27802
103834,10829
106120,15028
108302,12048
95258,27750
80241,10000
103079,17787
107671,19347
105451,12408
100581,7176
103200,10489
107958,25725
80508,14723
86519,10445
106014,14320
88647,9036
78370,20232
80157,43525
78549,33201
78346,16084
102025,9301
102642,12135
101566,12831
105090,9261
102879,12111
103116,4791
108181,21209
90077,8994
87209,8020
78488,24121
80235,46365
100754,8864
105566,13105
92772,20195
91123,30571
81751,41162
97826,32327
79668,21585
93067,10494
102583,10394
107690,17250
87693,12867
80476,8723
81846,41997
104885,12388
97224,14108
101301,15166
77468,19202
102865,14141
89933,18403
80064,15900
102316,6244
78861,11250
96856,8470
80901,33538
93880,4817
93155,18478
95490,27908
81179,11329
105515,40294
93763,30195
79292,20216
79547,52105
76889,15993
92884,19448
100959,9941
103931,10717
87109,5578
85670,13082
106941,18390
82237,28090
95369,14305
104098,8391
88392,7934
79992,13524
91429,21885
93131,17034
102287,9542
93988,16024
98533,12239
82402,31420
100838,3809
100418,3100
78723,19867
102054,18691
103873,7299
102429,4547
92423,20645
100306,11134
95398,28195
98509,6276
76571,21107
99096,11532
79974,34631
86070,8923
106407,18810
107921,6196
99358,6324
81645,33430
82190,30739
104692,26937
93221,13793
100438,13786
91444,20714
81053,40471
91363,22685
106954,20338
106654,18769
99522,11484
87009,16920
87909,11280
77419,20438
97652,19289
99779,12569
85584,14683
91829,18185
88101,17705
100556,4496
90352,7849
83282,15046
83007,15402
108313,11878
78810,7106
98828,23722
96114,6535
79191,23012
87297,11410
95877,13571
94139,39617
100850,9143
94945,54957
101089,7901
105691,16438
80668,14127
81214,32418
87518,14765
105030,15768
85923,6365
83311,13679
98855,9947
104159,9234
82779,9845
107742,10505
105468,25197
80455,25761
86388,18472
94821,49553
103268,10064
102051,7309
105353,23202
80456,21409
100987,10293
91198,27677
85153,12929
103654,12981
108172,10315
86497,10537
105311,8912
83207,8925
103088,13540
80581,22338
94590,24217
92857,18723
104990,20246
106022,11013
105717,16496
93403,31752
85166,14034
106430,15040
99092,18682
91093,13641
88851,19074
98289,25288
105096,29316
77047,19743
104430,18977
89790,5336
95496,29810
99397,10747
98691,7504
76750,29548
96768,18074
99671,10130
100893,15408
96376,1906
85359,17112
85526,18558
99471,6920
100718,13669
100408,6690
99396,12469
88571,18594
82056,34426
95339,40962
106966,43491
87419,16678
107951,8980
89086,856
81863,48867
85352,7632
107573,11642
85160,7948
86447,14447
85129,16028
81978,22715
76538,22109
96475,15097
81872,26345
100975,6203
89846,8831
76813,28310
79861,10554
85807,9895
100520,13849
83614,10437
101194,15112
78639,28621
97237,8218
106299,12314
88307,10189
85314,10308
105736,14771
80065,9998
92131,16870
88644,17748
76738,15306
105697,14139
87316,9610
98209,12771
96229,17568
100262,4821
100999,8898
107614,10044
80838,28981
100986,14988
78593,26178
100441,5198
82682,11072
78999,32809
93261,14695
80075,33963
93655,29948
100596,16681
104232,25482
91804,42105
77995,16023
103787,7125
94205,23596
85358,8249
78658,18008
104647,16403
76044,22230
76998,10482
90687,18206
88724,21602
89881,14156
77162,18665
105640,14895
87663,18110
79472,13494
105402,9680
93024,27396
88764,13443
102845,14030
94779,18291
78682,11808
95089,48664
92437,10345
96574,7476
80215,8374
103217,8429
96957,21374
77332,15074
88904,18136
85813,19299
90079,17924
106345,9757
93236,21279
77551,27677
98682,10526
77482,27670
106734,22547
96167,15118
97901,7900
88753,16822
80085,20996
101127,10615
89915,8866
77818,40146
88216,7759
88372,13997
83811,9145
82936,10672
89742,6800
91673,28465
96257,14439
87975,14370
80305,28556
103204,6555
87651,11170
97692,20631
79587,17946
78081,20820
90382,24546
101784,16110
86751,9826
83746,7287
107367,23640
102824,10385
88861,10591
81296,14130
93069,22357
87324,23168
80156,26123
101653,17166
106220,9533
106598,11378
100402,9727
76609,25680
84956,14318
95576,27477
99581,7896
80485,22728
77166,30168
76018,11241
104735,12214
93333,12336
99795,9146
89839,9128
82759,12817
78936,25761
85749,13521
103893,5051
80488,15898
85554,11014
90240,13886
106288,16349
77948,10920
102329,9398
100162,13018
88576,16717
94039,16273
94453,20954
87879,12837
82862,16561
102535,15623
105231,14478
101295,10216
103639,17826
100996,9941
90885,7035
98058,6769
76405,19407
81140,10523
106762,1409
77805,18619
91903,28282
103506,7597
99841,11194
86237,13192
76010,25518
90547,16200
97073,9893
96345,20292
104803,23688
97547,9088
80566,27623
76686,27952
76532,16908
95342,17016
89227,9289
100141,11111
78308,21361
89064,13403
80510,17702
88585,12851
104610,19577
82104,9685
82975,11937
89065,10554
101733,6076
96657,16018
86410,16115
97079,12965
99980,7549
83405,15569
94937,14253
88990,11239
100897,9896
89852,5828
79720,18900
87573,7941
77570,53127
101535,5108
106853,28778
90614,14160
99883,23909
90053,15518
85345,5608
107848,11633
93445,29298
80275,14908
78979,17886
102516,13080
89258,11283
107117,23970
106721,7971
92982,41761
83496,7516
81803,65628
106993,15341
103294,19590
94098,13638
77532,14779
89286,10411
89501,8339
95186,18532
92283,31356
95290,20084
96893,8579
100971,10358
78080,27109
99131,18249
108281,5934
100144,7092
105273,13688
87851,14105
108128,11039
86420,9580
88534,7878
91836,15696
105068,10009
89909,16459
83912,17956
92078,30681
97169,8945
89505,7759
84000,10993
95770,23231
96966,6362
99958,12743
93263,33423
85201,5229
87858,11071
76733,14330
95475,18474
76959,16856
88587,6615
106240,8981
76297,28538
96655,12730
97329,5960
104459,14928
86218,9660
92652,28354
87708,9936
89003,11066
77758,8830
80355,4210
102381,9787
102034,18229
85449,16493
108344,11525
103231,11329
88619,10224
91294,15665
91671,42039
89398,13116
97449,12761
90985,19282
95931,32950
91207,15557
93227,47994
83380,8091
88517,5033
94074,26586
83286,15901
78621,22935
78559,30136
95517,20254
90301,7419
86982,16115
79155,12747
87645,12931
94734,18731
80776,8832
80191,22904
81665,20281
95409,26938
107275,11463
88752,7391
85344,14042
96113,13466
89564,13324
83351,16302
77727,20824
105427,12957
86511,15524
96465,11684
81345,27517
102204,7523
91518,50028
103030,7455
77586,26361
81802,17738
97913,19135
106159,18561
101107,17013
77988,27082
103558,8051
107080,9635
103080,8140
81729,31698
76576,13471
81302,31275
102815,6817
76838,114854
100835,7092
92600,24985
98836,10123
107734,12013
103146,8485
92838,30735
107210,15699
87193,8168
80803,22827
99014,28465
81317,14742
105975,14810
91289,13478
102427,9084
88770,8961
93130,16061
91428,31206
101880,8063
96317,13907
79846,8491
76152,29746
98591,9612
83409,12936
98307,6717
81931,42116
90083,7049
77773,15576
103635,10310
90621,7422
91055,19460
82011,11318
84194,9839
107360,19523
89868,13504
78774,17565
98229,11457
78895,12904
104821,10532
88829,14946
103561,11011
95077,28124
77218,15224
96894,8211
102467,8927
80026,14187
81904,34455
79212,19897
76081,25896
102446,11554
92123,31118
99505,19337
90701,32818
94131,31855
98499,9753
87292,17257
101982,7182
79507,14524
80367,18226
87303,9259
90939,19817
105990,23073
93538,29594
96747,14647
96705,12545
79540,23847
97104,8341
83406,16517
105299,9831
106722,10170
105452,14618
87290,8133
81467,17435
105170,25360
93330,17962
80272,19928
107730,18635
96010,19772
81845,21512
80811,12386
83571,13471
105322,18733
77762,15939
102039,7181
89712,7783
89635,16567
95445,30147
83168,10992
97583,7933
90719,13896
83437,19205
95182,24560
85203,18659
103788,11806
82303,15209
75983,34472
86812,8429
81841,30981
84828,7272
93783,27761
107916,23915
87430,8017
104874,10709
93137,16921
103047,5638
102110,8099
91435,17758
86558,13327
95141,25571
101513,6943
98883,7268
84488,11122
77317,27843
76345,28526
91779,26401
76882,12112
90888,9556
98663,10248
95756,19404
92853,19955
105681,25331
100628,8307
93663,16745
92183,24417
87635,18206
104386,29952
87388,13543
77217,21461
96722,18154
96916,13739
77168,52197
78963,13585
93780,23165
91677,25205
98082,8870
76229,17707
92338,25229
84178,13352
106784,10670
90742,3441
96034,18896
98064,7795
96973,16332
102048,9179
106484,13346
105759,12758
93589,30126
99057,12828
80757,13739
89636,8217
83495,8096
85277,11483
91843,37954
107118,25803
100387,13729
81885,26934
105369,18673
103588,7652
89859,18878
99533,9976
107533,16105
103667,7540
92303,24089
98400,9993
107283,10345
77352,30211
83662,16738
79661,26509
102007,12508
97793,12794
106968,21537
91632,22891
79763,29941
84785,9702
92155,14792
76625,27583
107370,10328
87638,7850
96040,8132
97299,15647
81301,19399
83192,16993
105291,43480
87135,13243
75985,32287
82125,7568
87636,10922
78783,32443
78662,5113
87134,16947
89451,7204
100098,10561
88589,8266
85831,15234
101724,10023
107345,19900
88336,13035
105588,11052
95273,20445
101163,8671
77479,9129
80339,24124
86561,10211
90365,13482
78103,14804
98617,10904
77621,34831
91901,23630
93087,19932
82739,12977
100953,7758
80117,19378
84174,9960
106828,18143
90803,17783
85910,11277
89576,8815
106572,20483
88570,20471
95066,23695
101114,7483
90936,20378
99197,8103
106363,8379
106495,11957
77516,9011
88093,3018
95483,12960
93513,73695
102348,6391
104779,11635
90381,15525
90866,18681
76005,28328
83160,19097
105547,13832
102598,9597
104485,20092
88186,5052
100958,6482
93967,28660
93296,17958
102906,12277
96380,13831
93298,25954
84722,15744
76718,20371
80056,27036
78850,17598
100715,8683
97058,23060
85906,13472
102477,7638
78624,49713
104387,18452
104252,11922
94178,15837
106337,21120
105385,15597
83119,8874
76930,18156
78083,26463
97868,26700
81081,8205
102325,7975
83604,14518
107825,5535
105577,23294
107308,8925
103876,16366
97378,21973
89508,9449
86933,10938
100033,10988
84820,16036
88884,11333
105458,5957
103164,9380
101838,6130
97811,28252
93826,24721
86364,6831
95317,26185
80613,17094
78372,30898
83283,15825
93249,29398
104303,32931
87973,23076
89997,8584
103013,7139
85570,10647
102979,6049
78598,9279
101402,6098
87313,6073
95505,19429
79319,20237
95230,31863
91808,19828
98678,9991
84270,11810
84932,9754
92433,16941
95944,18670
101180,13911
82624,18080
80920,20380
99771,8573
86425,17087
92191,18952
85940,11611
97391,15589
101341,6667
76066,20086
93226,19546
108367,10138
83144,8612
82764,9710
85112,17728
97167,13385
105808,9032
108416,26960
94695,38898
100332,11365
102829,7966
83817,6646
92304,26316
104385,8472
77858,23888
104454,13696
100292,13925
88759,16226
81746,16486
98246,6383
96680,9075
84163,6732
98135,12219
75975,29472
92064,13698
78732,20785
99528,16879
97651,13847
88195,10451
85398,16419
105940,9622
83822,8593
79148,21058
101011,11933
91642,25954
92277,31209
78438,13472
103126,7333
90247,16114
105738,13913
91585,23572
99313,7451
78484,10731
91221,41511
102068,16099
103027,14435
79594,35177
78290,19745
83059,11954
94542,20206
80450,16138
86055,13506
77128,23744
78459,23202
106614,8187
100580,8994
79200,16543
90988,17402
95354,58744
95524,19679
89514,24528
100494,7767
80365,28213
100498,6043
94820,23109
95203,15420
84845,15640
103726,9530
78164,10482
85894,7887
83974,11410
100042,7549
82641,15533
89331,9766
104138,20400
84136,16191
93037,21339
88791,12569
102077,10871
81882,22776
98035,10554
108194,22496
101297,8361
98938,12878
98486,9607
83293,8938
96404,12268
90115,15524
100205,6613
81271,14746
99430,10499
106622,20269
80213,24404
106624,19133
89907,9107
92178,14028
94849,30740
83585,7756
85742,9372
98510,11309
95629,33196
86114,10635
104028,24237
78862,14662
100720,16010
97302,6456
76761,15425
97918,23815
95704,14235
108116,39904
101381,9070
95542,17085
89609,16452
79374,11631
97399,12599
79350,13277
101700,10294
76556,19478
85945,9419
92706,24502
98698,12003
98683,11939
95706,33665
91170,32054
89870,7082
105665,24513
76774,16350
106996,11786
100111,14761
85146,10234
87623,9541
106125,17247
81146,17183
82472,14673
106621,15940
92229,17329
100574,9695
93325,21398
88820,11934
95448,26416
94293,4475
83682,16519
82826,7017
78729,14589
82431,9806
105701,26776
90828,15109
88782,17932
90765,22060
89779,14539
93973,28502
82915,10837
107131,22059
78143,33030
101557,12650
81060,22132
88032,18038
102913,10152
84050,8322
97797,12765
99183,4328
81588,27937
89819,21898
86947,12470
107568,21939
92085,15984
101729,10504
89417,13351
89797,8064
89349,12031
86040,10996
85454,10623
78374,26751
84084,8464
88370,11343
99555,23653
91675,77625
87112,10501
96235,15920
98203,7065
77675,8664
98775,7875
81614,26943
102391,11746
77097,26291
80494,29133
91050,27519
90412,7094
106318,14994
88976,19097
95898,25880
107839,22346
83737,8968
99929,13589
85736,16220
100856,10605
85708,13939
90131,9464
94568,18517
96466,26768
100117,11764
87585,6678
79106,12679
80237,19886
91302,25260
83945,15475
80650,22709
95104,20359
96677,6395
100682,10524
94464,19293
89293,14602
102107,7162
92219,26215
87853,16506
95391,20414
102232,9848
83035,8646
80636,12713
105398,22787
103291,10200
78340,16461
107130,13869
85694,12016
89901,7295
101501,23189
92797,54071
90279,10267
92115,29430
105910,11169
105226,16279
94797,25549
88857,15901
91374,19537
106841,16778
90283,15738
95421,22673
102374,4185
93581,24452
77463,37606
94949,21348
79220,18756
82822,21772
107897,6474
77398,48220
99943,14782
101334,7008
78664,13320
98917,24646
98320,14040
86414,13233
106690,13835
103656,10594
82816,16733
92595,19403
89058,9744
90981,39236
84545,30521
85121,10698
86786,8055
104318,9004
101816,9997
85525,8650
79169,21523
90473,7996
76459,33603
91881,18665
76343,15431
99475,3825
76756,19851
105158,8404
82355,30903
102382,10995
102739,10921
95595,27501
92655,20143
93230,20477
92502,28448
78020,10961
76077,17765
107845,7828
94272,68819
89239,17291
81657,24002
79605,19243
92466,27327
89062,23257
91866,21143
87629,6122
94495,19253
108301,9503
97893,14630
88636,12198
76642,11134
97723,6606
99689,10891
98669,9171
107547,29986
107324,20583
96837,5806
87607,7048
77412,31023
87012,11805
106509,27075
96290,14172
98997,16898
80784,13689
79231,17138
99071,11751
95343,58280
106067,19312
99385,26424
108247,26275
92030,42563
106907,17862
83305,10606
77537,11244
94191,29050
106218,10078
90895,17553
87733,13899
85938,11996
92778,17950
104351,24220
98023,32689
100496,10560
99703,20687
97963,6120
107514,14399
90147,16212
78976,20728
87951,17218
87689,18555
95720,34771
81362,13621
88028,8645
101241,13510
77282,20009
87318,12118
95832,14829
93146,19173
105053,28539
106782,21999
95641,24711
101467,10527
78487,18729
97221,9177
88550,13518
102969,11447
91727,31335
102790,10470
90218,10118
95243,51506
101112,7959
85231,10392
108368,16911
84764,6577
104560,22149
88854,9468
96342,27260
97363,11005
87222,10179
85750,13356
99457,10146
105834,7903
81230,13578
89905,6606
99107,11988
97725,27706
103383,7959
101881,9335
79274,35768
106126,17723
88014,8000
81379,20923
76685,12149
81756,33413
80382,20578
87661,9680
103160,14719
81893,32720
103538,12603
101780,8889
81384,17596
106350,27693
92907,18622
99538,13978
79214,17743
101909,9942
107864,17301
100524,10255
84466,11978
105389,21967
95621,16629
85294,5648
101831,12589
104539,18478
97418,24389
84417,12676
87082,8216
90484,19604
94455,25950
88204,12864
102964,10305
83265,12266
79644,28145
103662,11362
98160,17939
86602,18670
96773,18749
106258,20208
93161,24989
84913,7048
93566,28627
99048,9123
105009,19481
78907,13313
86767,14616
91280,35591
80284,9862
90664,13253
82570,12504
97344,5771
107585,18248
88462,12159
97190,9118
105578,7946
100275,10048
101818,4079
96900,14548
107149,20478
92413,32671
79385,33443
86389,10499
95212,24611
76373,20658
78959,24119
88737,5744
92016,37693
86224,22284
82578,10235
97155,8513
107701,14766
100516,6440
100278,15732
88637,15620
82527,11486
84753,7629
103714,10804
100322,11707
86770,11999
81754,33551
88214,10230
104113,13668
104421,3480
97736,8356
103535,7514
83206,17099
106330,9333
102339,12851
87709,11893
76492,21983
77728,21272
80481,19559
103158,8254
88892,13146
100388,10519
92082,30841
81236,27145
77042,12800
91157,26487
84392,16860
93436,27118
106487,23466
76638,12175
100756,17639
89769,8383
107047,26731
107482,13795
77672,49551
88137,8311
94234,47472
100690,9367
104730,16166
80889,57552
83038,7696
78952,11294
108324,23362
89723,15473
84963,7643
82834,17282
84141,12678
94870,30150
97980,20513
84101,11350
103187,9563
89617,11567
107178,9164
92448,26504
105739,13056
94934,16890
106422,9423
84357,7481
81219,17128
96165,9371
89437,7782
107434,26123
104751,14072
79869,41779
108255,21113
93706,19451
77694,25736
106112,33878
79750,22761
92715,27021
91183,22039
104425,15818
91695,18042
107783,22361
80023,31268
106551,12256
88253,27826
89867,15083
83678,15666
105660,17939
88202,10533
95119,25173
108260,12773
83078,8044
82345,19285
83217,9900
87850,12539
81035,49006
79575,30384
91737,16880
87829,16208
83729,10267
85611,15649
98402,6817
92385,12344
86408,11723
86059,19286
95741,45698
86739,9241
78929,25656
83842,6348
87907,11418
88079,16151
85643,11253
81382,19769
83493,9029
93460,38315
80412,31334
88171,9519
99783,10732
102777,9590
80663,33400
77531,11191
86865,17445
78461,21277
107352,24320
94120,9818
79496,21937
80515,38139
91344,44793
79373,34864
96220,10197
93246,53208
106908,10174
78245,36017
94731,16607
90402,6723
76206,51576
98559,10336
88796,13500
85816,17440
92649,31375
101935,11154
105463,21136
87365,7948
95227,29807
93234,14051
85937,17880
101266,12018
99571,10637
85700,6252
107102,10273
89204,8420
107013,9009
89174,13665
105413,15712
97676,7371
97236,6357
103159,15985
86515,15048
95748,18793
103941,16800
86393,11397
100154,7781
96775,14529
85975,15598
80620,18279
91545,22680
90512,9002
98423,13096
98191,12515
92713,52715
106242,17828
96941,7685
91711,16219
93194,19398
84431,18314
106092,10003
77699,10837
107042,21610
94581,125135
94719,26310
103203,9864
90527,14442
105553,9940
86257,14404
108539,8410
80580,16456
100564,7732
107330,14730
91726,18890
102084,11645
87088,11805
106757,31977
77040,12937
83253,12673
87231,6275
86913,6803
100372,6235
104194,24464
91979,11564
82139,17192
82434,10380
95418,23484
76862,29780
76939,12989
86454,18261
98632,24976
77936,30251
85823,10308
88035,13478
90469,6217
77882,28247
91663,19782
84326,19960
107834,13939
102220,13206
105246,9720
107828,22343
78808,10498
87428,12695
83186,10593
83578,11949
76948,17539
78241,14940
79743,36745
105523,6567
90957,13649
100382,10002
76105,15406
86104,6146
101922,12997
76554,17799
106985,21664
85689,12423
85008,16134
91965,16974
76366,33635
86191,14925
99663,6688
96285,9311
104099,19397
99056,9039
84374,8665
106354,24346
93698,45568
96634,8868
84156,8576
108084,22337
87399,13550
105466,25482
80586,26862
92580,8840
101845,4769
84566,10526
90141,6924
108378,10768
98277,3187
95092,42010
104064,22596
107637,9628
97365,14897
96955,13055
95760,17131
95872,24010
96240,16619
88163,18072
100611,15866
78881,23295
101061,14567
107426,11491
84044,12354
104552,6621
94780,11632
91863,60999
100864,8988
81237,18727
82136,19899
95905,13381
106384,4503
104293,20421
81454,19023
107302,20747
104291,22623
82868,14089
97858,15867
105855,14229
93166,17692
94741,28979
90290,14570
89573,7416
78623,11821
98815,10557
108391,7884
84762,9729
91318,19596
79163,18072
95977,19401
85867,10459
88322,9694
79623,24537
98269,9007
99650,8934
107902,10285
105941,10460
81949,11927
79343,25635
107578,19154
99489,6780
85577,20026
96815,9753
101625,15408
77737,14588
104092,31680
100181,11522
104928,6820
98913,6781
91602,35135
83876,21222
89307,8710
94093,26280
90665,6561
89424,14869
89966,15561
87512,15648
93925,17608
92819,42623
93100,31234
84387,11819
102337,11100
96351,8101
84790,10177
82257,9938
99957,15912
88917,14604
95068,32041
84509,15828
91624,30613
97851,13125
88699,15181
100216,8983
103752,15298
86444,15210
96692,13606
99855,9458
80299,33384
106960,6574
97471,19181
84560,6800
102670,9883
89279,9591
101965,14436
97569,14866
79614,25273
91772,28813
85007,12309
106561,17620
75994,21655
79691,34698
89364,17219
78875,13885
107066,30425
81507,26386
95249,21105
87015,8943
91324,16835
76752,7332
102171,12986
101910,13966
103619,15479
100128,9020
79404,26135
93180,29665
98208,15868
79595,20797
80232,28456
80698,26735
77442,11212
89295,10708
107982,7754
104260,9156
107081,6885
84397,18448
76341,12447
105837,21487
87758,17442
89085,9729
85464,6200
108404,9789
87357,8518
96567,11079
106723,6247
102198,7094
97673,10203
94078,19676
107507,9998
97681,6312
80033,7086
86656,16664
77797,19761
107699,20472
86945,10502
105222,4188
104904,12087
79731,11628
79205,33185
94275,43639
83219,11739
93926,30230
77804,17552
84512,16544
77215,10867
95226,26633
102992,5790
98108,12758
80629,12378
98788,13869
84971,8916
97484,13443
87887,10205
104294,42329
84316,9046
105685,23333
84866,3528
108412,25572
83463,17000
105005,17757
94134,15907
87832,9380
106089,8578
90745,6930
93579,10451
77750,31320
101618,5932
101148,10704
91084,17036
87106,15505
89045,8821
100365,10719
107100,19155
89836,15206
90463,10721
95908,29124
105700,7286
93105,23928
83244,15330
97603,14154
93616,24616
94245,23905
90752,14607
99594,13334
93068,35045
88443,10916
92592,22671
99796,14472
101588,6776
89633,8976
99577,17304
97165,4482
95686,13933
79266,26013
76351,22586
87457,8230
90220,11567
87855,7178
79818,19137
91024,23571
97908,12079
101556,10255
89750,7913
107781,22787
94151,11144
103214,9810
89012,5863
80997,25177
90002,15235
88243,13022
77631,20157
76185,40328
102767,14162
96776,23179
107630,10117
97550,10515
91871,16808
84499,14142
94523,24615
95467,23204
91735,17213
89874,14147
90168,7889
76765,13289
92590,24897
100529,6635
99330,6383
92566,27237
85303,19673
108401,9560
107621,9176
80471,16631
85478,10902
78386,21286
105016,16688
76807,18658
85036,5493
85428,10320
85783,9636
88510,11148
89262,20117
89136,10737
77193,55863
88928,7456
85930,16710
93387,23892
87348,11212
106766,10782
94358,16100
81582,12394
87880,8505
80554,31757
103295,10561
86265,7036
85650,5760
78496,9652
90155,5443
108366,18346
95435,13102
83433,18895
97917,12016
80755,16699
106070,8918
80354,18465
98453,8177
100106,11776
90408,24778
83615,21856
82425,16121
101993,9759
94522,30705
84782,9174
108223,13049
96160,8811
98432,12640
105363,10196
100535,5786
86591,6560
104667,21067
90913,19354
88935,12737
104570,12355
83610,13356
92006,5266
86169,18489
82827,6622
86592,11126
87212,10390
97120,13189
77359,16095
104752,17700
97296,4128
76528,19927
94678,15558
92677,16504
79068,17115
79258,14933
85903,18105
85139,15809
93427,18333
83820,8940
77286,24708
99210,7037
87068,11594
83423,6924
104277,12956
90679,14800
87218,16329
85604,8113
81045,29780
99525,10026
102332,9816
81248,19169
94626,33392
102031,5686
99240,20704
104198,7544
103296,2361
105530,20702
77830,12951
107707,45261
99875,51232
107727,10011
86279,10696
78738,18979
77514,17586
83235,9218
96964,6263
95157,27104
84407,7403
107930,14231
100103,16099
97895,13759
96823,26020
85448,8259
99246,13725
100586,16958
84536,8490
79744,13224
89433,7142
93466,17143
80628,34210
105144,27702
87407,15456
106295,26315
84239,19318
89362,10937
85099,10737
88071,6178
87696,10797
102512,9790
95911,26606
85069,3993
77710,27453
106234,18371
96338,9062
76534,30832
91330,14565
99229,12133
79318,14753
87465,16423
85327,17955
85601,16839
84287,19993
99523,10939
85692,10269
101573,6183
97295,8322
106567,8187
76031,8623
96219,20266
103153,9752
91126,31260
106188,22816
79174,14160
102013,9262
104603,13254
94006,22134
108326,12467
78483,27956
85801,12872
93295,21884
107744,13659
100171,5423
106558,7653
100806,10807
87732,15061
96227,27149
92111,20570
86147,10533
89519,15710
95271,25882
95264,26940
102294,15408
81966,14680
103012,15410
106989,10531
96772,15819
102972,9959
96306,33327
108418,28281
78045,14159
88095,20349
107561,20694
81795,8020
106736,20144
89308,19900
92852,27552
79486,14283
102942,8639
104342,14034
92242,32612
107000,14740
101869,11597
103744,9884
92316,20097
100386,10342
93123,66881
79755,48234
103598,13214
85309,15772
99062,6050
106747,24836
86675,13536
78833,12934
77194,16057
100977,10664
80837,23378
89253,18752
99368,15605
82058,8446
88519,15813
91242,30889
80897,26355
80505,10329
77645,29607
100818,12018
101021,8377
80028,35311
105669,15120
105092,4726
85973,10944
101110,17557
87926,19333
102411,19539
86210,11903
106999,11018
86228,10780
89278,12878
85460,16048
100527,5002
88852,11851
105762,16839
100149,18603
80290,19102
85953,7992
81492,16293
76831,19213
106123,18829
81945,32192
96796,26239
83848,16230
76568,18651
84777,5862
85159,11576
86943,11952
85719,13419
90325,3083
102061,9128
77924,21815
85093,7315
101892,15420
100848,10744
98725,26451
83883,7365
90754,8065
83803,5555
78486,11926
82705,10060
81532,47718
108285,26182
83833,10745
98263,20279
87000,13672
80673,21597
78206,27526
105718,7821
93533,20615
92133,29570
91065,24860
87899,19578
98017,21692
99570,7971
85188,16023
101319,7325
100142,11647
100019,8640
96598,11441
81397,25215
89238,22147
95758,17688
91540,15987
88474,8630
83465,9037
103092,11580
84968,15508
77523,21632
93366,35155
90815,8176
86902,8839
98479,6600
81068,32110
93005,12378
79216,24073
87027,12056
97332,15516
76700,30518
92098,21765
90564,15238
85106,18188
107907,20211
84142,6511
76304,26542
83000,9809
89782,14788
76184,3470
107539,10777
78236,30661
82316,20352
106526,9971
94138,22007
87340,15253
79516,19372
77411,25523
86680,9770
95225,16954
92224,29293
94791,17992
102989,9979
80765,17526
85393,21516
104860,19151
102484,13387
103672,11047
82448,14800
85479,3022
94775,27622
98729,22443
76893,18152
88144,11859
92369,12962
80841,23406
76791,18164
91845,15544
86949,9729
103913,19593
85869,10565
76426,13943
85214,20844
95332,21241
85821,11102
79430,20203
104573,10385
105788,15896
104867,13759
106367,23712
108241,14727
76913,44292
78712,35078
87769,9567
80169,18769
102028,8480
102001,10902
107798,40466
80044,49514
93757,16849
104233,20505
84195,7530
84096,8064
82336,18503
90423,19365
81769,17565
79650,13670
84837,19107
106303,9169
98551,25935
100452,10561
81161,25184
101116,8072
93465,16999
92749,42388
86281,17879
95586,12061
78235,28912
102754,9676
100017,9240
102637,14558
98192,12528
96683,16003
103968,10318
89159,20395
77752,18761
78526,22760
108387,23261
78659,25129
77013,19516
106480,15196
93920,25887
92912,18585
79044,27908
96831,5370
83502,9628
99420,4288
93785,11888
83739,18369
87018,20204
93773,30236
101674,9577
91655,25286
104412,4754
91636,25109
91101,16083
102437,11696
96958,13687
83934,11234
83372,18975
107296,12965
104909,19690
103886,10038
98858,9753
86276,11553
98148,12889
107294,23253
81812,37914
77997,18915
104626,10098
102424,10251
84992,10428
86867,5245
93370,21565
90804,18534
76001,11983
85691,11131
76328,49260
79143,12978
91356,8578
93553,19437
93673,22485
108239,9780
99923,11468
81616,35382
94433,25171
99985,14375
79648,34440
91423,44357
96581,12732
93321,55643
89736,15252
82722,6359
76093,33720
82767,9336
101615,16099
96585,9734
81552,16581
89656,15406
76301,14607
80683,40135
95638,14911
78343,17625
81495,27933
78517,12209
91764,15060
87050,21625
102877,14112
86844,11463
94535,15318
80871,11325
81126,8989
77182,18151
89335,16241
99612,9817
89041,9464
104165,20621
79096,21810
76051,20575
99599,15263
107763,16471
106646,15653
88985,14743
107109,26447
85110,15518
96907,11418
106806,13459
105409,10341
105449,15091
104042,22277
101299,12166
102434,17574
96363,9315
93918,12623
80842,52863
91578,19144
90458,27338
82186,22220
99767,8424
96898,30788
77755,21051
82958,13672
89248,6413
93452,9213
81517,11282
77919,27459
97110,14550
107317,9147
106102,8970
93034,23670
103446,10781
82762,27145
77365,22625
86634,15072
93109,31161
96094,5116
108191,15625
82667,10523
87953,11717
79188,29588
84962,10944
88377,11050
85942,12058
88278,13634
77743,18152
98341,10102
101197,5010
102838,13124
86885,7134
87648,11752
78995,17919
81374,21390
83829,10805
86073,14116
82848,10776
101727,15623
89929,9216
108534,11094
80592,24394
96292,13463
102569,12483
84692,16350
84531,7845
100173,7583
90263,13160
88489,11503
83941,21282
96621,11616
88427,11927
86625,9484
82798,13645
86084,7071
93058,26564
98527,9303
99786,12430
84132,9735
101160,9970
80396,31298
88132,16524
82835,16757
82959,13243
97225,17249
85463,15634
96733,9054
91820,11148
105870,24621
83255,16196
78899,19862
99812,11249
85798,11627
85452,11925
84706,18563
104289,20448
94785,13969
96707,9823
92847,26029
96054,12588
77986,65085
103435,9077
97008,12521
81650,30680
76920,21917
100479,13629
78120,11539
84761,5133
95062,26317
83102,8770
103872,7909
103816,7546
85672,8546
102125,13424
86928,18723
82814,15101
93167,25954
97674,8854
107400,30790
92669,14765
78046,22787
85703,13991
104265,16773
107786,13000
83707,17054
76858,22581
94147,21334
87307,19024
90594,24596
91305,30446
83302,9856
86173,16399
95811,20333
79868,16618
105265,14966
107009,9421
107281,17680
98848,11950
84222,12165
98808,22919
94002,32050
83985,16881
107772,15989
86564,11369
105241,16751
101060,7474
104362,25138
77441,12615
92827,27623
86523,16922
78695,33269
81392,26142
104823,24529
93521,32388
107098,16097
106011,27054
97032,5705
88646,9710
82014,25193
88034,14047
90561,14922
107888,12475
106249,13457
94608,23354
78134,17831
92898,35097
97031,9305
85220,14193
104973,19582
104081,9959
89865,6142
91706,8952
86089,15355
98736,14855
83238,9670
104237,29611
106990,9082
93432,28940
85280,17399
79909,15831
87698,12973
106059,21949
91016,16908
80180,20543
90006,11808
78122,23258
99672,7904
102297,9531
76047,12109
106296,14990
79989,30026
100843,7518
89014,19991
90568,22127
79905,18665
90643,14934
100729,10015
97084,9530
100984,12498
91475,22774
105531,14193
78482,12046
83254,17499
85217,7590
102974,12636
80040,23818
96077,13633
89073,8303
79118,22476
107565,10548
93486,18058
84670,18605
81104,16574
97867,17468
92897,14947
96592,15549
97864,13179
83369,8087
100471,11841
87533,10913
93111,18026
99979,12750
103340,15934
104434,19082
78515,20059
82046,47305
100572,12005
96382,14113
97575,10045
76210,27040
96628,13860
98232,9577
92457,26431
103665,13160
107838,16803
81165,18349
97719,23022
80739,17529
77593,13101
84766,13514
97274,13268
77281,10234
90347,5626
77555,18716
103246,9659
78404,22274
107745,23000
77017,13315
107995,17281
80982,23068
93844,58296
83606,13709
86904,10925
102616,12189
81768,31519
81464,14143
103309,7777
92975,25491
96156,14549
87770,11139
99632,18756
89924,7662
77573,22154
102968,14897
77822,19696
77725,10164
100787,8819
78013,32811
94440,23120
83938,23524
81204,20554
76519,35057
82172,32442
103592,5905
102003,7117
104259,17683
81120,19562
106207,10476
86710,8098
94024,61568
88164,12191
86667,13052
98371,13809
102344,18281
83142,16429
92532,26204
98345,7774
94565,16386
106223,13047
104831,29946
96144,8107
106634,12850
90623,9967
91275,26527
91547,16766
86390,10012
101986,7326
102994,6405
85291,11296
97430,13627
106209,17245
94798,58107
104565,7566
93679,16293
93960,31049
90063,6365
80038,33065
106513,10528
77267,24855
91539,28692
77973,40737
95999,10583
78036,22774
106191,11184
77480,12103
82656,9224
93916,14934
95975,17675
81550,14028
103221,12204
84062,11009
81584,13868
99564,13815
100276,11244
81308,17394
85519,12418
80114,16796
83911,14445
101879,10656
106626,10444
89009,12316
81989,21853
88197,10825
93592,26577
103290,11552
96988,6937
106777,22106
88922,28233
78224,16695
79643,52031
100066,10277
99132,7757
100610,6890
89409,12969
105675,22298
93304,26134
87662,10406
99433,7317
100011,11476
95327,26970
90169,14437
103978,11336
95238,27072
96242,12872
107917,12104
92639,22126
88936,18498
102923,13022
87883,14354
82670,17483
104229,27991
82031,22312
94197,24888
93921,21823
96030,29185
106335,6063
80671,15952
86723,29510
79293,30327
97549,17162
91837,19002
86437,18779
107577,23817
88419,10340
80746,47103
82548,17557
102711,10433
80682,20449
93204,34220
99582,14396
93195,33908
89626,24926
84713,3234
103182,15693
96954,18210
81758,21814
91938,17666
92961,15147
89533,19502
86243,14548
104482,17377
83198,10488
78284,11779
101133,16039
94339,24655
88631,9502
84364,14710
104341,16379
84650,9558
91140,27143
88889,13181
98085,9936
78796,13204
80524,26874
81309,7507
87410,12701
96810,1665
89982,16732
87326,10256
79722,15364
86367,11417
105368,22939
92505,25667
103000,13104
85052,11770
76497,50151
105312,18111
89705,13283
104999,25542
107876,27709
76095,21510
96723,19040
91593,29770
85772,20897
107199,9226
78256,51124
78275,30514
87582,22117
104231,11614
90265,9351
81793,18009
90526,14772
99086,8386
92743,18171
95412,11522
91146,26956
95923,20516
76021,20089
92858,14497
90984,39027
79158,19296
90318,14617
91747,19044
96641,9551
76202,15542
101040,12894
78797,29435
84745,16349
76942,11596
78980,29011
96662,15617
107813,29348
93431,24811
86915,12842
105102,29820
104447,21833
83183,11005
78917,14842
99336,7435
86883,11615
104155,13465
89989,15556
80406,30861
103151,12117
101077,12124
80134,21808
79090,28281
93482,57295
87205,16297
81295,41941
89726,9022
107842,8724
100351,10342
78392,21384
106503,13400
103982,8445
89276,9519
83143,11523
106521,22973
100841,8770
76990,8209
108466,18288
94285,21295
76323,20627
90868,20648
100631,10794
76196,7354
98387,19608
107494,9216
107439,13875
101458,17574
78473,15190
107016,14413
102109,9979
76537,11535
106523,15688
86340,11172
102486,13438
98993,20870
79358,8795
79906,9710
83932,7059
95064,7150
108339,18404
90489,11917
107984,21292
108096,25430
98313,7584
79508,17578
94289,24966
104393,14538
108220,10180
104795,14936
93178,19771
106079,41537
89584,7542
102435,7203
91967,48695
107618,20311
86862,6306
87991,10500
83618,18986
90089,11425
90681,14977
85562,11704
102934,9241
78806,28947
104615,25215
101221,8377
107067,28701
101807,16404
85952,16708
99387,31036
106135,13145
90522,13796
80068,29626
95046,34594
93546,27746
97202,24975
97567,7770
79963,23667
84033,17127
86538,12322
104104,31474
98033,6070
91989,26785
102114,15866
102507,7984
104663,14243
90772,7197
102250,7484
78758,15097
101421,10484
86744,11450
98916,8324
86659,20451
79853,27750
102463,8387
103827,11856
106662,21338
97291,9641
108516,10147
101211,9661
94947,19573
87948,14141
83719,20807
105186,10507
97592,21071
79918,37995
78137,11320
78859,9234
86082,10742
96316,11059
80327,8727
81639,9780
76145,26003
76612,27705
99606,19334
101120,8053
98540,6487
99667,6541
81038,36010
77521,16318
83408,7291
86905,9876
85997,8214
77009,18521
103958,10116
90392,7921
94800,12128
84391,5696
94843,22339
85555,16032
101453,7530
86686,9532
101665,8955
101044,4951
84230,8433
88440,17007
103253,6281
102847,12158
94381,45374
94229,26965
76327,34596
97717,21847
101291,12478
81877,14741
88927,5883
77137,30583
105325,8873
79368,64401
90769,16205
101376,14813
88733,11663
104519,18263
79100,11405
85667,10186
91111,30783
84474,17551
102166,7479
96711,15037
103102,8482
102519,2705
92508,16863
79560,26848
79530,18469
103272,7471
86935,8562
88977,18812
92681,13205
91978,14026
81144,23669
98005,13401
82716,10807
83371,8187
95566,20437
87240,10491
105593,17825
85457,11710
89803,8374
107934,5822
94736,43950
92865,17279
89863,13976
101109,10824
100755,7783
99015,21669
98439,8679
84150,9845
87593,14748
83830,8824
96778,13472
93458,38988
103141,9592
78576,20790
84582,8002
84034,11672
79223,29125
88574,15576
95914,18982
91830,23524
76682,21342
76091,21981
86187,3432
80571,21469
78015,20304
83392,13511
82103,13654
93859,21858
76290,7693
86539,5314
81288,17840
103599,9339
90430,8177
89392,15874
98963,1855
88846,13213
90966,46960
97360,7939
82496,10294
96630,16185
81712,16820
105871,15884
90926,15683
81443,16766
98173,16855
90309,5563
92444,19856
80136,23650
95739,16470
89153,20703
76376,14553
80884,15852
87395,16521
85338,3555
103345,10742
82351,11071
94598,39454
103500,10461
90717,7258
79512,16859
82283,19859
85192,5508
81490,15880
94793,23140
97046,16608
78567,31316
106928,12623
102478,7972
99213,8095
101949,6105
102151,6506
82627,10837
90239,7038
91840,24365
93782,42053
97384,12283
108322,16535
97638,7789
101508,17595
77475,28100
106194,42488
76651,19634
104133,24792
99030,8709
81824,19141
83167,21185
92274,23980
86068,10281
78912,16713
88363,13762
97410,10875
77823,20741
98879,12185
77043,11185
93902,17857
82757,11976
90417,18669
86645,17371
105708,29623
79365,20804
93456,23741
104676,15231
92775,24483
103789,10591
98176,5601
101278,8616
86112,16598
90579,19018
102615,7215
97093,25720
84373,8403
97755,12787
100097,10239
80866,20405
84693,13664
103077,5063
93079,71655
97533,26603
94217,12681
106019,24709
107836,14304
84471,13102
94600,23497
94349,17165
95132,26239
104772,25439
92560,16996
101638,8281
100523,6246
82090,9924
95816,18335
88689,13168
82540,7512
81643,13353
104880,15534
84922,21714
97849,8450
107366,10851
89303,16417
76547,46958
105055,21897
104312,8943
106500,30974
91096,14608
92671,18622
95982,18792
105012,10695
108232,28192
84668,10140
104903,15448
86487,10374
102860,5430
93205,12146
78221,18579
91931,32028
81589,16556
106873,17562
89482,13414
98459,10093
97660,8725
96409,13551
101480,5147
105862,2384
90363,11750
96433,10767
76970,20994
96689,26851
88899,11833
87559,9148
92908,27641
105211,9321
96729,8900
95854,20052
93767,14477
90545,13658
84005,8520
77380,21787
105877,10080
104706,16813
89994,8615
90227,14279
89814,15697
102539,6252
87753,15202
102038,10743
76666,18180
86698,4997
97368,9342
79416,21280
85147,18166
80148,21584
96579,12651
89817,9421
86431,10067
103566,2099
89355,9711
97349,10480
92618,23425
98595,13698
87502,12176
107954,11578
81470,35976
79848,24673
96373,10809
79599,28360
101454,10346
92802,24565
82725,8890
81084,33959
90130,13976
91985,13369
79528,18284
86359,12489
95724,22334
102527,8419
87032,21412
78499,11795
107980,30370
91005,86257
100196,19621
102797,6652
77141,19699
92109,46177
96501,19722
83865,10966
79122,31490
87979,14579
93237,34169
99104,12634
95095,18715
89412,10397
77440,15452
84127,6479
103842,13663
89806,5337
98894,7876
88126,9664
92809,17968
106076,14151
80110,26492
95396,18070
103003,12770
80123,25104
82441,12105
89990,19416
92936,19976
82544,9244
91339,77992
103929,9997
102389,12833
91128,24754
89752,7478
76840,7586
96514,11057
98706,18594
107602,9873
103844,9865
76375,21239
80401,16071
79030,22822
105766,10825
83033,20721
92521,12903
90836,9502
99168,9442
86363,11384
87320,16727
88185,8806
79290,19508
88091,7128
83838,6407
88099,6817
82824,10195
94204,10648
107723,11386
93691,22437
99317,21027
107105,13023
106351,20306
82970,16302
107261,6165
76679,31547
79464,17221
91312,25614
80546,28620
89220,9639
91796,27370
106360,30840
83027,16279
81553,18880
79124,16962
82590,9159
107515,17306
87964,5609
79995,16476
101022,10397
78580,28369
97644,6678
87603,18438
85091,19625
85155,15957
78402,11257
92603,30541
79788,18871
107769,20890
105117,11411
94619,47261
76808,22272
89229,16813
102592,17406
84597,7592
77146,31247
98794,8223
100453,8015
84075,13541
92090,27904
97646,19280
84071,11212
80924,28971
91167,27157
92607,17752
99654,14196
108195,7244
95150,28775
99921,3843
83768,22210
106095,11534
79380,29014
106671,41192
91757,37952
84936,17910
77970,21137
103327,7173
102169,9312
103207,12463
81602,8511
79975,36602
102385,16517
80726,26871
106953,16525
92929,21374
96553,17346
79654,10138
95376,19648
96667,15474
83421,10359
107579,14094
89108,19530
79958,27764
101980,9121
85178,11414
100898,10330
94926,12661
104484,12876
80250,37333
79639,52055
84385,9684
98249,16041
94803,50006
99178,10705
99706,22081
82493,10461
105868,15651
98807,9413
95529,41070
93580,25954
91437,37867
87804,6261
92901,20321
77177,32879
78856,17339
84586,1979
85230,8952
83215,12219
78610,17465
100081,8295
105716,13862
95022,14225
94225,7879
106371,9232
76850,26304
108514,22218
80352,47986
87930,18234
103564,12711
79881,41510
86736,13290
83661,18712
98853,25540
107158,23435
96809,12426
84048,16281
90608,10236
89134,16367
99321,10294
82452,23546
80684,28473
99699,10921
88449,8779
76962,19640
105626,15849
78655,30879
97115,6207
94865,15626
85675,16109
96671,11764
93365,26845
105188,16025
97713,13811
98996,9176
98329,6177
96091,10514
101010,10546
87169,17902
83760,12012
98511,17769
94233,46773
92072,15678
79796,19753
97619,31890
84419,10750
101015,12767
81132,15253
105597,9920
99139,12533
93116,20649
97838,14371
76627,19336
81785,15060
97645,12636
78865,20215
92152,32908
106432,26827
81609,24370
85585,19658
79017,11657
105666,9414
97664,26439
84418,14156
102163,8997
99675,6681
82132,27529
89488,10429
95516,14837
88542,8217
81995,16392
81065,15473
89542,7961
87184,24352
87194,18141
101981,6942
105620,9102
99094,24750
101950,12258
93488,32237
79632,22128
79299,17480
85438,11431
91006,56092
78636,9958
98590,12692
97735,13739
103694,16099
97890,11682
87646,5831
107953,32201
103882,7748
77900,22171
101991,12025
90105,6341
106516,15915
108415,9256
78853,7607
98196,10619
95738,30195
89535,21709
85467,10935
100920,7325
97314,9754
103461,13144
104907,11159
92168,18439
98077,10926
80593,59953
76915,13951
106919,26848
95592,32597
105772,8877
95614,13912
92550,11029
92495,27477
84341,12119
84600,21505
92665,16398
93922,14755
88129,9237
82700,12530
94492,15356
100974,12332
106554,11569
107785,19894
107443,10662
105470,8416
99750,18718
94633,21523
99429,7316
88790,15861
104180,30893
104589,30564
106704,22281
78596,17768
102083,6832
84507,16350
94274,24314
92588,14387
84344,11599
99818,32720
76710,25823
107923,13118
100470,5941
102211,19707
90030,5343
90852,15416
90222,10215
105952,12303
100876,13687
98062,12825
100478,16187
85486,9594
98292,7493
86160,10912
82468,20984
76728,15552
97277,20089
107553,15312
100325,9392
91775,34128
104326,26819
102909,10916
82173,29428
96281,9131
92426,15699
97724,10711
84057,5523
91020,12233
100095,16841
81655,18100
107220,9929
91626,30855
108469,22743
94037,33192
83530,5981
84542,11570
85634,11218
91707,47392
81934,10280
94960,9529
105778,21106
83841,8437
77242,31756
104694,9170
89706,20403
88670,12525
102492,6041
82971,12866
87256,8679
84642,17390
107437,25314
94640,14793
96089,12529
85018,28367
106576,23052
104158,10056
98002,9266
108045,27933
105890,10134
103298,7835
98977,32349
100431,15408
81100,16217
85300,19612
77518,18213
76712,16341
87545,9105
86848,15627
77647,26380
92094,24280
78540,7697
82957,18429
82768,7963
95875,14762
80705,24959
76746,40190
93222,19077
84494,11031
97557,10875
104969,20369
92998,12311
75991,17992
78217,18515
79176,40671
83261,9768
81177,23308
89681,9781
96968,14419
82896,9378
108357,17419
103421,11091
87971,11232
87170,22594
89941,24242
104046,21733
88894,13231
82638,10120
79213,16280
92902,23132
79282,15931
86331,12975
76336,30830
96080,10477
86990,17957
87762,6295
80699,21857
84711,9547
95297,21277
92828,16608
77614,21689
106565,12010
96874,6196
77145,15684
80473,23947
89438,16747
98442,22248
106213,20215
101442,12501
79337,25205
106021,35333
88638,7581
77383,11563
88452,22993
104464,12366
82639,10740
87305,11739
93172,26980
98857,29083
90873,20159
99679,7705
78104,17597
77770,17752
91351,10231
83700,12258
80548,25105
81163,16969
84140,18873
95479,22104
91705,27159
97722,16341
88383,10449
96632,9560
76496,13357
79062,31578
103519,7519
87592,8144
97668,19414
77969,7913
97610,29042
93889,20810
87792,7997
95078,20583
87575,13887
78804,13466
84242,9790
83462,10722
102260,10332
102635,17153
104460,15286
100463,10568
77272,20188
82246,16907
81472,10361
82420,14314
91586,25954
91099,20118
103536,11284
105169,13559
93837,25268
93958,17824
86124,8453
97448,9001
83040,7623
104713,19664
101549,11000
96018,8794
91089,30737
105130,15663
84720,9858
97182,11835
81653,2430
87522,10224
92754,15740
77510,8928
94863,17788
108414,12078
102393,10432
81528,20416
78983,30360
98051,15210
93080,19897
92657,16239
108070,16421
96990,21479
83301,16776
88459,15123
80158,21869
106913,29260
91119,16944
85522,8952
87469,9363
89620,16606
106903,5477
104183,13729
107015,17810
89120,10903
80555,28757
107037,42112
83340,16894
86654,11869
76116,18606
108208,10961
99790,12665
100950,7942
105495,16314
85317,13335
90114,21764
99322,21081
77185,22971
99412,11573
100021,5096
106020,12194
85234,17599
90059,27251
106902,10441
106871,15495
97784,19797
96140,26749
103840,11238
99573,9528
81967,15547
96124,7333
80245,27234
90896,33558
100257,7738
76759,25802
87022,14062
90758,15620
94073,20498
104837,13003
103025,9671
91765,26123
88352,14622
83826,15946
106648,16712
102967,15488
88989,9798
90846,14977
90232,11689
95262,20914
80599,8609
93353,20631
100230,9746
104516,12677
76127,17207
99603,9509
87441,2965
98607,6843
101385,12477
84028,13831
99900,11477
97880,33263
103005,9426
99862,6741
84899,7101
76129,30581
107674,24533
79058,23515
103161,13590
77525,22427
89366,14469
76529,21116
78121,53827
87960,8306
76468,9314
104029,17260
78294,34937
93269,48182
76124,17792
107551,18693
103953,12458
103212,9928
77337,24177
94095,19071
95358,22296
94772,24023
99318,10949
96569,19102
91669,17773
95240,20105
79693,20695
83100,11126
85506,21123
93245,20338
81444,15350
95558,20089
105709,16919
80796,22348
97061,1770
91452,21088
88626,15096
92700,36520
80109,14666
103649,11906
95545,16134
96879,20314
94580,10512
88361,11195
78094,24252
82831,17735
76965,38982
89246,22046
91844,23969
92122,20041
98944,11629
101088,8533
107119,9824
91603,25532
83339,13249
105408,18619
97091,11089
93822,17063
96950,11777
106461,12554
79538,31370
81813,28068
92640,26374
107376,21874
88834,12539
98532,12122
94957,20145
84884,13334
80124,26157
92048,28692
90244,7299
90103,6070
108009,4806
96435,7680
89475,14971
86286,6558
100193,8883
99733,9781
100561,13110
98626,7910
89177,9502
80294,12223
79134,29803
78603,27175
108528,15821
79147,21236
78538,6176
105042,20891
93560,19164
107122,12324
107336,11821
105831,16484
92973,21424
79087,13878
86806,16943
98787,10659
99838,11455
105442,18509
101659,9630
95085,25492
89893,8222
100412,10665
78433,11970
90887,15541
87783,11373
105572,11112
84065,19328
93714,25557
96148,11612
83771,9172
84970,5944
88859,3433
104620,34655
83749,6835
90174,8067
93947,26655
91462,26417
108075,8479
79113,25751
88445,12453
81311,35813
100633,9802
92904,23955
83091,7696
104657,16605
82910,23040
92383,18444
93424,7552
79891,29106
98961,9091
81502,30095
99035,11905
81371,14016
87333,11121
90353,4939
93258,29176
102053,6888
86713,8642
97203,12655
92794,20262
84293,15631
91672,15044
87085,9803
99300,35318
81242,14906
77834,46201
86864,15571
108332,15985
93461,22535
85198,42358
75974,21512
78679,24415
97060,15017
89300,19879
97682,22154
86664,6812
85169,32236
82930,23638
104583,19667
107212,22653
78128,18565
101395,13910
79984,15190
106844,13871
76507,15771
87935,14596
81796,14856
92942,19153
87848,10936
88325,14652
91296,14218
103415,7477
99038,21932
101080,7043
102789,9813
84656,10807
85716,15907
90233,8077
91097,26511
104466,12700
85061,11915
92535,22755
82437,14425
104845,11135
99353,14708
94273,47204
84080,16966
90877,14711
77883,13012
106394,19919
103042,15073
105388,15004
93490,15738
102852,14690
101859,7498
108113,17189
77290,34525
80341,24235
84286,5386
96187,22830
100716,9790
99682,6913
89827,10402
82053,10855
101135,9720
78574,28848
82541,17392
94530,32829
107277,16631
88719,7580
95962,28851
89249,10677
98786,1380
83968,3806
85115,9589
79741,16559
81050,25369
106955,11232
85572,13068
80604,33894
106115,20916
76213,17581
92026,48661
91397,15629
105916,10518
100938,16679
102187,8147
87434,11564
99959,10618
83438,13653
77840,15719
100930,16187
94925,18525
78494,15290
102418,7799
77793,4054
78383,24367
84216,20132
82610,7373
97544,12598
92549,33928
80538,45336
90890,13964
100299,9703
89902,7252
105561,21107
82364,7914
78091,10309
86023,17642
79752,22832
106315,10564
80934,19193
78782,28759
76471,26048
87418,10311
76891,28429
102628,5056
89363,8978
89237,14714
80257,25871
102857,5856
76201,42711
104887,9056
102310,6486
78714,56000
89302,10095
87676,16938
90321,8372
85244,15273
101913,8985
87086,14004
81974,29080
98075,21692
80870,18820
81556,35633
94722,32885
83840,9286
100809,12194
77101,15416
102172,14270
86373,18858
77540,15094
86271,12713
77679,25974
99807,16063
79126,14873
86337,14017
87496,8511
83272,17258
103495,15973
107915,26436
82213,21669
99461,9667
85797,17639
78898,12768
86463,18929
108138,20962
88417,31720
78694,45686
99802,9115
100250,16022
83482,12657
104457,11872
101415,9010
101767,16257
108250,18467
89772,9180
91127,15249
102887,9333
90756,9322
107554,22586
103731,13224
92317,15245
86805,11746
91722,27427
85026,25978
77478,16510
82027,23609
102742,13982
80198,16396
94907,22617
106738,9365
99797,6280
106456,7915
82741,6218
79172,30583
106696,13165
82422,8190
83924,11290
90599,8444
108095,22508
91777,19131
95001,15441
80408,40649
87330,16519
103361,12494
89641,10390
90618,14176
91679,30075
96844,10943
94418,20860
97002,17838
79748,29568
96355,11202
92347,16210
81569,14851
106924,29381
85270,12863
99622,6522
106843,8944
80147,14129
102181,6106
84710,7612
85189,11231
99281,16935
101130,9210
91554,21714
86116,12825
106899,19369
84516,16389
105422,31263
76956,13360
84006,5676
81453,13181
104850,16036
90867,5756
97154,14569
102088,10161
96019,19318
100300,7271
86459,12770
99304,10409
80630,19306
82387,26323
91359,20176
79123,11222
103324,9611
101086,13269
97170,8019
91834,9933
85238,7518
81942,11532
90971,28003
87864,18191
95296,49981
91427,13702
93697,17314
107694,24395
77364,19453
102144,5162
83410,9016
101560,7254
84775,10093
103879,9563
103933,7763
76344,15980
82119,17161
102130,10490
85748,8105
93769,21184
101775,7393
94613,20846
104021,27758
98175,12286
98477,10416
78185,15191
81576,23517
84854,5231
98361,12891
81390,9447
80911,65689
89407,31291
95981,24950
79131,11601
96624,12713
85131,18451
76436,13373
94111,16551
101518,8102
76588,51321
82353,29483
96186,9992
92735,19496
87271,16517
88968,10330
84154,9812
93692,28875
89484,8917
92547,25353
78689,14733
102058,8521
102579,14835
105825,9809
96154,17168
102183,11304
85976,8283
98679,7451
89612,7239
107988,18090
83362,12397
94251,18373
97018,13203
90329,8723
104604,25044
83742,9176
99447,8851
82194,15373
108351,21438
105314,27193
97351,11368
105861,14621
83010,8657
91447,21581
87619,8481
91870,18599
86543,13547
91484,14872
100659,12803
104491,21227
100779,13213
100935,10082
82331,14462
105140,28629
96349,13770
82664,18723
104532,9323
91854,26805
77003,19417
85137,6494
94577,29843
85461,11096
77550,14100
99095,10397
91832,15325
85920,19062
79766,16857
103839,9445
98167,15525
96684,5019
106982,8472
93524,31118
108310,15620
106569,11487
98088,26335
78890,18560
81559,17738
105178,19528
90578,8988
82299,22525
103885,11256
77488,12043
96669,25110
78344,29447
79405,19756
94620,38562
96836,15267
80212,11799
95746,23706
77363,30646
76866,35735
93847,24387
105175,27514
90010,8918
104429,14016
91160,30162
78906,14569
106414,25217
86910,10372
105882,9485
107238,7705
77102,20553
76704,12643
87083,17619
79057,28359
83270,10016
80561,35039
88469,2947
78768,18408
83574,10946
76771,30302
98589,22369
93091,20556
108358,11006
94601,23743
76151,15540
87442,11536
93531,21035
89771,15257
85803,18767
93147,25960
105196,10138
76171,28455
90616,13853
100032,15531
92905,38669
95696,29482
88913,12586
101504,9703
92241,15952
99822,7087
87745,9971
105827,19435
106620,9317
93497,22947
89250,13869
105581,7797
91076,13544
83506,4785
100635,12849
91828,39793
76039,15192
80685,11778
97571,24890
87425,9651
91662,24292
105161,20039
81006,36485
82888,15710
78545,21653
102922,6959
96198,10072
92979,25775
105623,13082
82195,13279
76760,16176
79305,20649
107942,12710
81981,40531
100135,9939
84307,8519
92628,26812
103304,8080
89421,9780
103645,11341
77164,9392
88451,17746
76488,19581
92835,29072
80449,12209
97408,21625
99256,20455
86205,8786
101002,9769
93390,16242
101654,7183
90595,8314
94955,25111
93871,24103
82164,29584
99373,6651
90148,19804
83210,13557
81726,11491
78041,23244
106229,8591
84209,19903
92225,28140
91878,13873
97878,13273
77435,15553
91180,18857
100272,8048
94228,21336
80549,13801
99566,9577
85829,9587
102693,9827
83322,18336
96980,8390
101844,10370
80791,76612
107384,15217
76193,16588
88605,13691
95910,33818
101217,8042
94833,16125
80221,17295
104479,7309
94405,30770
93415,15487
82460,17696
83009,7891
85429,8218
106034,5885
88406,11261
81623,28208
93605,32836
103670,15994
100409,6996
107237,17366
101669,10689
78854,55422
94034,25180
101096,6231
98417,8075
76874,14782
94954,20889
83137,21954
94653,22434
87567,16493
78154,13805
84461,15854
85686,10990
94342,16268
101392,12188
84192,19089
106701,10386
104013,20749
82745,8329
103973,6423
90409,14816
90651,7514
87413,18093
102121,8610
92145,25767
107141,7459
83230,4381
78553,5853
83939,9948
104875,19244
78129,33498
80313,25797
85535,15736
108311,15190
102292,17270
89716,15264
77046,80754
97611,17441
93038,21126
80503,14977
79132,15174
103759,7730
78960,18537
97265,18930
77855,20320
97371,12824
94297,14993
95653,5441
95891,24801
81947,11435
79702,12411
76463,28048
98065,8226
77154,29280
77348,27638
80987,16993
92207,11261
92983,32829
80731,11968
86277,18680
103051,5570
82013,19780
78814,46553
80153,38395
94618,22212
80059,30858
105557,10238
78860,14825
84849,10926
96896,12245
88244,7609
105984,14439
82644,13401
90970,28842
98810,22701
85184,17876
93723,49726
105049,9827
88554,11246
94996,15515
107689,9798
81575,44280
106988,10058
89894,24740
81703,17011
90718,16121
99561,9526
81269,32622
103069,6436
88952,12994
95295,14328
106589,23661
102918,7865
93669,31398
86144,13701
98336,8890
96891,15163
98576,8893
86038,14879
87511,15961
83642,12986
99964,7095
82842,15407
101714,10418
99439,18032
108487,18927
88965,15454
86445,6340
85916,8350
85616,7991
90865,15969
88634,11490
108094,14328
82654,13674
81401,14476
85163,17178
97623,8715
79759,21596
108230,9533
77757,30499
83089,10164
92851,31583
80656,13488
86019,10236
100887,17000
78011,38971
96398,21522
85254,8931
95254,19796
102320,9624
88408,10862
106594,5587
83849,6535
79313,16563
95010,21476
105546,16551
81884,21063
106088,22483
100892,6443
84487,17743
78004,28389
97446,23496
93170,18097
83208,19202
88728,8631
91300,19032
98637,10542
107267,14133
89956,17105
77052,17496
94583,17948
91424,22820
104774,7425
93699,21363
102986,19703
94176,15046
95618,19123
81622,21650
91273,23815
102725,7944
90479,9792
79835,19062
78909,37271
99437,11916
79890,16159
77662,12302
90320,9461
76278,17618
80029,15623
95797,19854
95356,69236
101962,8150
85810,16064
93588,13292
85679,7730
78286,13806
105233,12398
98613,6278
101314,12169
105749,18437
106103,19818
96678,10382
85003,12758
78035,28398
82443,8491
93373,40618
99857,7626
82450,8095
96256,14360
95924,31826
81425,20892
87252,18948
100379,10212
106316,7609
85879,14960
108334,10850
80243,22865
84504,10836
106064,8149
96443,9126
99020,6869
85068,9172
105374,9156
101946,11025
92945,22361
79338,30185
95027,23963
81488,46661
87754,10477
108454,20133
91283,23391
106232,14928
78368,28163
101417,17234
81479,27983
94527,22670
76897,25404
84107,9378
103177,10619
88043,10908
93710,65915
87679,10369
84644,7498
79097,15182
98030,22377
95131,18746
83593,17413
82532,14668
101675,11243
85118,18314
100813,11838
88693,17218
85819,13058
104337,12695
102104,9150
107526,11193
85600,13445
81771,20063
98339,7599
81855,11311
85755,11216
87321,7181
101819,7962
101569,14255
94538,7837
104142,26494
93830,25514
82076,25336
82721,19990
88982,9996
85055,9222
101426,10576
101136,9521
91939,10805
104368,26525
81513,11546
76394,21250
92054,18464
94663,28526
106117,2899
92528,26646
79929,32003
81579,28619
107328,2375
105031,22372
100819,7268
87353,16562
77698,24153
77157,12443
85947,19022
92761,19723
101344,7814
76877,13113
95851,12089
84319,12719
93218,15245
83770,10426
99753,7102
82062,23103
78053,38607
83901,10183
89826,8648
104171,10272
83906,14746
86819,12682
88150,17531
85289,8174
100567,2667
105930,11735
107244,6645
85900,10360
83184,9871
97034,10955
82506,1215
81182,29616
78619,4426
86046,17060
92798,15986
86595,16567
103854,13597
108504,18145
77451,15833
76665,25589
103434,6358
82338,20426
105189,2513
94512,20432
97542,11803
83343,10114
77274,35236
83810,16169
90850,13417
79688,13705
104038,9107
100468,6038
81010,17320
80372,27514
95979,23027
89813,5283
96873,13512
87267,9685
83327,14253
92095,26268
84723,7023
101561,10085
77409,8417
76480,22403
97632,10852
91990,29148
98020,19044
81375,28864
81903,15727
107050,19924
84920,11637
108180,21294
94696,24896
88215,10951
93276,18846
80359,14232
88717,4194
99702,7939
86283,9401
100037,6361
93640,31958
104313,11610
84666,16723
93000,25515
77512,20971
85094,7246
77184,19012
91257,21165
103957,7357
78533,30187
89080,12700
98463,22455
89002,8154
87542,9735
88641,15990
97972,9072
76363,20429
93821,30779
93549,16364
86037,12346
79563,30418
100014,14601
98717,18019
87323,10097
101054,14608
84408,12187
82692,11212
91513,42821
92863,18586
90666,16113
76919,39881
91549,49099
90300,13265
106228,14258
101551,9303
105986,14684
78520,21816
94130,26827
88980,11042
76245,19852
96800,11574
79591,29965
94738,24423
103275,10983
82981,10662
102017,10840
85242,8178
106488,12958
80606,15924
100861,11175
93103,19049
83680,17299
95926,21747
84955,10215
102279,10497
90285,14669
86735,16545
89918,6579
100914,8092
90315,8616
98805,9128
81572,36863
85263,5445
91962,11956
86328,20637
79610,24247
96570,1859
100929,7064
107784,21658
94269,14115
105574,23741
76572,14298
96249,18444
97897,13500
77625,17187
102369,12548
84079,14707
77866,16102
83806,13128
107540,19872
103244,16179
98859,23446
96719,18310
76235,47665
76348,7135
94323,46511
96314,12953
77439,15022
88588,11905
89516,14307
92199,15487
81669,28232
93600,26399
105605,9678
102501,9914
105250,20544
103132,15150
76914,32704
103063,8449
85636,19345
95703,25181
95014,14035
91855,30303
89326,17099
86878,15497
94159,26531
98939,19613
106603,30498
97683,13604
105057,13546
82551,8580
95156,16938
96663,10811
103966,15496
103721,9591
104581,9696
99601,22711
76271,11775
106578,12079
105436,7465
96180,12671
93214,19216
83950,10127
87436,7690
78008,34919
96396,6648
86423,16993
97519,16882
86137,17572
94515,16151
86264,8599
93856,13868
89370,27292
95869,28299
108411,15393
90193,12199
84817,6467
100719,9336
82801,16633
83103,18038
103950,7799
83927,14510
96442,18910
92599,14157
105284,9597
89963,14638
79117,14180
94001,12193
90520,6279
83344,17680
104811,25866
81567,4414
102778,8311
90439,21196
104220,5606
102961,3584
97588,8985
78049,7470
80076,15599
83466,7695
81941,24326
105786,15773
91443,17379
99961,13530
96323,8154
107235,18672
108199,4738
93938,28266
82727,19173
78548,29373
90362,15699
92257,24309
80015,15756
93724,32317
88826,15543
80051,3386
90219,20804
83727,18536
90139,17042
101189,8256
85435,17474
91933,29169
95135,10093
80576,27941
97289,13165
90225,16118
77958,15079
96218,30768
83747,17233
85699,12957
92682,58301
92129,43247
91533,30612
86503,10290
107555,19333
98751,25202
88145,15951
104214,20255
80027,16178
94594,19707
105978,9388
81202,19771
88343,17136
96928,22731
89639,9062
83427,6971
77241,13920
76837,21034
105316,24791
80915,9602
78226,20485
98367,15608
99268,10374
102336,13712
99355,8609
92728,25195
105261,19913
86321,11491
83913,18052
76582,10110
80624,13155
105804,15121
101229,9342
104782,9663
91859,45868
81892,21988
104257,14986
89995,26598
94721,29101
100123,10561
83121,7809
89621,8695
86608,12977
106922,8829
96146,17546
108383,20725
81554,49791
101538,8785
105248,13163
81033,23523
107312,14968
85588,16160
108227,9921
84017,15707
101028,9810
93019,27317
84359,7215
90602,8055
102834,7210
85284,10453
78749,67188
96892,30331
89640,9284
102773,15408
105779,12933
108453,17183
83162,11234
89704,12854
96488,8269
81546,21546
82108,20205
96784,9181
86526,8053
81220,32849
97126,10133
79954,25462
100182,12993
87058,17937
95026,21588
96334,13624
92636,19817
89131,9444
78145,15425
106255,11989
84691,6447
83425,12615
91526,23676
81170,10626
93766,22575
89183,12767
87644,18159
105559,47912
91968,14106
107198,9181
97030,8423
96512,18213
106506,9936
97240,12131
98164,4572
79782,7974
102498,8189
86052,8744
101070,12711
88461,6198
94238,19299
97040,8253
102861,14035
81516,46461
98512,6900
91654,26261
87837,7547
97950,18434
91492,27177
86374,9409
103671,6822
99254,23721
96920,18285
100733,9367
101602,6693
101809,8588
93626,37516
94707,25532
84718,6208
77357,18694
101735,9822
85009,9171
98213,17733
89068,6756
76270,16670
84608,18222
106582,12139
102112,14876
79840,17059
102362,10184
102074,15076
78050,21785
91002,34997
91648,17960
90182,15352
101732,12050
108023,22148
94586,30674
91189,20989
95199,22469
78510,13422
92551,13235
92368,21607
83335,8056
82609,5048
83471,16079
89455,9246
84982,9189
106978,29451
96399,19371
82526,13529
86743,11115
92104,19235
97862,8977
99211,8259
99118,22543
97657,29284
80627,13597
76293,17350
83108,7313
93728,20144
108295,13485
87957,9768
78627,22288
103227,3357
88115,10342
89694,14443
95755,42825
100889,10154
76859,11504
80975,20592
104878,11229
105859,23506
93283,22583
76217,15435
90731,16333
99826,13736
84180,12564
92500,22965
81956,11618
100508,10395
78336,11775
98694,14663
92486,23407
77134,18479
94264,18676
108210,7118
98310,17595
76260,36737
89623,6629
101737,12161
97665,8023
86041,16940
86653,10856
88423,15575
103407,15008
84654,18765
77143,30477
106392,19921
86347,14283
107230,9899
103693,9413
82765,17366
103894,12050
105668,12744
94216,9927
76250,32318
102466,5887
91919,17624
99138,20870
102850,16279
79094,24304
84552,10555
93668,20447
93389,15889
84312,9718
79379,20933
98739,7331
91448,35473
89834,8047
105359,8723
100267,11761
89101,17090
76904,21699
76664,30606
102621,2242
82337,24851
94266,26083
84994,17017
86246,12622
96923,9719
107661,19156
92401,18564
96296,14029
85114,11374
83081,9741
84948,8973
80292,13905
78938,15314
79942,20963
80899,28340
102476,9714
90589,13662
89944,14100
106241,18226
99835,17186
98665,11936
96516,5930
79065,21641
97070,14433
88721,16702
100311,12271
97912,5520
101514,8702
91763,19776
88488,16841
79955,8869
105677,7585
99297,5931
77377,10422
95552,15581
99704,15299
82097,49044
77067,6580
93326,15199
98258,6083
98900,20135
101474,10564
91945,14345
78816,33445
95208,10634
80788,18447
92446,13018
81929,26337
101068,13288
105116,8869
96828,11310
102272,9404
89347,22632
105201,14107
94146,16320
105641,9846
94416,38051
89152,14669
99500,6461
101711,6000
88178,15726
94259,22177
90380,9960
80659,45454
94687,17858
100447,8696
80895,13998
91806,24218
82758,9668
81850,14659
85521,10377
92432,19272
78318,62133
98804,13685
84403,18367
100979,13258
80559,17336
104553,20234
90570,11310
108278,25996
107134,9440
84351,17270
105418,9577
93910,19876
98231,24888
100789,16622
101332,15109
105715,9615
82170,10893
101526,12184
89070,6255
90429,15504
91152,19124
82374,47402
81668,31731
78914,19764
105239,12670
107483,19536
83354,13667
105252,11625
93977,18778
89807,8066
81551,31920
86311,12268
85966,11533
83878,18509
103342,9583
102398,11545
77021,53328
82755,8121
88635,7493
105457,12745
106552,18551
102641,13485
77582,22949
95453,49554
78388,10683
99772,16100
77990,11545
78944,31899
88290,14097
90011,5635
89540,14445
78904,27494
91379,17761
105750,10721
95603,16064
92481,16924
93463,18501
88974,12711
77787,21707
101389,11010
90559,33963
90421,13144
107190,24426
87506,12289
101147,13841
78096,29907
99840,6412
89677,9619
97991,8735
103556,10467
101327,9739
108008,19882
107752,17863
94554,16080
96408,26235
93573,27277
83674,10363
104503,29039
93082,21624
101841,5976
85143,30210
76781,10813
102153,7673
97411,6352
101676,8967
103176,11733
80879,27939
79695,17366
106987,16826
89095,18411
88707,7827
79935,13358
104678,10039
78644,11287
101947,13133
85390,14773
94121,12840
80525,29136
92964,24489
81982,26765
93804,18774
95574,29577
81710,16622
84452,17713
94410,21831
79137,28896
103270,11696
82736,4747
106741,18503
77630,18112
100426,14614
107231,10272
101001,13703
95067,17501
107197,27566
83522,11300
80239,9087
106389,17687
99072,15724
92779,24755
107906,21168
81289,4322
101206,7279
85646,8970
95202,25220
96423,6256
106597,7228
97601,10063
76974,54354
80171,28296
78391,25171
101424,10818
79548,31274
99083,9376
96204,25658
93318,10617
85745,18490
79531,45452
106411,15811
88431,13326
79827,15019
80860,22295
93114,30221
89031,7286
105755,18047
81286,10259
94641,18790
92196,9252
103591,7063
80497,9794
89672,6772
80800,21137
102146,10489
106675,21807
76780,19153
79880,36848
90306,14474
102271,9009
82996,9679
77929,28799
86610,13620
85316,12222
91134,12770
87377,9971
102946,13378
105420,14050
78375,25446
81157,11929
93430,19654
90671,10148
98881,7619
107152,12300
106056,6702
86256,10671
88692,9101
98622,11743
84068,4512
85863,7977
104131,10876
94296,12392
104177,7807
105126,7991
93360,23907
91059,24823
100015,10465
97027,9898
106300,27938
83539,14361
87099,13633
90692,6641
107313,13351
81341,55233
82901,11005
85576,16213
98646,12600
102552,8093
84874,15355
104768,10608
87768,7004
93342,17826
87241,14164
103615,9637
98526,14079
107464,12468
83357,19063
103171,8343
100341,10661
104547,9829
102882,12906
107531,20185
85433,11500
78435,17589
106094,19687
92625,91128
100319,9980
95937,28560
88915,9250
87681,7251
92428,5690
85427,11603
105372,10163
82482,19837
95178,18289
106881,9367
76562,30101
103710,10058
89109,6306
92522,30705
84821,18152
80597,27065
104040,10565
96115,8678
82818,8828
90316,15946
94385,19350
86823,10393
84842,12010
102995,7044
85397,22176
81427,13339
102461,14902
77422,31713
102354,13523
91822,21031
87427,9770
105450,19948
94789,24706
106631,26740
97004,13513
100826,14867
97915,15629
93253,31426
85776,10159
105562,16698
77560,16329
82659,9724
89531,17002
94076,18533
98457,11280
96163,22766
84779,10016
104551,18388
79934,17835
84896,13426
99393,10930
82051,16696
93247,17926
86929,9556
106943,10759
79979,25211
80912,23750
105006,9119
94368,30558
81871,23651
90338,11192
104271,10137
89984,6533
105122,10019
104308,25961
92941,29158
87433,24562
96289,24943
89130,10459
77233,49924
96895,12577
90364,11794
76283,18442
77689,22876
98366,9905
78025,23449
96644,12328
80641,28552
80271,27761
99003,7763
79756,4814
76981,11106
83320,13743
96797,4722
86350,11288
107535,16309
104370,7441
100740,11432
85851,11984
89132,4864
78746,24423
88999,16622
96416,17942
88921,7468
101078,11850
92447,22356
77960,17788
106799,14737
99888,20543
83252,16966
78645,13862
92233,19476
104026,8089
85148,16760
107726,14095
93331,22195
106236,15669
95282,15756
76222,24128
84158,5402
81857,44249
94698,17585
104680,6744
104366,21040
82562,17483
89753,11574
101937,13749
76600,18625
102683,5280
89245,18383
99902,11639
106525,9701
80738,34216
107909,15509
105939,15677
92485,29317
105128,16503
103147,7191
96539,7766
99656,8044
89755,18421
88400,12903
82968,19008
103521,15326
94755,27907
82278,26651
106205,8091
102677,6661
103577,13165
88365,13313
93543,14979
103285,10964
91445,52258
86676,10047
108086,10558
97671,12530
85193,12825
80220,39061
107824,13985
87246,8821
85080,9267
85470,11958
93453,28583
87214,9092
99010,8870
77246,34843
81671,15044
83651,11461
101085,5603
86961,10318
99154,7257
85563,11498
98972,20207
79331,17534
100112,11026
92540,18443
102135,5969
104980,21211
103442,7011
104320,12383
91208,70391
82486,22794
92052,9451
80540,17697
89228,13155
98960,11636
86821,16199
95220,15991
104196,12794
77934,52114
80965,14565
80864,17147
90303,14678
100396,11889
98226,11606
107713,8351
82199,24156
104715,28862
103412,11350
77224,11365
79149,19839
79332,28218
100094,15408
76280,32530
104668,26482
106239,12359
106918,18558
103738,14217
99768,14844
99895,6610
88553,14598
106781,11958
104339,23233
88198,8181
77024,12282
90492,14562
87383,7628
85194,6560
100821,10223
86207,8861
80736,12586
85035,6743
77847,9458
102444,8212
101635,21999
99639,8089
101365,6656
106612,24905
89655,13041
96679,12507
107353,35060
101805,11039
81804,18187
106783,12483
101047,14002
76164,35314
106524,7571
104745,9665
88874,11424
89206,4868
88602,18506
80458,25116
85756,9542
100972,6814
79897,32551
85913,11493
107705,22961
102659,7531
101994,10535
104004,9967
91171,48396
100207,14489
101431,7197
92034,18803
95470,31181
79276,29318
101893,12779
91522,28764
94047,19413
100620,14392
97405,11086
89277,11790
102728,11648
95665,55834
93861,14765
77779,11425
79844,19314
102549,10392
79764,19965
106543,16283
90127,12367
78759,18086
85232,16558
103173,13183
77690,11879
78669,38475
77821,12455
96869,7716
99426,10319
86596,11509
102352,7506
88825,7991
82595,19637
79408,23276
105771,20680
92499,22340
82744,10459
104310,7007
82965,11623
108492,19912
102748,7511
105549,19445
103794,14798
87574,11842
77090,19100
77729,27414
92854,19224
82724,11563
76843,8164
95714,8940
85077,17278
100035,4568
76694,12528
86970,11510
93243,24408
95700,23336
103907,11211
105698,15284
84320,11410
91561,21868
100459,7285
106398,24899
86911,4135
102905,11385
103009,5962
76287,14204
106832,10664
107240,21022
104164,8534
96561,13344
81823,9340
82102,23067
81420,28282
79102,21383
92252,18328
91605,24794
94353,26356
76883,16767
79941,20519
102977,8308
104975,26550
86138,20138
76309,20095
104976,17067
105819,14417
103115,7220
78958,20036
86851,7382
91889,14651
96977,20752
98888,10428
87642,11320
96835,20673
95915,28665
89880,13849
86974,10646
80793,12735
95773,25864
92664,10511
108423,13628
88073,16940
97731,18724
92705,24678
98275,8472
106563,7606
83216,10556
108252,20167
90052,21846
96839,14882
87847,7687
101778,18024
90493,8833
84236,8044
94651,28054
82828,6056
84570,14592
103560,6295
105414,10475
82874,9623
94023,15624
99936,8962
97927,6214
85922,17725
92409,16498
102547,7538
98620,7755
77418,27387
106846,22334
90794,17952
102848,8438
77668,20029
87057,8858
92125,47176
89356,14241
93931,17804
98496,8119
96762,11693
77603,16417
76242,12919
77854,18508
90496,7457
89873,7685
81047,36609
81482,13010
106630,20478
102807,10035
101397,9840
103459,9875
78508,35468
87042,17173
106348,20989
90653,6503
76159,20815
87944,10400
81531,24875
107875,6979
99542,13591
107359,20180
104564,13354
82560,12720
93591,26163
103234,7385
108458,10949
79888,12517
76419,23709
106649,12757
90004,8284
93201,35186
97558,17647
83097,14042
96492,5288
78413,8520
79076,14682
87061,9688
83665,12932
97131,12508
102075,6944
99331,7740
82067,47247
85459,19348
94510,37334
97875,21837
105176,13646
89196,6536
97424,19682
92886,22815
76660,11410
81181,16977
93133,13967
84390,5833
107413,24289
98681,10643
86318,2997
80893,24428
106409,22962
101539,14641
107735,14148
103362,6584
95493,29781
95573,24887
81435,27712
89730,13663
104812,10404
95540,14975
105693,9380
99879,10978
105045,10004
95556,24496
105209,12098
77262,33000
88746,12970
106257,31396
86665,13295
99714,15629
86308,3794
107814,12339
104110,14762
107020,9892
99899,7647
87878,10629
107898,9715
91803,24520
91708,25457
88131,11674
94236,29043
94787,39666
88426,6420
82052,21066
81430,20754
103458,8351
87322,10942
88030,9823
94505,31453
80104,9924
92324,28653
93393,17220
101185,5357
99944,9566
91381,18584
102720,8521
80107,24619
93006,30545
85248,11157
99068,12659
76834,53523
89377,12239
101452,14052
92548,40177
100658,13283
98383,52871
77915,28435
86268,5448
80304,3980
106680,15602
101132,6761
90092,24779
100329,13951
79943,13571
104189,14898
107250,22081
105088,7822
88824,17702
89166,13299
78748,16118
80118,20376
106238,32264
105638,9469
94974,14623
78384,15296
93451,20356
98422,7364
91430,38442
77519,20817
96946,15947
98391,6540
102809,5745
82926,10136
79108,22790
96213,20900
89205,5286
91600,41576
107292,24659
90688,11463
98776,7384
79778,14425
106834,8393
107835,17204
99788,11117
91133,23986
82747,10803
95651,18776
90035,12114
92821,12516
93614,23287
85993,8895
94616,16363
97987,11930
79300,20095
98588,7371
83355,8692
105664,22216
106502,21239
77235,23857
101503,9741
99569,28371
93332,23473
103565,3124
98223,4206
89090,11195
101490,5162
89428,10310
82555,9207
94744,19485
97092,8626
80994,24314
99486,8682
88556,11549
105789,26627
90968,13887
87386,10495
96239,10447
98412,8694
107073,11173
85775,13143
103494,15282
96232,8499
95146,18521
101493,16096
108369,22802
94214,25315
95377,21685
80081,13743
81186,13266
100638,11823
79228,22237
83296,16347
78663,18694
90474,11138
99746,11261
80600,66621
104132,14942
77292,10238
104314,12357
92563,55864
81135,22304
83199,14238
103083,7363
88165,7057
93492,7003
80502,19472
87640,8805
95862,23831
97106,15652
88353,5675
99443,15762
85914,7702
102522,7605
94035,21503
82309,15685
103845,14840
82955,6645
86039,17365
76890,11074
94862,21966
89261,10517
95261,30144
76543,27842
93805,17431
79387,28095
105256,18830
103632,13852
101647,7634
90779,8065
83004,9163
82810,5331
89851,6645
95583,20688
95318,12014
96740,14606
89999,7271
101586,6771
90205,21418
100202,13545
95896,16120
78190,22670
106867,11977
103122,6697
78800,19854
98137,10506
104071,22498
80969,16949
93695,11936
79235,15902
100233,8379
103673,8338
82811,11056
106273,21985
81714,12408
76623,16676
98396,7313
87067,17880
94615,30195
91380,28095
81368,14892
100189,16619
83055,10325
104726,10682
79494,20996
86895,7450
104253,47947
80451,33444
81633,28058
85761,9021
76040,16206
86749,6257
97161,20048
89492,7733
101063,13070
102557,10772
99966,5894
93615,21158
79812,13630
106083,33818
91688,18646
93348,14802
95861,16572
84278,11212
76892,15917
86674,9246
76138,13968
104974,14633
102421,12362
82617,16637
90307,7786
92258,21368
90255,20879
101498,11650
80567,13883
95321,22045
86671,3388
89272,10605
78823,5678
95185,22499
98753,7653
88611,3205
108390,14135
105366,19357
80433,20632
104145,11347
90881,14951
82596,9302
85279,11041
105968,12685
84463,15819
85840,7858
78708,13090
81642,24651
88004,10644
97345,25767
106927,6760
78351,12801
91596,31552
98390,14986
80145,14915
88364,7691
88715,15772
100449,10769
92076,28993
102573,13233
89983,12382
76338,24700
78076,18530
96116,12792
76662,19640
94194,39209
105200,6161
95232,15985
85705,8046
81683,6160
92007,38352
101156,7666
96857,8834
91201,20676
77066,8738
94938,24343
82691,11562
108279,24418
101317,11147
91872,19680
92517,17416
76176,16314
98840,21813
96297,12991
105077,14165
108306,20491
106837,12382
80906,10248
85979,18118
100004,9885
108473,19819
77203,18998
101523,11705
91769,22217
95403,23984
83930,9372
95272,28008
107063,16412
105033,7662
105705,12522
80224,16637
98468,9238
90993,22019
89413,7121
98561,19847
88199,14263
95082,16608
96647,7628
80307,21319
86717,7243
107754,26759
92740,19331
89653,9113
83458,17429
88918,6289
80859,12760
76830,32774
92727,13012
82512,8372
94918,32364
96158,11623
97812,31431
102820,11248
88655,10636
86512,12896
84814,16389
82832,17559
86946,7707
102885,7947
86598,18270
76927,49720
83377,14494
81917,28789
92972,22639
94932,16459
76026,40543
82383,33956
95697,26111
79489,28949
102254,10031
95248,31172
99438,7703
96002,24757
107266,13743
98233,9559
87721,13340
76462,48662
101352,7611
89118,9523
91908,22606
94169,20571
105347,16816
93347,20195
107981,18832
104698,12669
87678,19330
78945,11363
106051,11488
100768,17002
78915,29308
101837,3148
79136,11403
97035,8030
78591,47667
95969,32306
84208,9257
100228,7637
97687,10791
87591,13889
96149,21493
87736,9110
87550,3408
102052,8208
78827,34437
102402,14769
79412,30131
77865,46688
107971,9494
107469,16781
97612,11445
108451,17565
91741,23073
97524,7252
88979,14243
87740,15821
98817,13610
93862,19603
99648,16926
76643,15708
107633,19156
91213,25085
90869,22386
85444,16639
104383,20311
76870,21055
79279,44247
83999,4970
98596,8178
86831,13003
78863,32117
98360,7142
100096,11923
104448,7151
90367,9423
103277,12496
103728,10195
84370,9772
89978,8429
92359,15148
90135,6918
87969,15630
102318,12069
76607,29022
88481,12016
98436,20409
92888,61394
106269,9838
100538,10653
106326,11297
82449,5561
91142,20075
80150,21282
106004,19105
108069,16565
87037,17515
101280,7658
95763,13885
86504,12007
81964,23151
98685,10819
103215,12755
94922,36872
78554,28116
105764,10436
87972,12157
84358,11811
94964,18376
103241,11135
86647,12966
99158,17727
85420,10741
78077,26355
107422,10370
104022,22879
79737,37405
80207,14585
80967,18136
104178,14673
81030,18195
93015,19233
80407,21246
87649,16380
76690,17025
79789,22233
82746,7826
87159,12688
105962,12621
86711,12479
90644,6036
85786,10243
107631,21407
99617,7005
96261,21287
103524,8019
106761,5281
85261,12842
82784,11124
79866,11344
85332,18601
91102,19473
86628,18527
79673,30814
83347,16516
94145,24661
106036,19348
82287,14447
88789,13213
79618,29255
94133,20434
76165,18441
101369,5891
89387,8164
76789,35931
107309,11467
91783,27259
101897,4852
97745,18602
82133,43593
91614,17363
97308,9997
95044,41988
80363,19428
87137,17302
80900,10033
81525,28748
86772,10986
104784,23245
76211,34026
88180,11053
107375,19743
87142,8423
102944,7006
99258,15511
80209,14741
81591,16110
101494,9777
103703,13460
84613,11827
81070,22507
98675,23245
90638,6346
78215,19293
104188,10092
79525,27623
95362,21070
95717,9362
106872,25113
84301,13112
81601,31318
86575,8952
100108,10722
98140,10175
80480,16173
105961,21724
88147,6906
90426,12564
92503,23540
91066,26372
103976,10815
78267,21303
99535,7894
87776,8313
108501,23590
102285,9826
105946,23110
107799,14648
90291,14002
103617,10722
97086,13244
108058,17167
84663,13543
83054,7431
80706,10305
84885,7475
96741,10007
89018,17183
102962,12542
107208,29248
87254,9160
90928,32671
107211,14451
104636,14697
96902,21446
92953,19425
107082,26732
87483,9832
81493,18886
97521,6745
107168,51415
94004,26900
87794,14407
99172,9697
78673,26773
77673,51594
89569,19162
95130,11368
82941,14221
106278,24787
92295,25502
100500,7065
82192,46890
103583,17034
76059,14012
105499,7494
107083,12450
99563,9251
94951,15001
103148,14019
91319,14588
93386,23349
76109,10091
82945,6865
101785,10631
99381,3494
87060,18645
95211,30481
91694,23039
77173,49405
82094,13295
102120,13046
91721,13426
88100,8202
101115,15888
104595,10701
90098,19157
89595,6211
82269,37739
79900,20100
90360,12171
102462,13477
106639,18239
100825,8469
79579,30840
97198,9964
78303,12984
87680,6347
78160,40174
76168,31295
88329,18790
97416,17019
93159,56761
91927,20125
90611,13266
78641,34193
92598,20711
94425,24305
91168,21187
78734,22518
78005,21022
93001,32267
101473,13791
81076,39797
89625,7618
77610,13419
99909,14614
84285,5016
87146,11909
106204,21946
79047,10951
101371,18281
83269,12571
79251,13319
83976,21228
102684,6852
97327,12169
103469,10498
84299,11086
99272,14048
89489,7622
83325,10134
89423,11331
86724,8299
83802,10218
92419,46173
104989,12345
83670,18109
90400,7975
107433,18839
81641,30651
103722,12573
86632,10893
93036,18890
94398,16976
84906,7703
81280,27048
104075,13908
95998,23946
100993,9223
105404,19873
95615,24386
88828,8454
94230,31149
97101,31479
102266,8111
95269,11398
87008,16573
96384,21133
81461,27081
92651,43916
83997,10914
100143,15408
86721,18111
107348,13062
99221,9398
92846,22109
101042,12927
76663,49511
87986,5756
92959,15847
86076,9377
76987,12216
76842,22786
77966,12359
86599,16293
87922,10152
90812,6215
90897,16989
86531,10583
83583,9556
81256,25943
80343,15002
102122,11052
77334,33974
102222,9663
93883,16015
101876,11724
77602,16208
88598,13753
77524,28556
96783,30375
108041,10966
93694,33945
96258,14447
97398,11384
84225,19244
86415,10173
90604,11105
103848,10462
81012,11676
94703,26097
107406,10603
97842,6044
106706,9043
81667,33368
81092,18651
97523,19181
77107,28966
100699,5888
86969,1533
100917,10619
86251,9399
86424,18868
79990,11508
86382,12127
101613,7859
78397,15539
80111,11082
88021,11270
76832,19353
78935,13793
100446,11907
100621,9405
78399,11805
108515,20771
106023,10906
93721,55673
83647,11512
94136,27112
95847,23451
107172,9357
94458,48510
94175,17735
92726,24437
80910,40641
86869,11181
81258,17609
84340,15720
100324,5730
99428,5650
88878,17153
78066,51243
105935,19549
87309,9485
87656,9934
83790,10863
77893,6922
76055,19316
99688,12201
99661,9265
93173,35059
89291,7700
107766,7217
80369,14599
84448,20438
98481,6017
96477,29392
94818,13866
106708,12136
77786,21170
77244,52334
91199,17971
101108,7377
78967,16115
106914,13982
91647,22573
91411,28526
98766,17493
105906,8635
104682,20279
78615,37897
85253,11575
103137,8171
94662,22889
104640,7333
97535,30688
80168,34984
89005,9388
99876,18651
88741,9723
88333,13799
79822,14304
108292,16574
106845,14028
92167,16239
91226,14543
95206,13695
92166,36500
102963,11845
79527,48353
94552,24545
89210,9473
78573,22406
104073,10721
98520,13046
77491,48082
103333,13470
80090,23467
98666,8775
86798,13025
81728,15962
81606,11145
84372,10863
105528,9983
107436,9990
89038,10192
102983,16848
83135,11974
98165,10186
96159,8066
90229,8180
87710,16587
91414,18909
77961,19864
101890,13619
83710,9050
92874,23724
86534,7552
98517,20811
76174,35468
107068,20656
98050,12621
98718,13890
101964,13984
96813,13877
95118,16034
91139,26785
98838,2167
98268,10251
99553,12151
98904,10543
80828,29423
100001,6883
106691,21615
108038,22065
98715,7359
85714,8212
88475,21747
91923,24622
94795,18099
79738,12223
104213,9347
89425,2482
82405,13854
101000,8331
83819,17245
103491,9923
88226,9595
102022,10804
106889,7656
98697,15684
97178,8874
92375,20090
95917,32154
96308,12735
92406,16544
108375,8897
76860,13666
82234,20364
99593,10250
82962,11702
82016,11933
86781,20025
101065,15040
95525,19851
95306,30535
77397,34498
92496,23327
102473,13776
102927,14410
91897,27068
95554,16282
97488,21935
76085,18124
84133,10312
106369,21149
92172,12605
80532,12726
96952,6343
104627,26397
87415,10597
97047,10805
87227,11394
100308,7318
105075,17528
84539,16769
92284,19617
95634,34538
86731,9886
96425,12838
96765,12414
93239,12798
95450,15739
102086,16187
103024,10427
92808,24373
99619,7466
79704,18557
99613,21136
106854,7676
80959,45999
96020,16523
78736,14122
101207,14313
89767,7114
105747,18279
77828,17060
91572,27227
88785,14217
76972,27247
76362,23995
87572,23387
82399,31663
93833,20044
94597,19723
86551,9575
107163,15181
84085,12672
93349,31646
99389,19049
80970,20643
96279,9481
95329,27892
99228,11270
90184,16042
107226,15282
80769,26617
80742,16964
93650,21495
107530,24684
87038,10415
80146,32992
94892,28819
107150,19096
77880,33863
100591,6765
80919,13387
84533,7020
82006,12114
83592,15418
77124,22178
93924,19472
95528,18935
105644,14152
85662,17015
83079,12980
106655,11496
96517,12594
80260,34830
78203,13272
104045,20623
76147,31551
94260,24205
101648,12623
84725,11389
100099,11587
79381,8074
77511,10718
78265,15233
85496,10121
77336,12686
80330,31682
97617,13267
94477,38699
94881,10069
76653,100883
89023,16909
104965,17609
79637,16583
94018,18495
76481,12603
76139,17166
89662,15339
105654,19736
101555,3822
107636,14444
99722,10660
77887,35509
83236,16642
107964,22319
108137,13192
99718,20899
86701,15097
77077,17297
88040,39510
78583,16554
85917,12176
81283,23622
104304,10980
87081,15297
87129,8493
98111,7072
76125,21158
89395,8374
105028,13056
98036,12187
78805,10841
103101,12794
108365,9590
103367,15880
79524,25695
96079,28046
104361,45147
106133,29091
88514,16517
80511,65204
90340,9204
105563,18036
85987,15690
88251,15316
104270,17424
100820,7104
91061,23974
94348,23457
106956,24183
100858,9841
81114,25603
103100,9204
87787,9618
96168,21207
107880,10179
79423,9122
96948,9239
99709,11132
92562,23922
101684,10821
99037,16203
89129,11903
78722,17147
100854,13106
94206,21571
107045,7158
102537,11843
95597,46116
88680,13604
96439,18054
95466,22701
89104,6087
88224,9963
86152,9528
98291,11740
106901,19217
81783,39198
100932,6734
81607,10252
96664,13734
87553,18705
95513,29972
89899,16420
98891,21070
107167,10305
77353,11537
106280,20866
90874,6636
101248,7675
79805,28384
106429,8976
80749,29434
100354,8751
80249,15103
108135,42291
80931,17123
107899,8583
106399,12315
92635,30490
99128,7716
83388,9640
79225,33076
103533,7501
103029,13767
107588,27266
92646,30189
95432,26788
105377,10220
104914,15949
103692,6601
90273,16058
91496,14600
90243,31162
88300,10987
87519,12695
91612,19035
101939,8459
91015,29079
90181,21590
78441,16108
108389,11470
92627,21068
96927,8890
87730,10557
89842,20235
92971,17124
85556,10083
82669,13338
96673,9446
79153,41602
104675,12438
91062,23070
93779,23450
84248,20395
85038,16267
87003,13578
104951,13424
80530,9797
83785,16951
88812,9795
82270,34216
108300,12297
103880,9904
90507,16768
108049,9882
77105,22295
86615,10319
86494,8187
103184,9778
98599,22848
104375,29470
107205,30542
78844,9834
99780,20238
88969,8915
95137,43413
102509,10075
77745,30559
86566,6412
97877,13476
101765,6931
77886,11315
90185,8196
104203,15852
85229,16699
96143,18826
88575,16882
104096,15530
90161,13686
100702,7648
91390,22628
94518,19377
95365,15008
77078,9981
103981,9595
93049,24234
104932,7986
80929,21273
84280,17017
107619,9059
96726,7235
95122,12880
96286,26368
104463,11892
79669,13911
83751,10884
103686,7640
76601,28867
78424,30075
103522,18143
96181,16496
106896,22508
103201,11856
108472,20899
96100,9958
78149,37274
99046,7538
101215,8661
95675,26547
103753,7276
102010,13026
99789,7976
78760,28134
88270,15039
77169,31022
94033,30992
96304,11017
83591,9371
80417,19133
87101,19535
91487,21139
107256,28292
81695,29833
104760,6792
86668,10782
106007,28151
94726,18027
80940,30367
94574,14922
100505,11176
86383,8839
95683,16590
79982,11348
91488,36027
79556,40492
108183,16163
93993,32962
95976,33229
98574,24826
94825,37254
88397,10137
84250,11267
98593,10151
98330,6552
103350,7181
79640,11391
88447,11380
97515,16157
99951,13078
99333,12703
88755,6202
86184,16142
79396,12715
86690,13883
84172,13530
94766,25108
95569,32980
106158,14209
81339,13295
93286,26916
98950,6819
78868,15876
100793,6521
90095,16970
77269,25413
79615,22782
104050,8945
103961,11729
105844,16061
101832,6454
102550,15161
101434,15408
101418,6932
108042,14876
107747,11379
84521,8297
97615,13819
81424,11264
99517,8702
86658,18450
91422,19059
83839,16846
95100,16780
108425,19678
102439,6443
88840,11746
90580,11521
85770,9329
87728,18308
89952,24799
97315,16998
85711,10696
90358,16736
102929,6972
82447,9993
100245,14842
84784,9550
76465,15899
87664,9343
105387,13100
77089,17868
81610,11425
81058,16466
77730,56275
87459,27837
104036,12478
107145,16233
82326,31328
98946,11964
107053,3451
108371,16867
99914,7383
103049,15460
108509,12470
97598,21662
79617,25855
95140,19425
90323,5088
87974,19327
103944,7768
103018,15408
87158,10917
77669,17820
98042,18267
78268,47570
90767,6913
90669,13309
81912,4311
100120,10811
102601,9359
106911,12515
85941,11123
87006,19784
79286,26128
97138,11262
90797,5632
100707,10459
107334,10828
85757,8892
85888,19663
99962,22083
76188,35488
99064,23727
77045,34413
84655,9359
107154,21875
95840,13478
82979,15020
97459,7835
89352,4864
98956,20058
96121,20779
84625,13138
98767,8168
104355,19290
89678,17898
91357,33347
75998,14885
107603,13393
86574,11970
83632,14361
89374,16439
81663,13355
85717,6730
107272,14210
106265,2843
99040,16909
88694,16133
85144,16139
86820,11861
102396,9322
87881,10660
76603,15003
100941,8618
97580,25982
106362,14683
84680,6543
105064,10052
105522,17672
82587,15684
81216,32564
77075,18997
95633,17035
97702,7479
106735,10481
78177,19466
108495,10399
100743,9703
88876,1611
101192,14210
87450,11804
87281,10602
89740,18202
91037,16277
88485,19637
103760,10834
108527,8140
94564,31668
96909,13703
96759,14321
99752,7546
96075,15688
93329,15028
96936,25738
98873,8368
90863,10671
76692,46020
89812,15997
82128,13607
96066,8997
95160,32745
94923,20957
79998,21073
98555,19644
84197,9868
93881,41856
96420,10807
91466,11984
102246,9097
95149,24557
92066,32906
94579,32070
81791,28205
87929,8832
79839,17457
103708,9910
78718,22289
87840,16541
86316,12455
106118,25100
87923,9858
105417,19894
95584,25638
80187,8697
96280,18425
88069,7453
102826,10011
91166,18875
95616,29283
77374,26038
101288,6719
88801,15233
100060,8259
97336,9715
79226,14820
106287,10720
95018,21735
78131,16237
84551,18752
100445,5511
93031,23647
104415,15927
82984,18985
104242,7257
86170,18398
79814,20636
94172,29922
95530,48710
96105,12281
87822,8607
78073,15393
106610,18810
99065,10075
77646,52101
86266,16558
80186,17215
102645,9678
83453,16430
93905,25822
90535,4704
103695,12410
87488,17091
84520,10085
97541,10615
93818,28513
90796,22764
92896,30886
95577,17073
101488,13977
92336,26433
98826,9131
99527,13791
90582,11357
99787,21480
107806,14507
94108,19959
96333,8427
100710,13432
94129,18007
85361,8467
86043,32759
86833,13056
94373,18438
77978,26164
96250,18061
95594,29461
96781,32581
91860,28492
91206,18477
102627,7194
89384,16121
100945,10417
103337,8039
78230,20744
103814,11887
96429,11770
81547,25972
85056,22241
107758,9471
81328,22108
100775,6252
82066,20299
83908,17838
105323,11247
77492,16901
107451,8435
77351,10993
98029,8144
101572,6714
94944,30839
91179,29253
97780,26522
97978,10543
104953,13096
89173,20233
103406,10825
105570,7236
81815,18302
83095,13279
92184,22260
88793,12314
81805,9208
85794,16930
97245,30191
88691,9924
98261,22722
76495,23107
100400,9837
95964,33278
101477,9642
91345,19594
76207,35791
88153,17429
96153,17184
82291,13153
99451,7837
87965,20949
102559,10403
106147,9924
77921,15057
82334,22260
108164,11075
106096,9831
87657,17520
98448,21961
91900,22056
103220,10827
107077,8696
78197,11572
101655,12196
107006,11521
101367,10702
91219,27069
92182,16718
81544,18514
80496,21010
81766,23228
96589,9114
81711,20363
94981,26272
80701,15606
83791,12813
84832,15073
108407,8830
98308,17149
101437,6898
91248,35506
104100,19999
78410,29860
98413,18130
90060,11624
101366,6665
98709,9026
102890,8931
87962,13466
79140,15004
94166,33802
105551,10810
99518,11496
101813,14075
97443,24285
89725,8015
100115,15524
91893,17391
90000,5845
82989,11280
89359,16241
91971,41066
88614,8239
104765,11632
80918,25104
91622,16732
88210,11075
82019,54112
85200,12719
81558,22228
99276,10805
81563,35734
99583,9239
77201,10677
94664,19835
99203,9847
89314,11481
89306,15271
90716,16085
84217,16925
104655,21138
92210,19624
82528,8110
91346,49119
88118,19071
76132,21093
101208,11619
102136,8297
77562,32563
108283,25963
100008,15408
91342,41341
107698,11473
81538,11645
99044,15086
83163,6762
105124,8483
86549,9544
91034,10323
101853,7578
99837,19906
89337,9974
107369,8903
77529,16467
78801,17445
76409,22722
98146,9248
91565,48037
107994,19397
93945,29151
99755,11120
78753,28115
79674,22704
101599,10561
81659,33514
96322,6916
80700,32937
101522,15408
93595,25692
78924,18865
102891,10561
107611,17474
78528,43924
86323,16876
103910,10754
93854,20141
88710,7987
82438,23491
83328,13507
91690,24969
83796,6057
99904,9193
100270,10916
88422,8284
102971,7882
106161,10098
91244,15663
81158,16403
98004,22212
84522,10235
81215,24195
94487,22904
78065,20333
97766,19984
86180,12883
87921,10262
76160,30247
104197,10253
100295,8462
96012,13124
95783,14049
104527,22455
77354,29698
106062,8351
84578,9022
99784,13055
91716,21413
97394,13165
97254,25104
87501,17458
95532,13997
91011,24831
106069,24233
105103,17910
84421,11047
87363,4860
108379,13181
83268,10463
94592,34671
84041,15307
88908,24181
85932,17458
96593,10476
106195,10277
107153,30864
104500,14231
85737,12312
75997,10633
79336,33792
77061,39853
88839,18456
86859,9445
101090,12837
87563,10257
107188,9031
95198,18421
86476,16362
99894,24346
88279,10296
108121,13463
99827,14382
107457,29820
96509,28244
101858,9459
93052,26628
91879,28658
107229,5924
87917,10445
82310,10454
93584,15123
94356,2333
76249,43388
88386,18847
104406,15146
98286,7229
95310,20591
95994,22230
79879,30277
97135,12646
81818,27623
108055,19596
96474,22125
104358,27123
77110,11893
95124,10749
100539,13095
102883,8442
94081,3953
100018,8010
101491,12563
89297,20114
99337,24039
78463,12747
97799,14769
92138,21306
83715,14043
90455,11729
89100,11410
79908,20776
91045,16609
78357,16210
83989,14455
83057,7877
92472,14196
77836,7530
91661,25840
103107,13061
95476,27137
96615,15234
76337,57405
85067,16234
95176,15506
104450,28255
104227,25110
94327,15592
97056,22037
79775,14611
91282,27228
98425,14258
79509,17581
79798,14687
82615,4480
106314,21939
88964,11243
94303,14713
96851,8437
104465,12006
89500,10933
100482,8069
102159,8086
83242,9997
104780,18386
83902,7533
88955,11960
83139,5508
88842,26107
99320,7563
81840,25971
103216,7288
80734,23334
102743,18701
76855,24481
89866,15409
106171,32198
76530,13052
77933,11859
89304,11332
77180,29749
101525,12669
83657,14288
92832,18784
102059,12863
98895,2798
87994,18942
86458,10290
95568,33844
79603,23266
77681,15056
105596,16479
100815,7197
77113,53417
95519,12241
82180,14899
105893,19606
96087,6379
102458,9897
104637,16909
78633,21177
101205,10561
90825,6882
77280,31725
94924,13907
92185,30416
101547,16099
88425,13302
95191,20915
82878,12525
87900,15469
90045,6734
85402,18468
78124,19624
100374,9995
96192,8876
108050,46214
98773,5678
105534,8542
89256,14810
102735,15567
101683,10770
80977,31323
98983,9841
91969,47966
101852,14757
77600,15378
95813,15243
85687,19405
97288,8778
76331,15947
76111,18754
84464,13686
102105,10773
92739,40855
87154,18178
76313,9861
80830,15201
107419,43966
103729,15985
93796,20232
85542,8339
89838,18259
93303,17839
86555,9947
81471,22549
97273,31254
84529,11459
86886,2335
77905,43688
78325,13539
91821,24223
79209,17382
107729,10675
88328,10412
85466,8550
105634,8965
79780,11078
107271,11222
77909,25755
81592,21721
90946,18877
96511,11441
101345,10835
94773,22721
106754,39207
82112,23429
76758,27836
99146,19107
103707,8660
84009,18335
84288,13731
107688,11393
98025,17521
94529,26022
78142,19563
98985,18845
96366,18225
96697,8657
93267,18428
98625,6489
90111,15416
94666,28830
102390,8034
87799,8606
101806,9336
92319,15677
82564,9400
80431,31681
90298,9982
83570,3709
85343,15610
104567,20783
107481,17289
80625,16913
98575,10659
76415,17146
95772,26600
85564,17313
106489,9433
104520,9580
85622,10751
104842,25718
81717,31140
91720,12560
93411,29743
91818,36937
103824,11409
106453,20522
96056,23030
87924,13200
76902,28664
107200,32723
98825,5837
84740,13808
94186,32889
87093,9687
90703,9318
87711,10550
89763,14627
107087,10528
97903,11522
105393,11330
77984,19147
93270,31536
83584,12436
95630,23951
92001,10754
104596,14755
108196,13768
94963,15139
103813,5388
97285,10186
102140,7949
82537,2526
105396,20741
92363,21803
87145,11637
83808,7448
98940,9710
79334,18350
88939,9421
86108,11385
107513,19831
93992,15665
77114,16297
106247,12013
106460,26487
90980,23939
91407,40259
92716,14573
94427,23462
79107,59332
97517,24852
82963,10157
95600,19688
105627,21090
94599,26097
93831,27558
77796,25361
86054,9137
103984,6982
79232,23669
86186,9832
79993,22966
106645,21363
100923,10540
79473,7198
78631,12702
98920,10741
93487,18415
89722,7609
86489,9552
77792,34621
83434,20412
81597,19565
93788,31920
105929,12198
83037,14983
96675,21613
85315,21657
88309,16444
80642,21537
85401,14794
81449,13868
108274,25792
106544,7434
91643,41203
77829,31220
78255,17455
106408,12189
96365,13918
89365,13637
98758,14062
82412,16512
103970,5474
82004,28805
76359,24651
77601,21657
87750,13279
103263,8530
103050,18378
106203,29695
107465,26646
89824,12143
83691,13003
83517,11995
87354,11040
80631,47842
88470,16355
85074,10154
106338,11244
86031,6445
77815,55113
94854,30874
92558,11353
105202,8895
79841,15657
81027,33380
81862,22424
90349,15444
95059,32877
100279,8982
106984,22629
92688,26204
79781,12661
105426,21840
76908,20663
86624,7930
77747,23146
104911,18745
100968,10247
103235,2930
79717,7185
93346,15879
81416,49997
105745,16936
89942,15149
99350,18503
77848,17435
98163,8559
79733,12393
106417,10657
98931,6864
79025,22357
96098,22704
89627,11714
100722,9446
89119,7705
106445,18903
80588,19479
91785,32772
79294,14471
105542,15057
98603,14380
103921,7632
98405,19834
79284,21613
104738,16348
104623,15546
105041,10526
107556,14240
103553,18376
88716,21689
88844,9585
87568,4048
84183,16026
104240,17798
87404,13018
95985,14477
95986,15150
102723,8580
93713,33465
97359,8509
91991,20835
77490,19910
106975,10167
98180,13124
80465,4775
98027,1390
79085,14859
92539,33318
92267,24936
87807,5088
78839,12712
102361,9674
76828,20210
105914,26277
80885,35129
89833,19907
81436,10210
94157,24689
98733,14447
102978,5288
81455,19122
88578,4497
105743,12636
94325,55109
79801,21567
105405,18785
80670,23710
91173,12741
80960,14230
80623,34714
93516,20028
101762,12274
104665,17492
93682,29145
86261,7031
97450,7609
97153,9182
82769,8859
81781,11758
108329,11149
93812,35140
81383,16203
84306,10065
78773,7710
85809,11989
86305,10762
88701,14341
99973,6776
106851,11832
89751,10293
83788,7841
80351,12101
84894,12833
97232,9666
82689,15353
102485,13070
96093,10966
78234,46477
83402,10748
96362,30094
85275,10689
106895,22728
87163,16468
94751,14248
93542,19383
77980,21967
76166,13006
89776,15006
106767,19172
84743,18680
92273,22509
97882,11569
76744,18001
86560,12377
93835,16975
94203,12109
88439,9866
96097,28331
105131,19710
100343,9027
90841,11010
90540,8945
92762,22319
107805,19164
102622,8568
108073,25177
86061,18547
92883,22029
82290,5136
87824,8632
82554,16667
102928,11090
77420,15028
76315,25627
99825,7880
89292,10967
87301,4425
103076,11699
93084,29617
96934,7831
85141,5779
101607,9824
106992,27457
95873,24784
83341,4719
78017,23949
83129,23813
92261,12276
83824,17298
86151,12055
88105,12867
101848,8434
89588,7574
93705,23363
93017,18295
77465,19861
105484,12274
76751,11961
97511,12227
102864,10111
85858,16890
94836,18426
85250,8983
78497,22267
99540,11662
97147,29861
81347,25385
95555,23331
98074,20043
104435,10090
107097,11938
92205,14466
90822,12142
93344,11816
84232,11761
105217,32519
76013,24996
102818,10366
106541,11926
87213,9077
94119,20653
105753,23854
90397,15436
87612,5939
82789,15967
102916,10236
104561,7706
105428,12260
86677,7909
95080,26663
90113,9032
77433,21143
106180,20307
101692,8061
80466,3154
99512,16926
104554,12112
89047,13497
93888,30347
89659,10228
89920,8638
86975,16967
91405,28314
83203,28752
104338,18076
91659,33187
86385,14616
81048,15239
102880,9464
100237,10695
97751,6984
85614,6608
106145,10024
105955,10170
100146,9441
107491,17804
80061,19120
94324,29610
97114,24272
106600,8087
90922,23407
80222,11861
99356,8955
92780,21620
107380,8906
86069,10458
107753,18742
97983,11013
88082,9746
82115,12046
81634,16529
89943,11828
104167,14021
91010,22470
85004,11597
96953,21081
78632,13805
76114,14284
78570,12510
82674,13694
91196,14365
93734,12627
96031,23794
102015,9458
108372,26244
98719,10647
83391,9873
97098,18040
104357,13639
93495,18408
86422,17594
99731,12959
94144,19355
88103,8484
105199,24354
97003,7352
99925,8639
92816,15496
98472,10859
91986,15010
84152,7986
87538,12986
93305,20507
104249,15889
85501,10715
82343,26028
80601,34341
99715,15450
90451,32343
98282,10475
98397,20722
76414,16576
99016,14318
85767,11033
102787,10149
101188,13066
85019,14792
79803,10926
107582,10022
98501,9004
107021,9478
82317,20067
105678,2695
77931,20622
101619,9280
76128,16469
86460,16639
106084,7967
80551,20103
77062,30278
98406,18229
103489,6373
107191,8992
88549,13356
85095,13943
83923,16031
87074,16233
94031,24933
99120,6366
105824,13368
82389,36418
91994,17491
85060,9715
87412,20093
94683,18336
83069,20528
77071,28442
81406,32026
89203,10953
82423,9696
88301,11257
86758,11622
94072,16245
102247,9845
101529,8347
100738,12013
101790,10167
96188,9002
98656,15571
79321,12245
80052,17285
85150,15730
102370,8140
107503,20296
76560,22256
85319,10421
89242,19243
89510,6705
104922,23786
86937,14864
107780,35111
102448,9771
89648,9947
95347,21131
97926,9909
104963,14624
92272,16807
76618,21962
87722,10982
85560,15208
92621,25733
87712,10630
91009,30453
76199,19714
99145,26532
103618,13982
106072,14670
102488,7117
79837,22257
102792,15161
86565,5972
98631,15286
106374,46776
108222,8833
92127,19220
96068,12326
84411,11714
102143,10541
77502,20966
105514,15946
76896,32820
104868,20179
99686,13577
96721,20392
93026,20220
95961,22390
97465,12632
86075,13845
106946,11949
97605,17240
83156,18779
88123,17610
106817,9912
103245,7646
78564,34113
81879,23034
102330,9075
98866,11940
87178,18773
83106,10426
78280,17220
101161,11799
96047,12620
93044,12151
90176,33767
76585,21792
99524,22040
97467,24452
95557,14655
102816,8820
87141,13360
82602,13183
80108,23110
77871,18119
89910,7102
76255,11105
76231,53361
87089,14518
107635,15024
80916,25853
95179,37810
90694,7443
87504,18873
95882,20089
82944,9266
90862,4094
89494,10943
81196,36358
78258,26191
98420,8969
84051,12400
97011,12692
97357,6834
82683,10196
107472,9734
101033,8320
86376,19119
97773,26474
76448,23460
94912,22178
100444,11066
92364,23112
104206,24339
82384,28203
78524,27573
82825,15403
81519,20093
89462,5507
94783,26561
99101,8878
102363,7387
107901,13345
107950,30934
94631,22447
85176,9883
93934,14843
99621,3030
101616,5496
86156,16246
96327,7411
89538,14315
98236,20802
92253,20886
105896,18727
97333,17764
83166,20273
96224,13931
94462,23500
82796,10397
103597,10398
99905,10576
107349,14457
76754,20763
90912,26513
108289,25631
94106,28452
86956,18409
82492,7538
81747,11590
89144,10050
85256,11526
85342,9342
108054,12854
94681,30460
86244,9414
81028,28379
86773,7878
108431,20019
102839,9717
77700,11863
92967,20486
91982,19961
80639,11668
97770,11294
100460,14056
100531,10128
84508,11113
103706,3522
79723,45934
88897,9908
88695,10176
87380,7356
76070,22527
99342,25709
79110,16770
89341,13585
90330,18173
93894,28117
104137,6107
89113,10873
91150,17348
79621,26092
86822,8332
104869,13834
93874,15770
77606,27273
96981,9125
88437,7950
87834,10185
98923,9601
108118,24290
94447,18997
99454,20892
82144,14003
83494,13560
76545,17245
85852,14286
107056,24767
95419,10015
76570,20664
91325,19030
98990,9532
107639,14214
100232,10734
83318,15343
82277,39803
105198,17181
107660,20137
92349,24877
105445,15748
98333,12030
100919,13045
94295,30953
105853,6792
100457,11078
77726,16203
96027,10141
104201,11931
105205,23805
94718,78102
96617,13578
81405,12356
98642,15497
89156,13261
104916,10834
107696,28828
87902,10796
106870,9771
106153,13115
85108,14877
106590,14826
97948,8804
77144,28598
91535,13431
83900,4242
107374,5950
106805,14841
101971,6899
103690,8164
107830,14075
105302,16535
90504,12512
91865,17080
107204,19818
93231,29844
94654,16050
107435,9570
78616,30515
102268,14195
81320,19935
85005,11965
98032,7812
92938,29555
76177,11028
83869,22152
85806,5590
77987,10492
103802,10013
104020,22415
93262,22410
92988,25409
84434,17659
95648,34694
77947,31176
76135,18058
80971,33081
105584,11467
85530,13189
106515,13465
80686,25696
85040,17576
77404,9505
91234,37761
99225,10439
88808,11735
89948,15760
107161,3525
83683,11033
83709,17599
80256,18454
83504,13356
90112,9227
93042,35888
89466,6526
103405,13506
86026,36043
86824,15482
79357,23610
78812,11271
105364,18795
105744,7478
99819,22381
91051,22746
95688,21077
102174,14423
91914,46584
86568,7760
98761,1514
101252,9608
91406,17849
78069,14826
86168,19322
105858,11996
83972,16951
107196,22565
80990,11134
101095,13256
93806,22689
104535,8244
99257,8862
94967,15731
94257,17154
100543,8381
96277,17426
78730,13507
82370,18354
86050,10856
104245,23180
89903,11320
106353,14834
90055,9463
78070,26450
84302,11490
101048,8445
97981,8866
85001,16298
79444,23383
88862,11566
90445,10132
92203,39689
100623,8154
94528,20359
94482,18241
77706,30007
100947,9265
94367,24563
108205,20775
77256,28582
88458,17838
102997,9157
88421,9353
86001,10122
97594,12641
76992,28689
92157,15958
106018,8158
85491,13523
103359,9399
101024,7684
95167,31975
93493,20138
77624,19517
76803,26246
77142,23159
86693,18809
101755,9498
82229,31641
105220,10449
81442,39807
92017,10459
106471,12082
86231,11091
92036,23795
93224,25847
87139,9306
107623,10276
81066,27137
97790,13173
76514,20971
85297,11793
93020,11197
88666,17138
98711,14813
107486,20889
79363,29899
88053,7816
87127,13606
104704,25830
103808,9466
90199,26228
92950,71639
92002,21053
108435,13675
86748,10796
86978,7919
79932,32767
107382,6904
82616,14669
99198,22682
96788,7731
92073,20102
92060,16822
79559,7982
105276,19973
78536,17503
86795,16211
103739,17080
105087,21800
106499,15641
81009,48567
77053,28366
104832,7099
81864,13527
102634,8634
90510,7149
103001,6852
97323,22848
77996,37199
89082,16186
106910,19403
83882,8112
106459,21975
99678,7036
92583,38368
76986,22107
90844,8739
94286,10761
85208,11191
81224,20282
85569,6617
78152,23652
93054,18135
93481,21395
99735,14148
88060,14927
97546,12898
81083,29420
100259,10949
77751,12957
105093,7566
94991,18958
91352,24053
99901,11667
83577,14623
95846,38661
89917,16518
93394,16037
102805,5948
105448,25235
108444,13216
100862,5835
95006,50357
86446,8259
90906,20815
95336,26742
94904,12841
81105,14365
78132,11737
87302,10784
101471,10014
90015,8870
90539,14527
82418,9226
79940,20005
77401,35952
79054,13305
78493,46367
87727,8116
100390,7941
86020,11499
106293,24636
105435,11722
81992,28113
92805,18359
92871,21089
101833,12582
98352,10567
98629,12912
79700,16449
99710,13845
84526,19784
98636,12036
106829,10195
99652,19331
85469,7798
82224,21298
81899,18895
94817,23742
92379,26471
94423,29895
94010,27824
84867,13273
84679,14942
103292,9793
77349,19420
77697,11619
103017,4153
79727,22048
86490,10016
101009,7489
96540,13767
106974,19936
80055,20034
102035,8895
87843,7623
107868,23198
100831,6098
98936,10203
96915,26385
88473,18468
89030,11837
95894,21094
92113,23199
105809,8654
99360,14501
86746,9266
101917,10316
96687,13404
101210,7749
101146,10045
104900,9414
85924,21045
90544,7397
93003,19869
98738,12433
99884,7332
108053,25840
90188,6556
91970,19795
103257,7100
83138,8107
104017,29671
105104,7610
100054,11021
87155,18270
107600,10860
80848,29464
86709,17009
106214,29793
91963,24556
97698,7144
106109,11705
88231,9957
104537,10883
99388,11297
94517,19348
76658,40754
107430,23513
87408,10274
105971,17377
90264,14862
78434,17744
88248,18648
103386,7200
87862,35449
83101,16302
92350,28687
98624,5883
97298,12451
81919,17045
80556,24596
98141,14205
88205,15541
102779,16099
99926,9727
101484,6593
102869,16355
89043,13327
92878,26807
101071,15628
106583,25409
106819,10017
79956,14838
90659,16981
82276,11466
85881,16836
76753,33998
102970,12292
93126,32519
97964,12766
81951,12013
101200,12688
96104,29936
78169,19752
90062,11501
100918,9975
108353,11087
96642,15202
104763,10848
100926,14096
107597,10717
102765,6954
85805,12200
102162,13087
82952,15627
94184,45958
87797,13833
101511,7309
107686,6672
95366,13209
78349,7901
100908,3935
96196,10142
107677,21376
93603,23083
99861,14526
87456,15371
82484,13198
89252,14615
104243,20235
107181,30496
90446,4018
81412,15731
86732,12977
103972,9819
102586,9563
82466,13535
84937,16723
103038,15408
104111,19621
101111,13959
107812,12060
81483,17675
81303,18355
105370,14572
80504,28107
85839,11916
91560,17152
92722,43488
86115,17667
88062,20799
104876,16902
98777,15545
92504,19980
94025,11512
87253,15350
106668,30438
100007,10651
100956,15223
104055,13420
83761,8747
79429,19448
104731,20937
104125,11609
95628,23529
80913,27046
85196,13624
102697,11883
98587,6187
106771,18981
90889,12933
99697,8658
101404,8238
96283,10075
83072,8550
84053,9340
92435,19067
99445,11733
94604,33503
105585,20023
106189,13827
108456,28011
107914,11589
105646,10603
99808,21161
101337,12853
94636,11180
100480,7657
104644,25762
96254,23379
105238,21561
99534,6183
85285,12180
82145,19320
79604,17447
92928,24650
82245,28005
100973,11687
76365,17261
79164,18034
75989,16278
96557,21088
95029,6337
107817,7216
98521,10235
103150,11852
95850,14027
102008,10059
106002,13955
106077,18963
83367,10890
97196,14674
76566,8108
104384,25706
80692,15080
101094,11170
81800,18561
86722,14749
100318,14374
104827,22192
98244,6517
94712,27330
98393,7421
80771,5266
86607,17458
80768,10849
96949,18831
87207,9834
84629,10334
76136,21452
76644,9172
107649,17064
90281,13708
108187,16086
92025,36897
99737,22776
90801,16789
100790,13185
102558,14280
98713,9580
103633,7984
101449,14436
81515,19562
98364,10456
83966,12194
99995,9900
99150,45404
86873,13564
83731,20196
80810,36442
94650,17396
82521,17561
100255,7430
80454,9224
105154,13182
79689,21665
86810,7136
82113,20745
85929,8077
77522,26999
103578,4686
102688,15051
90791,18317
94401,28316
76740,18220
81666,14926
100227,1154
85673,10581
108395,25573
100214,4834
95659,24142
80490,25022
88384,11593
107062,9055
105277,9263
79265,30316
84984,10664
77376,12117
77355,23885
86313,19280
99285,24051
98028,8939
77611,16020
90056,16207
84773,9801
99264,18984
100948,19779
82379,27256
85047,18109
104114,17904
107632,18682
93536,14134
81421,35095
104793,36763
88141,14957
102679,11252
81051,27897
101005,14846
97532,10002
102499,13474
89537,13850
93046,19579
79823,17098
98882,22909
97094,14804
82461,10978
86118,9702
89801,6908
83127,16298
107519,9984
82583,8416
103259,8603
81152,15154
106206,25860
96706,9024
88303,16680
94241,25563
95076,25808
107546,8599
78467,18891
98304,19679
95393,19651
98134,11333
104152,15545
76818,21640
84707,6541
87889,16998
104736,14534
87844,17609
88388,9119
83940,11852
99536,18612
83313,16879
89864,14669
106944,18642
105635,7903
83110,9643
78937,39322
91724,20158
94886,19529
91449,18896
81745,29325
93405,14683
99402,2985
94317,13767
78503,20782
87111,16211
108538,14468
90689,7683
84402,18011
80890,19960
101682,6971
81874,11002
84259,4620
96616,14964
106173,6896
102534,7996
81629,57731
104910,12750
92100,29381
98454,9902
81880,22119
83346,11979
95335,23190
106693,23935
107432,10022
82694,11343
100199,10816
107361,21470
88659,9907
84237,5513
83666,9699
104468,28485
95495,15373
84298,17520
108427,13642
88238,16739
103836,14110
87394,10492
77799,16703
97905,9193
101142,15698
103274,6378
88302,13359
76533,12197
80080,33591
105134,12222
100792,7338
81408,18028
80410,17921
86355,12194
100954,6731
93799,18166
100810,7811
80379,16200
107796,20676
94046,15977
99931,16050
85890,3143
106923,13740
98319,12559
94853,18988
91069,54515
78790,6874
92697,25082
94765,30392
102150,8513
105768,8796
81755,20082
96933,9883
92136,57551
96082,7599
108457,16351
95142,25196
85688,19216
86672,11845
107583,11052
93369,25954
97637,11269
80868,15565
102315,7761
108428,16598
99478,11378
98906,6567
96394,9482
106032,16439
76121,19169
92642,18862
94725,19544
84528,15931
104492,11672
98456,24433
102089,9917
105274,4777
91436,30343
99127,4342
80416,16888
83419,7943
76209,20148
91874,14749
107892,13613
86727,11745
83096,6413
107036,17575
86096,8413
89684,8810
105301,11133
79056,15796
103508,15549
102651,11732
76605,17693
99170,5845
94850,13862
78638,11736
106031,16954
104955,11919
101565,10788
105886,26270
86499,12208
91809,38266
86033,8988
90761,16739
104168,26272
88048,15703
106343,28802
96568,9461
90082,33583
85659,8638
102950,10096
96231,9646
101781,15337
103210,7400
95174,4272
105594,20843
107809,22977
81222,33028
84506,19792
83399,13173
88318,22646
106235,22788
83952,10345
103610,11741
107273,18379
102134,15408
77708,27393
99754,13143
103372,12184
90457,8043
80228,10593
105630,17962
78448,24058
86729,10049
108510,11923
79686,30740
82677,16913
94161,24104
93064,15139
103595,4004
107257,6886
81162,32418
106410,10115
97829,22607
92429,21541
90183,16181
83816,17531
88613,9777
90025,7022
89004,6764
107997,18132
97458,16060
82737,9651
101739,11372
86766,14235
77098,15295
93598,21821
108115,11745
107653,29519
94706,21651
105344,9700
87516,7641
98959,6901
104557,9466
99137,6063
102126,5484
104455,12270
104278,11311
80331,23243
90087,19058
93700,29689
108517,13218
97373,20040
83394,18838
100989,10760
82625,15378
93457,12081
103186,10278
85133,12039
101198,6575
102095,7415
99684,6777
83595,14423
76960,37285
103015,6222
91987,44052
78825,28432
87668,18031
84826,17879
92309,11687
90969,18835
92987,15447
105317,17354
93606,23737
95536,46848
92839,16999
102133,10829
105225,20145
85627,9708
79013,50216
92008,26941
80983,19625
106475,26296
99357,12483
79246,23056
83200,7722
79656,21641
99031,24975
82780,16098
88310,11105
98056,25144
77289,19846
105503,15243
79198,33684
93429,26920
97172,12556
105958,20068
103180,2865
85825,8505
81725,32673
86590,15356
92366,30404
80589,70579
95454,17874
104525,7514
107646,6178
99226,9131
77273,20506
99642,12580
91195,24906
98641,21251
107724,26127
89646,25584
85873,14557
81468,33781
97648,7387
85573,10974
102394,3741
77771,21068
88122,13963
85640,13947
97560,6039
100584,5642
97404,13387
82414,10451
84609,11925
100462,10280
91573,16359
94716,18890
107560,26069
79627,17977
83025,12670
91918,9145
87344,13778
91683,29727
77259,13477
95887,21470
96802,14928
103965,5891
78110,9722
99144,9414
86801,11402
88181,6969
88262,18453
85846,19566
97896,14073
92462,51191
99668,21165
89440,8061
82867,26952
85857,11235
79583,30381
103090,9377
104184,30790
100921,10605
83124,14543
93320,22992
81985,26333
89618,18059
90086,8243
80855,30309
105114,10363
92497,23596
89049,9906
88584,21069
88019,15289
80119,21404
84879,20573
99293,11458
82515,16385
97600,19213
103737,12967
102387,15392
80404,32227
105785,45747
76379,20926
100569,14453
101553,10125
105803,8782
89151,8735
102960,7260
103094,8300
92146,10987
97802,10862
102939,10836
101492,10607
84207,10279
86995,13649
90024,22520
87536,8930
103571,8010
87529,11056
96756,20403
92326,18294
97609,6470
75984,16899
80733,33927
77150,11276
102496,7585
86666,16670
78836,11504
82444,9657
104414,24169
98585,7907
85191,7506
88013,10085
78962,21097
101510,15186
103438,11586
99474,11076
87180,16890
82983,23562
87503,9440
90410,21504
98416,8752
104117,11032
84900,7197
88565,19252
93797,18040
108131,44645
78848,16822
88151,13035
85081,11191
78163,9600
106580,12933
104638,10230
103696,11592
99589,7209
79699,13814
95129,26500
102173,13404
92811,23442
84986,7961
84162,16136
77340,24870
79685,30633
81423,24660
93745,19913
101399,10069
91611,23643
76973,11361
83734,22550
79526,20227
80087,6468
102186,14078
77640,27988
105138,15739
79146,30397
91713,13057
104230,24520
101896,5953
107587,30380
76461,31801
95587,30125
96185,11439
103181,10126
107643,25740
88948,9536
97565,25585
83821,11433
103781,7306
81677,54112
107975,18538
84106,10040
93060,45037
81078,30280
106748,19390
79264,57605
84098,10224
87838,22993
102957,13278
89353,10880
85492,11435
107957,27960
89938,13633
90260,8296
89571,12232
106963,10497
97266,11061
80413,15179
86028,10822
93343,26978
105232,8042
107755,9928
107326,12920
107571,9562
100062,9687
91477,27061
104598,8675
98614,8921
104034,27829
98446,9032
103023,6055
91550,22627
81211,17783
90619,10967
91525,35991
104422,21168
93555,22563
88346,10379
102067,6470
107051,19856
89642,16943
83492,15006
99169,14228
85964,8854
85179,12108
100677,3257
85529,11820
86198,12918
99532,6534
80443,32032
93248,21691
86958,13252
77942,26179
88568,16521
81730,56304
98884,8712
82267,17278
88088,11387
89578,21864
83568,30146
85083,8276
79222,17193
82543,10702
82611,2564
99708,18729
97699,6440
91371,26246
101757,5954
104417,11505
99830,9574
88477,16855
104614,14660
76098,28985
92143,17320
81343,28156
77212,26218
78262,50773
95097,26998
84440,9963
96942,19303
101584,9772
77202,8019
85173,19453
82953,16276
81151,22996
104377,16140
86697,1226
96650,12478
77031,18820
82235,41085
91333,14863
103393,12409
76254,16817
101592,12928
101865,9588
90819,14395
76941,10603
91974,15926
102930,12811
96310,20382
77912,23040
108119,13465
93631,16167
76592,19205
94282,33792
77715,23980
93747,18706
94560,32188
90108,16187
102128,7462
85820,15725
79541,12839
102901,13214
102761,10037
91536,20632
82089,13632
108489,8827
98409,7695
79151,13436
95549,18549
85472,7118
82072,22965
99386,12727
92932,28323
86525,18593
99013,8386
99472,5679
89967,8808
106604,25121
91608,13907
82249,26855
85445,17892
106905,21014
89122,15711
87056,15622
98254,6966
81697,28693
102542,12049
86804,11410
92626,49311
76602,52027
87943,12258
95438,19503
95823,17463
82403,76492
79347,22013
99419,13781
88561,9070
104572,5731
108507,24282
97900,7323
89733,13962
86211,6920
96713,15997
107123,15716
78086,18743
100576,14039
102589,16498
104477,29264
103487,14555
79189,12359
89098,16237
79787,30270
84294,19059
79128,17504
90269,8477
78251,22857
80572,10476
75986,47560
77619,31961
105025,14956
93882,25301
78338,23029
80621,23979
103601,4179
88170,16223
102889,12806
76347,22729
106080,6161
98834,20461
76498,31651
85104,8423
87534,10564
89883,5293
88738,3559
99252,20103
102696,10944
95948,22376
105438,28021
103463,10561
100261,9390
95315,21849
104172,21521
76502,35270
91569,27563
96071,12416
105936,16732
97089,16614
85434,16088
88446,10728
93751,28500
105399,13872
88174,33102
88555,6779
102346,12829
87144,10556
101990,10016
102931,9932
108317,12861
87976,8244
97988,10522
101822,10764
82536,14897
80676,31242
91255,10309
94069,16519
91894,25178
108147,13001
76928,23565
82648,13655
79426,11638
101936,12960
107567,21134
88776,10860
91113,28986
84568,18546
78044,25365
76929,39572
102526,6027
92515,10805
90009,7830
82978,8006
104437,16010
101451,13059
76325,32679
89491,7621
98435,13779
92282,16736
82209,14840
88705,14303
104679,8577
84919,7647
89998,18025
103520,5062
106857,10522
108499,13163
78893,42725
100860,10735
91684,12114
80617,14049
76634,35105
92055,25943
83030,2314
86154,7184
96022,20316
100336,17332
92663,14016
102884,10596
80763,22814
78329,10688
87867,14174
104353,27149
94284,15071
107996,20326
95784,21999
101298,16979
95995,18934
102718,6587
93623,27730
89585,16739
77533,22318
107550,14442
87760,15853
86299,3624
83152,11442
91322,33705
91286,7586
89231,16230
80082,8734
105518,9602
100224,12036
97261,11385
99651,27544
76487,10622
76867,26391
84574,12002
92378,41281
103934,10695
108445,8832
76872,21685
76180,47147
106906,9494
76431,19793
102603,10084
78403,15024
100799,7346
104755,14932
89602,25412
101656,7293
79362,15309
102262,14098
79884,16682
97740,27067
101264,7510
76525,11374
101988,15732
102819,20382
95501,20395
82890,12972
94413,18415
77898,28014
92991,23199
82055,9868
100865,12708
107388,13129
94252,22882
105973,7853
100976,16010
106212,25681
76078,8363
79014,16869
104787,10322
92342,24353
86334,9421
94066,10773
76062,9909
99371,14291
91498,18940
86406,18120
95531,33254
93274,9500
100190,15755
90424,20573
99089,11991
94306,13952
88209,7841
90029,8824
103397,8125
82341,28435
92358,27909
100389,11201
104886,23630
98404,10013
85100,16646
84878,18936
78693,30941
91992,57620
105754,8562
89594,16645
84756,5039
91795,67182
108235,11160
95474,24095
103485,8847
107700,9536
86613,13126
85741,8519
89372,10545
79735,27474
76186,14106
93135,29558
108107,7164
95853,30668
106625,24682
94400,16618
84893,13791
97777,22371
82127,27894
102116,15202
84330,19961
105251,22366
104115,9790
93746,16100
104982,18950
105988,9119
102562,2999
100822,11320
104409,25288
80140,15710
103317,9882
96145,9176
105732,26016
100943,11191
92940,13884
108400,2330
108512,12670
92473,49453
99001,9919
81082,23314
108460,13272
108169,11827
106864,19754
84685,19809
77736,30211
94232,27611
89520,2716
104514,18583
87509,12084
102802,9711
91042,29251
79197,32415
76499,15459
100082,10135
91224,24868
95303,13810
96830,13556
88064,14127
81628,9363
84857,8245
82032,21199
93316,23225
104993,20600
82315,19485
95990,53335
89970,11995
93407,18982
84755,14460
84684,16658
79353,38313
79649,53892
81749,27226
107002,6520
82546,18224
97536,15215
77580,31179
95967,19730
108150,6816
98992,8156
108536,9533
102358,6414
91856,25732
93148,26624
84957,14693
95413,13279
102404,11576
91495,18884
77953,22752
87398,8046
95955,17054
93290,15542
88128,9752
88830,18690
83397,11898
81599,32856
106055,7647
77655,17583
92106,28426
96536,13294
104575,14624
105513,8305
92308,17800
82419,12989
96473,13227
76961,31555
104060,39419
91056,20474
87618,16945
95253,31493
96135,10208
98015,7681
87695,11157
79066,14677
95512,37816
89234,17408
89971,10983
103750,11341
94180,31205
107947,20424
93455,74619
86369,16561
78817,19782
85051,7528
79315,63727
92395,27194
82513,13668
107728,7284
90261,12422
101064,13620
79329,20587
88998,11399
102002,8957
87718,10454
87774,20248
105214,12888
103055,9914
103543,14709
104548,6151
90387,9251
83786,16313
108102,13817
101455,9688
100577,16910
97483,10408
103056,11545
78401,11106
97400,10939
97703,12681
101311,8916
87912,10905
97168,8934
100833,14991
93043,26647
80772,20498
99794,5705
78326,9891
98710,9285
92351,19803
87356,6287
96926,33745
100570,8381
95109,21881
85050,7638
84046,20633
101466,15012
90832,17794
93397,29163
107778,13950
106710,23276
83464,7118
93622,15358
88744,17314
107378,20017
83032,10362
89480,32438
92634,25401
81057,9014
102633,21242
101794,9573
78355,12955
76544,55113
77408,12912
104451,32267
89254,17423
85412,17275
97709,9394
105230,24347
87691,10907
90722,9556
86679,13913
81418,27910
76980,17415
105319,13943
80516,15682
88960,8846
82982,10362
105004,23795
78037,38345
105901,20941
77109,14039
85855,11072
107355,31808
106193,10384
97700,22203
86150,9139
76267,34237
102096,15355
102561,13744
101137,12644
92050,72560
103878,9411
94760,22211
102678,10268
79971,24605
85739,16079
79714,20091
87673,17424
107304,19739
78692,30864
107274,9401
88686,6576
90843,13013
97507,7925
92343,48452
78781,13407
84990,20943
92913,35272
92079,43360
98507,8042
97152,21711
78442,30369
79711,12914
96643,9892
105000,7916
89454,5634
102265,15408
94961,28640
76335,17370
82897,10408
94061,26964
90661,7428
78112,29462
95596,17846
94740,36391
83287,4399
96668,13137
101834,17902
77285,33365
102545,14210
96287,19013
82156,72651
87276,11688
77564,19561
105991,7562
107570,20094
94519,31298
78369,41834
92674,9810
90532,21842
85489,7438
103660,9279
81206,15756
106764,26440
97425,12610
96393,23072
84960,10748
78993,35221
85876,14998
103936,11062
84201,6706
105098,28152
85078,15110
89886,14915
81268,36599
79945,15739
97727,8404
90636,7242
80106,9906
76947,13590
83264,15921
101532,6669
91558,30569
93311,15567
101967,7045
85725,5369
104684,22306
89747,13248
105165,17347
104814,16638
101904,9568
99238,11961
80989,25021
93575,13502
101536,10137
86847,8726
99847,9714
89212,6993
93997,20597
93647,28361
87846,10718
93737,22139
77906,25114
80648,30641
102925,7454
103709,12704
86195,13037
76865,11610
83260,16187
97233,24407
104618,23331
83879,7316
104804,8444
100551,10450
90524,20293
99669,19591
102658,8210
101398,6624
103286,10929
94823,32196
83630,11537
86079,7049
102145,7649
94270,40696
105688,27370
87335,17275
89805,14401
95093,26045
76699,17901
83187,18354
84218,6466
94153,16843
91849,15578
96202,13811
90172,14386
98759,9360
86718,7510
103349,10389
93293,48005
94622,36051
93181,20340
104870,11550
83247,8382
87566,10255
77362,21055
79537,19260
85049,14720
81402,16935
108341,14543
92193,24667
100184,16526
106252,8979
98047,11903
105416,10595
90872,29993
100235,9952
91485,22169
90534,21896
77841,16362
105730,12410
84175,12906
103964,8648
105970,55414
99843,7519
102012,10766
76779,27104
80778,21109
106638,15261
88233,14684
102657,24058
107180,29098
108468,15592
86399,11233
85128,21528
99868,4779
100413,11681
91125,20233
80467,30177
78605,12368
90259,14323
106759,10529
101253,8745
100980,7438
83805,10607
96745,7393
90242,16058
76118,25854
98824,7982
78006,22167
100924,13939
77138,80863
87665,10549
78023,14966
96117,22191
86789,8333
88649,15889
96792,8128
79403,20802
100547,7375
106529,12519
83042,11231
80334,18325
86589,7935
101811,12576
94128,17131
95868,7023
76244,32106
88957,19056
108503,18075
84409,8850
104962,26936
105121,8133
94389,14360
105602,15358
88289,9470
108168,19424
84978,19610
108011,11135
79783,12245
89892,23933
91748,24620
105942,12237
106893,17434
85969,11277
105403,14216
80319,27870
103010,4189
76518,27234
95598,15085
101287,14847
84475,16924
87686,13875
91202,24138
85296,17241
89710,10121
108409,13614
104660,12140
91493,15293
103318,9215
83537,11035
93277,18725
91290,16081
107127,12281
87752,11090
82613,15177
104508,9240
100051,9598
84203,17004
88624,12670
99483,7076
96635,28096
78956,15720
105839,22561
92487,20537
89382,10602
100337,7177
78640,34757
99495,7054
95580,41189
85347,16674
100050,13668
97749,12135
76587,30453
95918,32829
93823,33757
80470,26278
95399,93709
101483,7878
94776,25775
97442,6006
79267,25944
82710,12549
77473,18790
105371,13033
84991,14184
93878,25672
107126,17346
90996,7744
87095,9874
80205,16684
100043,9862
84793,15988
80403,13216
88018,12409
92747,26845
104894,12668
108319,38221
99481,30894
98270,10873
88155,18520
84565,18396
80779,46653
105684,21981
106855,15045
103908,7896
100595,10754
89822,18760
100401,11180
101037,9281
96350,18332
104191,18182
87891,11699
97744,17357
105757,22440
98966,12588
91869,9348
81292,16647
108284,23597
83092,10314
78394,21482
97961,12602
77723,36879
87317,8401
95065,37933
88227,9876
108087,8962
76311,10670
100764,8388
87828,11425
77314,15282
107860,12430
100339,6045
106165,6111
104443,12030
79613,31818
92686,24797
97493,17433
78977,33970
82933,14641
80063,24018
92287,20212
103664,11702
102185,16325
94679,16205
99024,8550
99366,8997
96554,9339
95906,24903
85623,13413
84336,17806
96560,14779
107448,7542
104118,18173
88391,8258
100327,13982
89323,6601
106925,23247
98542,8948
93996,21823
85103,11275
76033,24236
77213,20638
98117,21701
81109,34620
78316,23350
91021,27495
78093,12208
77497,13389
83590,13009
76126,21383
90509,1829
76454,22440
82095,33029
88625,14476
100031,7956
99458,8047
88085,10736
91823,19057
77735,26852
91799,6982
91480,8707
84915,13818
83688,10679
102334,8662
97765,10725
99836,14128
98569,18504
105050,23359
80826,15181
78684,12102
99123,8640
96507,11675
104742,22462
93690,18261
107606,14345
87019,18603
100735,9435
101685,7503
82792,11983
100036,8217
102607,7506
97772,15978
96207,16689
100697,7943
96481,21934
89054,15893
97847,22298
87528,10404
97145,5853
95223,47341
104325,13494
93743,16442
81914,6650
79040,25499
107030,16404
106244,28232
79602,25675
107684,7237
105346,23157
100000,15628
79001,10213
78942,25659
87637,11010
102257,9535
103502,8141
84619,5994
91129,22882
98493,13975
107108,30058
101158,6836
80236,17864
105375,12308
93002,29692
91619,19808
83965,14616
94431,43468
104601,9234
92698,30896
84014,9229
91961,28054
77595,49688
88848,19849
106046,13950
99498,9404
98153,6905
83157,9091
107475,12229
100589,13385
81448,15167
102638,6701
104473,26219
102724,5528
99338,8925
92431,10987
84969,10298
108426,1401
103206,15893
87345,8476
102625,15708
84606,13374
99166,7897
94408,21651
94898,20601
93658,32506
98234,15117
99725,11620
103979,13467
77277,21247
84401,11202
80006,29803
78572,15769
88781,11446
78546,15864
103829,19420
79159,54552
104502,10999
95125,25468
80804,15989
96580,25409
92059,17814
100530,18732
78079,26911
95036,15074
91490,19018
103310,15346
88853,14824
105948,9062
93744,19475
108518,47682
107733,21122
106813,9761
98343,14180
83056,7636
105721,22151
89165,7349
106402,12263
77252,49001
89194,7580
76777,15299
90569,14100
93912,9130
96848,5033
87355,7071
80539,34558
105351,14400
108019,6353
91331,16790
80814,11610
95951,22608
98392,9330
99209,19539
86085,9494
84678,7715
96534,13666
93665,28332
89832,11673
85079,10146
79425,10855
96052,4880
96599,9705
103705,17744
78171,30933
92005,21076
101323,13846
80398,17642
82123,16785
90262,6340
93300,15886
76795,17347
91043,24989
97362,14033
98969,7943
104826,13198
84329,6416
97976,11937
96904,5237
88148,12676
94895,12649
91122,29897
108145,14315
85476,15806
97564,13975
107770,41899
106947,23366
89548,14671
79027,16671
96032,20020
100133,9601
83191,9017
82695,12758
79273,50286
95667,16601
99578,17045
84492,11359
92353,15430
106435,15710
86655,15525
106651,12579
90268,8264
98311,12378
86971,7856
88573,13150
93189,18174
87244,12788
108207,7041
95819,47001
105846,27993
102372,7593
83616,10532
92411,24897
90395,12729
104613,15867
95808,26564
98662,12373
86066,12551
77454,14818
80846,17542
89060,7337
91975,14315
84011,10749
88315,12937
95692,28799
98373,8343
97283,24045
101495,7763
81770,15160
87458,15655
102710,15164
81205,30424
97440,12873
82618,7135
104838,7531
103606,13575
91507,55258
81463,14220
76741,38470
94422,21017
99543,8850
104044,19314
83284,9946
100834,15323
108440,10255
96881,7352
103925,10184
102881,13551
78690,22618
78052,25024
103938,11975
101271,9211
76924,20319
100415,11435
78455,22308
102811,6242
85154,14260
103761,6719
77732,17333
85957,15771
96779,20619
99061,11916
106028,21513
85889,21780
97539,8344
100890,14926
96058,15391
80216,18188
93045,21006
95789,15569
89368,10698
80917,20087
93323,27469
103669,14954
81561,17318
92214,28565
86368,13630
95070,19382
80730,15079
105647,18047
104707,27010
80353,19489
98677,27357
89445,9340
98332,8149
95929,13895
88970,17648
81272,15877
77963,17413
88285,18724
88924,11965
93562,29860
89463,5869
105407,14239
80944,35937
108099,26177
89199,6636
82756,15351
79573,13065
98847,10639
100966,8207
108500,25275
103830,11717
84043,9870
84550,11292
83946,8635
86287,10607
77598,17171
92893,17617
106936,15960
101123,9845
83943,10158
89197,12907
80185,54157
82429,16393
95864,23734
100750,16576
85497,6163
99469,15933
87667,7637
78681,48753
106579,15554
97388,8552
82487,11277
80635,20891
96378,8962
77827,29495
79045,33507
95229,19505
95387,16525
101754,7068
90728,8272
77618,28305
79390,38620
79449,17397
107826,21566
87026,12679
77765,18899
89691,15085
91087,14513
79770,28455
79341,33635
87532,14251
104082,8660
83169,6956
107978,26786
97466,10711
98381,19087
87614,14617
84768,11823
103605,6040
107420,10263
76099,44775
81932,11487
96233,10779
103484,8849
89608,14742
91316,20504
80424,11893
83120,11098
95888,21451
103279,12185
76800,12588
102188,14425
100147,5939
107959,21449
93341,16802
87446,12844
103554,8103
83756,6270
86353,9571
107874,21924
78416,17008
100911,11763
86514,10609
92702,29975
76787,19976
98523,24207
88972,19150
87370,15612
107060,9766
108186,12782
90126,16287
103874,5929
88271,10201
81752,15395
78089,45718
102383,13022
76766,33863
86120,11138
82871,20527
78647,29448
92451,15942
91743,22408
96582,12055
79729,19143
78864,25577
94728,23407
90355,7726
103777,13982
96076,4910
79201,28984
106707,15669
83836,10247
82332,33432
106545,31380
107268,24326
105459,7437
99683,13535
98385,15440
103402,9212
89402,13158
87077,6940
94222,22753
89919,6666
80585,27947
102406,4773
95002,15132
78216,19560
81346,19870
78309,18847
93307,20245
87233,3589
77093,9775
86762,7059
94561,14867
76392,78341
76895,29146
85419,13739
101026,13864
102584,7341
81381,30148
81761,51929
98099,9908
91347,14809
100024,7620
97924,11960
100492,11244
93559,23326
103175,10948
98122,13673
84362,9340
77943,20472
87275,11914
79991,12909
102700,10611
79660,44792
105465,20563
94354,31123
96390,8024
88763,36554
87219,18869
77221,27114
78165,11243
95069,24207
85157,12714
94547,13148
80643,14667
97499,8507
81957,25428
82538,11140
83777,22308
87927,14321
82916,18011
104146,12471
105260,10634
85483,14369
102412,15623
86508,7981
102998,11728
94493,37425
93422,19394
90033,10214
92957,20053
96584,13934
103170,12467
83550,17326
76050,12645
99903,10166
95255,36520
106697,25989
91497,30239
97177,8558
101863,10500
99298,7315
106496,3561
98770,25491
101801,11381
85037,13342
104399,18134
83980,3765
97825,17539
81924,22974
104192,9726
87130,8266
79364,14749
81388,11424
94917,17999
102119,10118
84135,11679
94992,25078
81229,19813
79503,19053
84540,14147
77881,7669
104978,2361
107373,15963
76208,14892
88192,18482
107010,48252
93961,47136
83957,19665
85283,7658
104226,6626
79463,13932
102587,13124
90204,3044
103507,11930
94351,30090
95181,13780
107410,20537
86541,17819
106281,21485
77315,11025
84485,8489
77592,11037
104262,26576
81260,24599
94417,54572
83014,13781
78192,20422
85838,10421
98395,23126
92617,20339
107538,8992
102588,10797
88950,11745
101450,8887
96101,12915
90567,13057
94383,30658
82961,3895
96591,7743
77890,21711
77801,16161
85738,7710
88580,21844
88914,8465
82206,19639
107485,13851
105203,24241
82256,77470
80181,34433
88792,8764
92581,19105
101272,20205
102359,9738
85306,10104
106078,19033
82442,7909
106313,20191
107617,11231
89719,18631
91358,18679
89676,33041
86927,15405
76819,26261
96646,8638
81533,42025
89207,12870
90282,6902
94908,25551
89890,9119
103477,13680
76090,20223
84810,6050
98323,12794
100552,12003
104719,10473
90016,15404
84632,7274
99846,7601
92362,23884
81315,12880
85084,18180
86760,10430
80297,17373
93420,23842
78563,20708
100791,12044
89019,7037
101709,9087
103419,7289
96092,15981
89891,6579
86562,12623
95874,24676
99343,12096
87586,7815
103112,9333
82740,10241
81595,34435
77578,7267
94090,18827
102873,8885
103258,13025
107497,7835
101861,9065
103997,24153
79785,16174
90250,6578
93233,32345
86527,12411
86140,6142
104063,8971
77734,20838
91652,19387
97758,9644
95096,16365
106186,9824
107960,21467
78445,22909
91886,22799
82711,9387
99248,9627
91701,16734
88172,9678
83916,13571
88883,11955
90342,14493
102042,8008
96563,8079
82344,20105
102707,12992
101718,12144
102705,7728
92589,27842
84231,11926
83534,8146
85768,9001
82141,10754
87448,12986
79569,6321
82261,10699
80605,13606
91120,9572
92482,20189
99998,10722
82202,21253
105899,15521
93653,17199
94333,14477
107717,13102
107655,9189
86240,15783
88745,15518
81723,35620
84125,13332
89476,15037
79059,38148
77879,13131
82855,12424
108513,31988
83646,6967
95702,33501
84145,10548
107629,24997
81843,10147
98863,9479
95154,26523
93275,30741
94003,21013
81095,16988
81099,10292
105527,12507
89596,9556
91007,23737
80594,15482
82782,10815
92721,19072
91718,23785
87452,12614
78098,8910
84123,9129
104672,13262
105118,10647
84690,13444
88986,10477
76028,24084
92995,17321
76275,32610
103315,5577
98168,18504
93633,15016
90151,6786
105269,28659
102604,2325
89541,7762
105694,30959
80405,29646
96001,15618
96500,8120
95235,17393
88367,21369
98850,13994
105724,21786
86451,11612
86426,12603
81213,41589
98547,18161
86461,6489
99294,23212
99597,11361
92255,10146
90097,21738
102302,12228
105746,10052
86133,24859
94950,54890
103666,7705
94750,19974
92880,24826
82349,18152
107337,18602
82954,6782
89689,19853
99034,12313
79873,13464
107966,21951
88864,13495
97942,25918
97481,9123
100313,9258
99927,5968
87287,8927
99134,22834
104705,16238
86134,20805
93028,25329
80161,21063
76639,23231
79239,21503
94244,19680
103815,8651
84445,15947
85884,8928
103496,10665
88620,17659
101448,6966
100044,7752
98388,14928
87610,9940
82063,24380
82211,39408
91156,14486
83323,8224
100187,9100
93117,24321
82227,33503
94263,14190
88207,9210
87988,16704
104687,19826
79791,47798
82242,21555
80273,13577
81542,27300
90361,14180
83914,18608
103142,10464
80137,32455
103580,14768
98328,9025
95936,33867
95189,26666
97806,21810
95829,10799
98684,21373
92494,20441
83016,20902
80865,17793
94537,19951
86293,12118
100087,5983
95534,17345
80827,28729
80610,13433
97472,5971
85523,7157
100005,7472
96618,32338
104893,9844
93688,37247
86182,13309
105091,21672
103031,10344
99359,7699
101907,16860
82914,13063
83990,15571
98598,19954
85494,9192
82922,10107
82854,11198
89024,19303
91754,28104
102699,3964
96887,15252
102671,11687
80646,22355
88146,12315
82969,16663
77225,17256
87443,6890
91227,14099
95731,16860
95171,20444
97076,17365
98901,10206
86013,8535
80831,21936
100258,9441
103586,15929
84553,14544
84400,13197
93434,42143
86149,7117
80336,23135
104511,20449
93127,20107
86330,10797
105082,11947
101222,14159
92606,20797
90462,10612
102123,13254
83212,11103
90403,14497
79392,25644
102630,15717
85988,8597
107908,20758
80949,17417
80517,13150
97922,12990
100296,8953
93073,20840
97137,7831
88311,9176
78021,15349
81970,21082
98957,6928
99602,19886
91417,14213
89429,13663
96535,17074
80782,57540
86889,19046
79609,20945
99497,11229
99547,25141
93817,3531
91079,33334
81962,13515
85833,8294
103305,8312
94357,17610
88736,9133
105162,17432
91131,22610
84148,7236
76377,20134
76357,26576
84675,15980
83239,31117
86317,8002
93990,27749
96357,8858
89745,21551
97141,20253
82911,18176
82943,7376
96282,4576
105885,20836
80131,40906
99806,21092
105497,24484
106447,21740
107746,19120
89523,13079
84388,13288
78166,31333
103685,8306
105018,9390
102373,3769
76988,21230
81097,22354
105521,23703
99775,12531
99766,9597
101346,7770
95228,3068
75982,25638
107142,6221
86109,14057
94195,18898
80777,35625
92612,27010
99383,9525
81686,20454
88650,10075
95681,14484
100071,9566
77554,34382
103505,4050
93281,19688
107444,17776
78752,22398
103057,13151
100248,12533
98489,11173
89189,16219
81293,15160
83285,9556
99459,14069
90810,7123
82015,15362
96132,17686
80808,65358
104685,16734
80937,19193
103328,9318
76512,19395
83456,13705
95102,37550
79692,23324
107807,3893
99176,12052
89632,10315
85310,17542
105676,16104
96825,5919
76640,10511
99932,16694
103568,13331
100906,10941
97420,14210
86996,16172
86948,11057
77326,25274
89296,13558
83087,7969
100477,9688
84635,10518
95060,30444
79303,27500
84026,8794
87802,10967
85561,9192
95941,15378
107662,21286
105811,8747
81618,15237
95733,26476
93613,14464
82163,4331
91734,26899
87677,1985
89816,6952
106327,9210
101799,10093
106344,8948
97705,26048
86976,19193
104847,19795
103833,6288
103482,9517
96532,13850
105817,11776
80883,15864
77825,52441
98673,9351
107364,7166
88945,6517
108307,16591
78078,30345
92490,43302
89401,11460
81002,18309
93285,21328
76796,29922
99933,3032
103989,8687
77504,17639
77187,14847
76477,10852
104834,11592
90656,19207
86161,9630
82503,18606
95429,23101
86123,21915
85549,9714
101443,9813
89089,10848
101004,9532
98976,11522
106328,42009
101630,4452
79682,13854
107885,24807
97206,6436
80721,29501
96625,24902
87687,14775
91458,25376
104683,11254
104151,9726
108346,31565
101262,9634
96543,15415
102763,8188
81274,12495
95280,10988
82561,13647
77783,15821
95843,31460
99776,6080
79114,33130
102376,13320
101704,12666
77297,20011
80285,38527
83467,5906
101059,10091
102229,11925
84664,13891
107750,20200
102405,9986
85553,9386
89780,32631
104268,9895
102935,6921
97898,12024
103785,5299
98529,21343
93897,10972
101766,11140
95038,15306
108350,17577
103542,10050
106061,41530
82286,20956
93548,32594
89937,10303
97650,18613
77515,31974
87466,15405
87489,14231
83029,6989
78512,46880
93310,22256
99598,10234
91341,16240
82704,8811
80819,4822
82774,10838
100367,7234
80303,14829
84897,10591
81307,35556
99687,9102
85321,13974
80702,12595
103843,8489
98898,6676
87147,11527
97662,8628
97518,13190
100217,4814
94513,27910
77035,12976
103165,7604
77140,12871
103771,13191
95993,21865
83624,16010
97945,9231
87103,6403
107640,13006
99549,10868
80464,17392
99623,12821
103689,14876
97337,10793
84308,17946
81459,23685
104126,31245
97303,31107
95139,17901
93074,37830
102368,9795
78475,10805
80333,26191
80144,11928
100439,7575
108154,19319
107137,33325
92752,23189
89896,10574
90485,37203
83159,11772
76671,16611
96849,13324
93722,35042
107787,7607
90164,14474
84760,15179
90370,9503
88117,9170
89557,10599
98274,2438
97325,9513
78887,27773
90525,18334
86491,24499
81617,11627
96123,8324
79413,14310
88016,13150
104681,23311
83330,8107
99163,6636
102236,7917
78116,16995
81077,21347
81046,32528
93928,24741
96436,9392
93479,16836
92021,33604
95143,18428
90500,13061
78940,16884
94861,16526
81961,14792
87630,9012
101224,14259
103357,7164
99521,18663
103897,16029
76701,10146
83560,9735
83516,18661
76385,15188
87311,18089
102065,7949
81718,21199
100025,14093
93182,28435
79240,21472
96331,14325
84781,12023
100663,3188
76390,22187
87234,9899
85790,18635
91278,21356
92254,22028
99105,6294
101324,12000
104734,10001
103445,16920
103323,9118
78055,23017
101302,13035
103095,9602
88134,7063
79346,13164
81699,16451
96464,23215
86609,10644
96737,23812
100080,13306
93423,22678
79886,28664
89452,10373
81509,15391
83975,18877
81360,7796
98089,9094
104047,28374
78711,18250
81025,24646
79973,18168
102117,16099
78400,48180
87911,11434
82806,16211
102480,10482
94044,17169
76824,7894
104095,16772
98660,11170
101444,10692
92320,52813
105141,14899
106950,10656
81851,29586
100884,10914
95196,18311
103636,3355
80584,16850
92337,17211
85513,7776
85180,14073
103365,11425
85796,16220
78462,30258
87895,10801
99262,11384
83363,10153
103800,13300
78822,9325
107816,25443
90042,11475
99022,12420
81854,26826
102619,13780
80425,16290
102306,14636
99778,13881
105957,21672
102184,11658
105195,9820
98841,9898
78452,35216
98974,11741
86430,13166
87124,8443
105872,20667
108077,15746
103608,9911
89218,11374
106418,19944
94498,11562
89269,16012
87283,9945
97545,11332
85408,15951
104594,8849
103905,9385
95101,22852
83226,11143
89257,15285
79479,11452
77652,20443
96606,9332
95504,3192
84103,10367
102843,8661
99361,8714
91098,18197
92937,13943
85635,11506
105348,12125
96427,21151
89473,17165
79316,20567
89157,18635
92217,14232
99761,16785
88748,12441
96029,24490
92916,32755
81210,15903
83778,21245
89380,11562
103398,1593
92869,25902
105278,21433
77054,18575
94021,22123
85177,11254
77904,22527
99917,15164
77123,26504
95195,19745
81922,33892
84281,18493
101289,14526
108200,24832
90235,11204
81150,32246
104224,15495
90071,12245
93187,26620
84284,11883
97109,7851
102231,10203
108093,8966
108443,39194
92992,13833
80438,66729
104913,11286
82772,9647
83960,13092
83052,15803
82939,7590
91175,25298
80115,25905
99384,8580
101540,10771
76849,35953
97226,12733
97672,23506
97579,8631
92361,26622
91952,41820
79024,16895
98048,14871
95481,20527
90572,8467
91301,19828
103209,10054
78464,13148
91311,28932
105722,19377
96211,11274
105482,8193
80750,55323
85880,16711
106997,20632
99866,22430
107262,12616
98814,2854
98650,6213
93505,15077
103810,14741
92931,51149
96126,8718
104285,6639
96503,14396
76826,19648
102531,9719
86939,14044
98276,9556
89094,7493
89376,8097
101715,7811
98971,8297
98359,12631
101520,9713
86866,10498
80468,18621
84146,10450
82628,10695
88012,17131
78341,15032
104664,9362
80753,26920
88296,13949
100349,10613
95307,23606
97982,15111
99328,19969
84689,6708
86620,8519
105565,12231
94198,43098
81959,7757
92894,38966
95163,19184
81774,16265
97953,7185
83179,12847
83316,8939
88506,15349
83533,9770
84069,10933
103724,8245
76757,16953
88222,13890
77382,18392
86702,16302
92511,14922
100163,13438
78982,22247
94043,15840
87066,10078
79987,30059
83428,18302
88886,19035
79836,16730
95090,21324
77868,23918
81415,17519
76542,25295
99066,10019
98211,13041
77789,12437
102614,9859
100676,10038
95751,16339
95684,21095
108508,16429
82075,15832
78948,15752
93337,20537
86465,17429
76163,27270
101688,9628
97445,18556
76672,30822
108153,26665
92963,25107
88441,12199
76274,14819
107189,8461
79393,10505
94684,35055
77033,5656
106413,19414
90407,22811
86730,11053
79417,15640
93426,31182
86689,6218
94562,21451
101792,17526
99696,11354
84181,20496
83652,19768
87285,8333
105860,5216
80615,27975
100040,6891
88919,12279
84980,11822
83969,15393
103616,6149
105097,13625
81573,25931
85124,15772
82995,15668
106976,9768
97250,17553
91609,16353
92582,29549
106719,13088
95711,22525
81868,27593
86650,9994
84727,7631
79409,11167
90538,15914
90346,7008
94050,45420
82866,9456
93402,14753
95803,60717
88730,18240
84023,16652
85119,15706
80528,27937
103284,8496
87269,8572
80708,14786
96853,19151
77191,20976
89419,14940
106060,10845
98372,3582
102076,9416
79960,28199
97268,13759
101849,15408
96850,20805
99301,7062
81672,21179
100709,13169
104616,9398
89965,8480
93313,11582
104340,12972
103783,10571
78842,30770
87942,10937
96790,6469
97330,11019
90180,10092
78934,30978
90145,24420
78173,20224
92455,25146
81565,22096
78530,27820
103732,14918
91559,27971
100802,10956
104472,29083
96556,9446
85610,9491
81512,36983
94005,26387
88847,10620
105272,18468
88156,6943
102245,12056
103740,8454
98554,2140
82268,11928
80472,12744
77127,23387
94612,11488
91124,32352
85847,15474
95527,25333
83373,16108
86221,16497
83131,16173
104639,19697
108323,43556
95465,17756
96905,18078
104272,16577
90562,17202
81396,30784
107589,15521
78022,16164
89141,25071
87808,12122
92344,15500
85181,15487
101172,5250
107038,13795
108214,47052
90048,8646
92619,22507
106279,13038
103918,12449
96418,29720
97891,12084
90459,8192
90230,17805
82589,15740
84093,7056
84128,17674
77775,20776
80709,14770
87084,16268
78358,27429
99051,7097
81732,12816
94316,38417
95333,26300
84653,8049
94200,22632
77707,26006
78884,9409
87384,13711
84311,11257
106179,5991
77959,48944
101918,11894
82519,13884
90216,5772
99455,9067
78784,31567
93016,19806
102343,7197
91681,27757
94868,15418
87562,7258
96639,18141
85312,19475
103821,6515
101157,14873
98644,7938
91060,21469
87747,12141
77903,22611
99482,19009
76170,17430
83750,17579
95288,11493
83977,19460
78300,22930
80362,7705
101315,12867
88661,5873
96575,27338
87420,16222
76175,9796
95867,25567
80904,34597
106939,14545
97892,10238
102282,16187
81764,18747
103326,12180
94064,24421
97529,21378
97606,6645
89922,20280
104023,12856
98885,7974
83365,12272
81828,39103
100521,11008
76827,8648
89850,8785
90528,13263
80710,26592
104646,12964
102709,10793
93055,19253
103701,18824
103548,8260
96053,8412
77609,30416
99637,12665
99911,14651
87622,13460
95938,16024
93648,17185
105208,19823
82558,25098
89781,19964
94210,46454
97589,25477
96120,14606
79277,27232
93852,26417
106276,13939
104292,21981
103994,12902
83967,14599
77971,21025
76636,27048
105328,12376
89518,8449
107941,12282
79721,22502
96770,9602
105293,8722
81503,41970
97932,11805
101258,9572
83499,7845
85447,11701
98221,9611
105617,24927
103224,7468
82749,4948
104578,17396
77279,31013
106045,24760
106053,10158
99749,14191
102786,14797
87467,11120
97949,9575
91680,26029
86203,17718
102078,6762
94020,22707
97807,12795
86146,11965
92130,26386
108463,13763
79600,25046
89904,10319
105696,12476
105440,11518
78666,24561
87225,7866
92285,31338
85762,7834
107249,7279
86894,8182
86790,21312
98272,13606
95514,15940
103863,12742
85887,10649
92171,18952
105828,19798
99025,6303
77032,7350
96993,17924
95599,14151
77651,38600
99249,6538
82347,28948
83547,14722
90793,8159
94114,2800
98376,15354
88356,12159
97473,9203
84728,15211
99765,9231
95147,26330
93220,25324
91907,29116
100215,8690
93841,29114
99392,10274
100078,10451
98334,39324
97491,10222
76179,13245
96845,18851
99295,13335
101419,5914
88658,15070
82883,19522
76475,10859
99742,19294
93385,29984
96197,7672
103239,13429
89746,15158
84083,17228
90921,37373
81029,39948
85735,15297
100511,7130
86938,10082
106540,12298
95088,19867
106791,24497
101353,5688
90012,7379
87810,9825
78427,25214
105147,22385
99572,19019
95461,36677
91238,24919
89040,20909
106508,14771
84365,9006
98635,13978
95456,26763
82157,21771
107710,10506
102827,8949
79534,24314
81865,26810
88639,10875
106981,29711
105063,8873
89959,10916
76364,20808
82709,11241
97975,7968
81231,27057
91395,21989
102044,10432
78668,14947
78000,19735
105797,19584
97820,19244
78541,17858
83979,25114
92189,24399
92421,31303
104433,15225
94419,23652
81249,56734
83181,14349
101041,4095
84544,7207
82304,24569
97216,24631
106909,25928
88158,6048
97244,28464
85241,18391
93235,25798
84502,17794
100273,9496
99220,7775
100249,7489
98796,11518
100226,9339
76989,57405
101824,13847
104347,17347
83602,11780
105100,31783
87507,8753
105460,21293
106962,16651
76968,18491
102530,11289
80270,28953
76134,13146
81648,19358
82846,10671
107094,29526
88963,11241
85665,16008
83962,10612
96200,13584
89390,7565
86778,7918
87626,14242
76994,14800
95430,14405
99912,9492
79916,33752
77558,35012
102504,3611
79125,17996
90514,16041
84199,12630
88179,12521
93132,27947
103105,15961
91760,27891
102027,15626
99456,10278
97843,8888
98592,23508
101912,9277
99398,8466
78585,17789
99870,11993
86989,17120
86206,9136
84406,9165
86226,5034
86528,12946
84765,14389
86600,9741
97750,31892
90475,8519
103437,7679
106713,17133
84811,16431
79863,35010
79529,16989
87367,10626
93885,25826
107524,12441
77240,25406
100091,11313
77872,19535
97015,26277
78978,19659
95091,20789
107650,17486
76162,32075
102355,13558
101524,10395
78720,28976
108192,30253
94404,16312
100206,11702
94915,30680
101631,7245
84639,12029
108277,22040
103453,10151
105392,20611
82369,10311
104666,9525
95742,28663
96912,12504
93541,26652
82393,18359
81024,12220
81284,20287
78406,20564
99306,7930
108130,7671
106160,19600
102940,15335
76742,21089
108025,13646
77658,24421
84295,11176
91996,14367
103468,11032
87336,11087
103993,24565
90396,7773
97935,9509
80399,34747
105883,10724
92823,24343
82238,20090
98091,18563
87257,11646
87937,9684
97548,15612
105775,17303
81363,35532
76833,34055
91768,21207
99627,11091
